"GEO_ID","NAME","B09010_001E","B09010_001M","B09010_002E","B09010_002M","B09010_003E","B09010_003M","B09010_004E","B09010_004M","B09010_005E","B09010_005M","B09010_006E","B09010_006M","B09010_007E","B09010_007M","B09010_008E","B09010_008M","B09010_009E","B09010_009M","B09010_010E","B09010_010M","B09010_011E","B09010_011M","B09010_012E","B09010_012M","B09010_013E","B09010_013M",
"Geography","Geographic Area Name","Estimate!!Total:","Margin of Error!!Total:","Estimate!!Total:!!Living in household with Supplemental Security Income (SSI), cash public assistance income, or Food Stamps/SNAP in the past 12 months:","Margin of Error!!Total:!!Living in household with Supplemental Security Income (SSI), cash public assistance income, or Food Stamps/SNAP in the past 12 months:","Estimate!!Total:!!Living in household with Supplemental Security Income (SSI), cash public assistance income, or Food Stamps/SNAP in the past 12 months:!!In family households:","Margin of Error!!Total:!!Living in household with Supplemental Security Income (SSI), cash public assistance income, or Food Stamps/SNAP in the past 12 months:!!In family households:","Estimate!!Total:!!Living in household with Supplemental Security Income (SSI), cash public assistance income, or Food Stamps/SNAP in the past 12 months:!!In family households:!!In married-couple family","Margin of Error!!Total:!!Living in household with Supplemental Security Income (SSI), cash public assistance income, or Food Stamps/SNAP in the past 12 months:!!In family households:!!In married-couple family","Estimate!!Total:!!Living in household with Supplemental Security Income (SSI), cash public assistance income, or Food Stamps/SNAP in the past 12 months:!!In family households:!!In male householder, no spouse present, family","Margin of Error!!Total:!!Living in household with Supplemental Security Income (SSI), cash public assistance income, or Food Stamps/SNAP in the past 12 months:!!In family households:!!In male householder, no spouse present, family","Estimate!!Total:!!Living in household with Supplemental Security Income (SSI), cash public assistance income, or Food Stamps/SNAP in the past 12 months:!!In family households:!!In female householder, no spouse present, family","Margin of Error!!Total:!!Living in household with Supplemental Security Income (SSI), cash public assistance income, or Food Stamps/SNAP in the past 12 months:!!In family households:!!In female householder, no spouse present, family","Estimate!!Total:!!Living in household with Supplemental Security Income (SSI), cash public assistance income, or Food Stamps/SNAP in the past 12 months:!!In nonfamily households","Margin of Error!!Total:!!Living in household with Supplemental Security Income (SSI), cash public assistance income, or Food Stamps/SNAP in the past 12 months:!!In nonfamily households","Estimate!!Total:!!Living in household with no Supplemental Security Income (SSI), cash public assistance income, or Food Stamps/SNAP in the past 12 months:","Margin of Error!!Total:!!Living in household with no Supplemental Security Income (SSI), cash public assistance income, or Food Stamps/SNAP in the past 12 months:","Estimate!!Total:!!Living in household with no Supplemental Security Income (SSI), cash public assistance income, or Food Stamps/SNAP in the past 12 months:!!In family households:","Margin of Error!!Total:!!Living in household with no Supplemental Security Income (SSI), cash public assistance income, or Food Stamps/SNAP in the past 12 months:!!In family households:","Estimate!!Total:!!Living in household with no Supplemental Security Income (SSI), cash public assistance income, or Food Stamps/SNAP in the past 12 months:!!In family households:!!In married-couple family","Margin of Error!!Total:!!Living in household with no Supplemental Security Income (SSI), cash public assistance income, or Food Stamps/SNAP in the past 12 months:!!In family households:!!In married-couple family","Estimate!!Total:!!Living in household with no Supplemental Security Income (SSI), cash public assistance income, or Food Stamps/SNAP in the past 12 months:!!In family households:!!In male householder, no spouse present, family","Margin of Error!!Total:!!Living in household with no Supplemental Security Income (SSI), cash public assistance income, or Food Stamps/SNAP in the past 12 months:!!In family households:!!In male householder, no spouse present, family","Estimate!!Total:!!Living in household with no Supplemental Security Income (SSI), cash public assistance income, or Food Stamps/SNAP in the past 12 months:!!In family households:!!In female householder, no spouse present, family","Margin of Error!!Total:!!Living in household with no Supplemental Security Income (SSI), cash public assistance income, or Food Stamps/SNAP in the past 12 months:!!In family households:!!In female householder, no spouse present, family","Estimate!!Total:!!Living in household with no Supplemental Security Income (SSI), cash public assistance income, or Food Stamps/SNAP in the past 12 months:!!In nonfamily households","Margin of Error!!Total:!!Living in household with no Supplemental Security Income (SSI), cash public assistance income, or Food Stamps/SNAP in the past 12 months:!!In nonfamily households",
"860Z200US30002","ZCTA5 30002","857","149","62","77","62","77","12","23","50","73","0","20","0","20","795","158","734","145","655","141","46","45","33","42","61","66",
"860Z200US30004","ZCTA5 30004","19102","1415","1212","673","1212","673","508","416","10","16","694","529","0","34","17890","1257","17832","1267","15880","1205","592","296","1360","546","58","74",
"860Z200US30005","ZCTA5 30005","10828","1310","1154","1057","1154","1057","1137","1057","17","25","0","30","0","30","9674","919","9666","920","8404","870","223","137","1039","356","8","13",
"860Z200US30008","ZCTA5 30008","9201","1355","1671","564","1671","564","707","405","95","101","869","440","0","30","7530","1355","7530","1355","3696","838","1251","765","2583","824","0","30",
"860Z200US30009","ZCTA5 30009","4683","1154","485","317","485","317","62","69","0","27","423","313","0","27","4198","1157","4198","1157","3557","1166","304","261","337","218","0","27",
"860Z200US30011","ZCTA5 30011","6060","775","1088","384","1088","384","752","356","40","53","296","187","0","27","4972","752","4947","756","3761","730","409","202","777","309","25","31",
"860Z200US30012","ZCTA5 30012","8499","873","1506","524","1506","524","412","309","0","30","1094","446","0","30","6993","980","6977","983","3712","779","357","191","2908","827","16","31",
"860Z200US30013","ZCTA5 30013","7196","1258","2017","724","1973","735","484","390","72","119","1417","535","44","67","5179","1111","5179","1111","2875","590","413","358","1891","879","0","27",
"860Z200US30014","ZCTA5 30014","10297","1054","2895","647","2895","647","1194","544","135","192","1566","564","0","30","7402","1174","7292","1169","4979","919","527","362","1786","776","110","143",
"860Z200US30016","ZCTA5 30016","16637","1404","6179","1296","6154","1287","2854","782","345","308","2955","1056","25","36","10458","1220","10363","1214","6901","1215","934","433","2528","833","95","112",
"860Z200US30017","ZCTA5 30017","7337","1092","1521","806","1521","806","1337","859","19","32","165","139","0","27","5816","761","5816","761","5015","855","416","383","385","205","0","27",
"860Z200US30018","ZCTA5 30018","27","37","27","37","27","37","23","36","0","14","4","6","0","14","0","14","0","14","0","14","0","14","0","14","0","14",
"860Z200US30019","ZCTA5 30019","15131","1231","1868","592","1855","595","1456","526","41","52","358","216","13","21","13263","1269","13233","1268","11238","1219","448","220","1547","641","30","48",
"860Z200US30021","ZCTA5 30021","11230","2087","6808","2023","6808","2023","3805","934","218","130","2785","1939","0","27","4422","969","4368","972","3278","909","347","249","743","335","54","75",
"860Z200US30022","ZCTA5 30022","15575","1181","1442","591","1391","597","601","383","213","192","577","439","51","56","14133","1098","14127","1097","11867","1070","563","274","1697","534","6","13",
"860Z200US30024","ZCTA5 30024","23053","1361","1569","440","1569","440","960","264","245","190","364","266","0","34","21484","1384","21484","1384","18713","1361","922","449","1849","533","0","34",
"860Z200US30025","ZCTA5 30025","2577","498","429","214","429","214","147","134","87","110","195","148","0","23","2148","498","2148","498","2000","494","59","90","89","85","0","23",
"860Z200US30028","ZCTA5 30028","11344","1382","505","277","505","277","348","272","108","114","49","66","0","30","10839","1422","10728","1410","9197","1231","660","511","871","345","111","105",
"860Z200US30030","ZCTA5 30030","8061","687","523","308","523","308","157","139","61","93","305","247","0","30","7538","657","7524","659","6799","652","167","109","558","166","14","22",
"860Z200US30032","ZCTA5 30032","6916","1110","2898","754","2898","754","514","232","133","109","2251","717","0","30","4018","801","4018","801","2051","586","553","402","1414","457","0","30",
"860Z200US30033","ZCTA5 30033","5848","789","545","346","545","346","194","168","0","30","351","294","0","30","5303","777","5290","778","4560","814","86","68","644","240","13","22",
"860Z200US30034","ZCTA5 30034","8481","1306","3749","910","3749","910","886","487","469","338","2394","736","0","30","4732","980","4694","983","2556","766","618","356","1520","515","38","45",
"860Z200US30035","ZCTA5 30035","5388","1538","3212","1361","3212","1361","428","310","123","146","2661","1288","0","27","2176","806","2176","806","1091","624","75","92","1010","548","0","27",
"860Z200US30038","ZCTA5 30038","10675","1283","3643","1276","3643","1276","1417","971","226","202","2000","864","0","30","7032","1044","6945","1053","3395","800","752","342","2798","820","87","56",
"860Z200US30039","ZCTA5 30039","13715","1470","4063","1235","4063","1235","1871","894","208","159","1984","831","0","34","9652","1144","9560","1137","4941","802","1197","965","3422","852","92","92",
"860Z200US30040","ZCTA5 30040","20760","1144","818","320","818","320","417","254","14","20","387","235","0","34","19942","1130","19810","1132","17169","1078","928","384","1713","435","132","110",
"860Z200US30041","ZCTA5 30041","20082","1162","891","294","891","294","675","258","24","37","192","153","0","34","19191","1126","19075","1111","17044","1087","721","268","1310","414","116","108",
"860Z200US30043","ZCTA5 30043","20696","1331","3979","751","3979","751","2029","461","28","32","1922","658","0","34","16717","1376","16655","1355","13211","1332","746","310","2698","671","62","68",
"860Z200US30044","ZCTA5 30044","28526","2791","7451","2728","7451","2728","4872","2733","700","384","1879","639","0","34","21075","1652","21002","1643","15401","1680","1815","488","3786","788","73","115",
"860Z200US30045","ZCTA5 30045","11497","1385","2551","1121","2551","1121","1129","461","686","928","736","374","0","30","8946","980","8946","980","6900","992","312","191","1734","663","0","30",
"860Z200US30046","ZCTA5 30046","11054","1295","3722","1098","3722","1098","1282","533","477","362","1963","836","0","30","7332","1208","7325","1205","5068","1175","740","437","1517","582","7","13",
"860Z200US30047","ZCTA5 30047","19728","1874","4104","1501","4086","1500","3165","1601","136","114","785","424","18","27","15624","2141","15342","2089","11426","1308","2443","1542","1473","402","282","319",
"860Z200US30052","ZCTA5 30052","20971","1619","4319","1691","4319","1691","2945","1631","341","277","1033","359","0","34","16652","1558","16554","1581","13174","1456","682","332","2698","680","98","91",
"860Z200US30054","ZCTA5 30054","1523","466","408","218","408","218","357","212","0","23","51","49","0","23","1115","375","1014","335","878","327","5","8","131","119","101","136",
"860Z200US30055","ZCTA5 30055","807","265","120","112","120","112","66","106","5","9","49","54","0","14","687","267","675","268","669","266","5","8","1","3","12","18",
"860Z200US30056","ZCTA5 30056","596","213","63","66","63","66","54","59","0","14","9","20","0","14","533","200","533","200","456","197","44","45","33","28","0","14",
"860Z200US30058","ZCTA5 30058","14465","1893","7079","1815","7079","1815","3606","1557","113","109","3360","818","0","34","7386","1051","7293","1052","3751","671","426","228","3116","970","93","152",
"860Z200US30060","ZCTA5 30060","9923","1223","3268","994","3158","978","844","487","229","266","2085","786","110","181","6655","1067","6655","1067","3587","849","771","398","2297","690","0","30",
"860Z200US30062","ZCTA5 30062","14685","1023","1173","336","1128","330","528","294","0","34","600","241","45","74","13512","1040","13365","1028","11577","1045","496","230","1292","356","147","124",
"860Z200US30064","ZCTA5 30064","12847","1196","945","303","945","303","497","250","40","36","408","197","0","34","11902","1217","11864","1219","10089","1208","691","288","1084","374","38","60",
"860Z200US30066","ZCTA5 30066","13900","1334","1053","386","1053","386","522","191","214","278","317","221","0","34","12847","1284","12833","1284","10342","1179","903","465","1588","460","14","23",
"860Z200US30067","ZCTA5 30067","10849","887","753","364","753","364","327","195","27","51","399","277","0","30","10096","936","10075","934","6820","781","921","486","2334","615","21","36",
"860Z200US30068","ZCTA5 30068","8200","700","471","265","471","265","378","228","0","30","93","85","0","30","7729","625","7716","628","6691","639","194","152","831","238","13","16",
"860Z200US30070","ZCTA5 30070","0","14","0","14","0","14","0","14","0","14","0","14","0","14","0","14","0","14","0","14","0","14","0","14","0","14",
"860Z200US30071","ZCTA5 30071","6664","1186","2295","1188","2295","1188","419","207","94","83","1782","1176","0","27","4369","550","4325","547","3223","511","555","296","547","280","44","45",
"860Z200US30072","ZCTA5 30072","142","106","72","94","72","94","3","5","0","14","69","93","0","14","70","49","55","50","41","45","0","14","14","18","15","26",
"860Z200US30075","ZCTA5 30075","13437","826","721","265","703","262","224","192","101","135","378","220","18","27","12716","863","12681","859","11426","864","545","285","710","234","35","41",
"860Z200US30076","ZCTA5 30076","12040","1671","1383","728","1155","672","328","245","59","58","768","629","228","334","10657","1662","10657","1662","8270","1633","303","158","2084","627","0","30",
"860Z200US30078","ZCTA5 30078","9787","984","1856","422","1765","402","1226","372","149","113","390","220","91","119","7931","1110","7931","1110","6586","935","239","152","1106","418","0","30",
"860Z200US30079","ZCTA5 30079","1756","809","931","856","931","856","827","835","0","14","104","141","0","14","825","331","825","331","781","341","0","14","44","56","0","14",
"860Z200US30080","ZCTA5 30080","10437","1192","2160","968","2160","968","911","810","417","534","832","414","0","34","8277","1097","8265","1097","5439","766","876","394","1950","786","12","20",
"860Z200US30082","ZCTA5 30082","6344","689","712","365","712","365","182","152","25","40","505","335","0","27","5632","633","5396","639","3949","597","373","272","1074","454","236","185",
"860Z200US30083","ZCTA5 30083","15274","1630","8291","1433","8096","1428","2633","830","893","400","4570","1330","195","194","6983","1108","6951","1107","3869","754","526","298","2556","789","32","67",
"860Z200US30084","ZCTA5 30084","7094","813","1135","436","1135","436","285","192","8","15","842","388","0","30","5959","761","5941","760","4361","614","594","325","986","379","18","30",
"860Z200US30087","ZCTA5 30087","7482","869","2174","626","2174","626","1268","618","55","63","851","347","0","30","5308","760","5308","760","4027","696","378","161","903","389","0","30",
"860Z200US30088","ZCTA5 30088","6195","1134","2597","822","2597","822","863","397","23","35","1711","773","0","27","3598","868","3586","868","2445","737","95","110","1046","470","12","19",
"860Z200US30090","ZCTA5 30090","0","14","0","14","0","14","0","14","0","14","0","14","0","14","0","14","0","14","0","14","0","14","0","14","0","14",
"860Z200US30092","ZCTA5 30092","7334","813","779","312","779","312","85","82","111","96","583","316","0","30","6555","772","6547","773","4966","710","354","190","1227","467","8","13",
"860Z200US30093","ZCTA5 30093","11661","1329","3328","887","3328","887","918","397","471","277","1939","756","0","30","8333","948","8315","949","4640","801","756","392","2919","651","18","30",
"860Z200US30094","ZCTA5 30094","7769","897","1588","573","1588","573","760","413","214","206","614","326","0","30","6181","901","6181","901","4249","831","516","306","1416","471","0","30",
"860Z200US30096","ZCTA5 30096","16333","1666","2521","656","2521","656","1247","473","142","146","1132","474","0","34","13812","1663","13789","1664","9591","1581","1126","557","3072","683","23","26",
"860Z200US30097","ZCTA5 30097","10521","1082","448","221","448","221","373","222","3","15","72","67","0","30","10073","1061","10056","1057","8202","1040","525","365","1329","537","17","20",
"860Z200US30101","ZCTA5 30101","16137","1655","2248","995","2248","995","1666","968","221","209","361","220","0","34","13889","1552","13868","1549","12098","1540","337","233","1433","459","21","25",
"860Z200US30102","ZCTA5 30102","9838","995","1574","614","1574","614","733","290","41","50","800","524","0","30","8264","874","8264","874","6903","886","549","272","812","288","0","30",
"860Z200US30103","ZCTA5 30103","3277","509","248","143","248","143","186","129","35","46","27","32","0","23","3029","507","3029","507","2635","473","87","103","307","163","0","23",
"860Z200US30104","ZCTA5 30104","1412","324","632","227","632","227","166","131","157","153","309","202","0","20","780","309","780","309","602","278","72","86","106","72","0","20",
"860Z200US30105","ZCTA5 30105","321","145","85","102","85","102","0","14","0","14","85","102","0","14","236","129","236","129","198","120","0","14","38","34","0","14",
"860Z200US30106","ZCTA5 30106","4713","702","1746","670","1746","670","20","33","441","211","1285","607","0","27","2967","563","2967","563","2035","541","197","151","735","297","0","27",
"860Z200US30107","ZCTA5 30107","4391","589","370","246","352","254","317","255","6","10","29","28","18","27","4021","569","4021","569","3431","555","184","126","406","169","0","23",
"860Z200US30108","ZCTA5 30108","1181","323","180","112","178","112","14","24","0","20","164","110","2","3","1001","302","1001","302","798","278","49","47","154","197","0","20",
"860Z200US30110","ZCTA5 30110","3751","474","1047","440","1047","440","723","359","49","55","275","271","0","23","2704","446","2689","443","2437","431","80","84","172","146","15","24",
"860Z200US30111","ZCTA5 30111","0","14","0","14","0","14","0","14","0","14","0","14","0","14","0","14","0","14","0","14","0","14","0","14","0","14",
"860Z200US30113","ZCTA5 30113","1302","415","282","180","282","180","134","146","37","42","111","93","0","20","1020","343","1015","344","821","342","92","118","102","74","5","9",
"860Z200US30114","ZCTA5 30114","15906","1121","2643","1056","2630","1054","1471","669","0","34","1159","632","13","25","13263","1260","13263","1260","10397","1123","920","480","1946","608","0","34",
"860Z200US30115","ZCTA5 30115","12663","1284","1048","468","1048","468","586","396","0","34","462","338","0","34","11615","1200","11590","1189","10091","1183","469","263","1030","423","25","43",
"860Z200US30116","ZCTA5 30116","4486","720","1069","425","1069","425","241","163","131","157","697","390","0","27","3417","647","3417","647","2528","540","205","161","684","427","0","27",
"860Z200US30117","ZCTA5 30117","8989","812","3186","699","3186","699","1242","467","273","233","1671","513","0","30","5803","750","5691","747","3856","588","427","197","1408","473","112","104",
"860Z200US30118","ZCTA5 30118","0","14","0","14","0","14","0","14","0","14","0","14","0","14","0","14","0","14","0","14","0","14","0","14","0","14",
"860Z200US30120","ZCTA5 30120","11688","833","2735","588","2735","588","809","377","441","285","1485","456","0","30","8953","992","8953","992","7352","967","489","311","1112","417","0","30",
"860Z200US30121","ZCTA5 30121","5124","751","867","387","850","388","574","311","63","63","213","154","17","24","4257","698","4233","703","3254","709","386","234","593","357","24","39",
"860Z200US30122","ZCTA5 30122","6611","1249","1844","668","1844","668","621","466","635","518","588","261","0","27","4767","1107","4659","1117","2814","840","241","93","1604","785","108","134",
"860Z200US30124","ZCTA5 30124","351","159","43","41","43","41","7","14","0","14","36","37","0","14","308","153","308","153","249","143","27","42","32","34","0","14",
"860Z200US30125","ZCTA5 30125","6126","527","1909","379","1909","379","950","341","145","104","814","303","0","27","4217","570","4149","577","2906","622","309","240","934","291","68","70",
"860Z200US30126","ZCTA5 30126","8951","932","2240","935","2240","935","1233","586","28","60","979","847","0","30","6711","935","6696","931","4998","792","867","409","831","333","15","23",
"860Z200US30127","ZCTA5 30127","15762","1286","2648","779","2648","779","1289","509","181","159","1178","536","0","34","13114","1178","12973","1186","10008","1096","834","308","2131","602","141","114",
"860Z200US30132","ZCTA5 30132","13294","1124","2396","858","2396","858","1345","692","326","367","725","418","0","34","10898","1093","10898","1093","8917","1011","455","273","1526","504","0","34",
"860Z200US30134","ZCTA5 30134","12498","1277","3439","719","3439","719","1399","581","304","287","1736","613","0","30","9059","1277","9059","1277","5774","1137","504","286","2781","728","0","30",
"860Z200US30135","ZCTA5 30135","17004","1314","4891","869","4891","869","2325","698","289","185","2277","691","0","34","12113","1297","12102","1295","8464","1180","1043","412","2595","727","11","28",
"860Z200US30137","ZCTA5 30137","443","196","125","121","125","121","0","14","7","13","118","123","0","14","318","157","318","157","184","95","22","35","112","106","0","14",
"860Z200US30139","ZCTA5 30139","918","253","208","134","208","134","44","47","135","129","29","32","0","14","710","242","710","242","592","212","81","137","37","30","0","14",
"860Z200US30141","ZCTA5 30141","7205","1184","1508","596","1508","596","853","451","140","148","515","315","0","27","5697","968","5697","968","3501","650","381","278","1815","847","0","27",
"860Z200US30143","ZCTA5 30143","4748","380","714","307","714","307","353","214","104","114","257","173","0","27","4034","423","4027","424","3041","476","437","327","549","192","7","11",
"860Z200US30144","ZCTA5 30144","12369","1506","2394","1019","2382","1019","877","378","120","127","1385","1111","12","20","9975","1164","9948","1160","7642","1062","957","509","1349","382","27","30",
"860Z200US30145","ZCTA5 30145","2034","403","217","120","217","120","143","95","4","7","70","62","0","20","1817","376","1817","376","1381","341","109","116","327","180","0","20",
"860Z200US30147","ZCTA5 30147","1152","316","542","237","542","237","381","239","23","36","138","114","0","14","610","278","610","278","308","151","42","50","260","225","0","14",
"860Z200US30148","ZCTA5 30148","149","143","59","94","59","94","3","18","56","90","0","14","0","14","90","104","90","104","90","104","0","14","0","14","0","14",
"860Z200US30149","ZCTA5 30149","0","14","0","14","0","14","0","14","0","14","0","14","0","14","0","14","0","14","0","14","0","14","0","14","0","14",
"860Z200US30152","ZCTA5 30152","10400","1155","1823","676","1823","676","868","377","81","81","874","512","0","30","8577","1032","8557","1030","7237","1056","321","176","999","333","20","23",
"860Z200US30153","ZCTA5 30153","4614","706","1261","539","1261","539","743","437","26","39","492","300","0","23","3353","594","3152","645","2575","612","102","92","475","293","201","168",
"860Z200US30157","ZCTA5 30157","13814","1221","1877","559","1877","559","1117","423","69","86","691","424","0","34","11937","1173","11876","1169","9885","1173","676","308","1315","378","61","54",
"860Z200US30161","ZCTA5 30161","7774","702","3062","677","3042","673","1157","486","346","214","1539","531","20","28","4712","657","4712","657","3253","504","276","142","1183","407","0","30",
"860Z200US30165","ZCTA5 30165","10923","737","3450","906","3450","906","1148","618","127","102","2175","744","0","28","7473","881","7420","884","5887","851","428","210","1105","451","53","64",
"860Z200US30168","ZCTA5 30168","7069","949","1600","484","1600","484","574","265","84","90","942","392","0","27","5469","917","5469","917","2678","683","1096","740","1695","493","0","27",
"860Z200US30170","ZCTA5 30170","1084","310","276","211","276","211","232","205","2","4","42","53","0","14","808","250","780","243","552","207","15","16","213","144","28","38",
"860Z200US30171","ZCTA5 30171","773","235","180","75","165","73","90","63","53","49","22","25","15","24","593","235","584","233","490","209","0","14","94","102","9","15",
"860Z200US30173","ZCTA5 30173","1331","312","218","138","218","138","144","106","0","20","74","89","0","20","1113","271","1113","271","913","254","143","124","57","75","0","20",
"860Z200US30175","ZCTA5 30175","870","275","132","99","132","99","89","81","0","20","43","57","0","20","738","276","738","276","676","279","45","66","17","22","0","20",
"860Z200US30176","ZCTA5 30176","1560","326","695","268","695","268","418","195","65","77","212","161","0","20","865","300","865","300","691","260","29","37","145","123","0","20",
"860Z200US30177","ZCTA5 30177","117","129","117","129","117","129","50","76","0","14","67","107","0","14","0","14","0","14","0","14","0","14","0","14","0","14",
"860Z200US30178","ZCTA5 30178","789","201","93","92","93","92","87","92","2","4","4","7","0","14","696","214","696","214","660","215","30","39","6","11","0","14",
"860Z200US30179","ZCTA5 30179","5112","787","1282","510","1282","510","555","346","198","174","529","382","0","23","3830","639","3830","639","3202","623","203","137","425","216","0","23",
"860Z200US30180","ZCTA5 30180","12094","980","4157","890","4157","890","2359","881","296","256","1502","592","0","30","7937","1116","7937","1116","6307","976","441","240","1189","545","0","30",
"860Z200US30182","ZCTA5 30182","795","327","159","110","159","110","159","110","0","14","0","14","0","14","636","309","636","309","401","218","0","14","235","216","0","14",
"860Z200US30183","ZCTA5 30183","619","231","54","54","54","54","0","20","11","23","43","51","0","20","565","214","565","214","464","188","34","49","67","61","0","20",
"860Z200US30184","ZCTA5 30184","1624","576","318","195","318","195","216","163","96","94","6","27","0","20","1306","540","1306","540","1125","533","35","43","146","130","0","20",
"860Z200US30185","ZCTA5 30185","852","292","233","142","233","142","74","68","8","11","151","126","0","14","619","252","619","252","592","252","24","34","3","5","0","14",
"860Z200US30187","ZCTA5 30187","1877","448","381","262","373","260","295","246","18","31","60","63","8","15","1496","401","1496","401","1174","332","23","31","299","219","0","20",
"860Z200US30188","ZCTA5 30188","15589","998","833","286","833","286","310","163","7","14","516","237","0","34","14756","1038","14514","1052","11449","1082","1100","663","1965","520","242","232",
"860Z200US30189","ZCTA5 30189","8191","754","1044","534","1044","534","231","231","33","45","780","488","0","30","7147","752","7147","752","5132","619","787","357","1228","432","0","30",
"860Z200US30204","ZCTA5 30204","2560","342","928","331","928","331","270","161","0","23","658","264","0","23","1632","373","1632","373","1119","406","122","111","391","220","0","23",
"860Z200US30205","ZCTA5 30205","661","177","89","93","89","93","23","35","0","14","66","81","0","14","572","175","572","175","521","168","23","32","28","28","0","14",
"860Z200US30206","ZCTA5 30206","770","232","70","73","70","73","0","14","0","14","70","73","0","14","700","223","700","223","460","191","0","14","240","157","0","14",
"860Z200US30213","ZCTA5 30213","13979","2370","4415","2331","4415","2331","2447","2022","180","178","1788","776","0","34","9564","2418","9564","2418","5495","1673","313","321","3756","1434","0","34",
"860Z200US30214","ZCTA5 30214","6356","574","1787","545","1787","545","681","269","149","118","957","464","0","30","4569","657","4569","657","3152","652","563","307","854","298","0","30",
"860Z200US30215","ZCTA5 30215","9740","884","1009","453","1009","453","544","359","30","39","435","334","0","30","8731","840","8731","840","6973","669","777","593","981","391","0","30",
"860Z200US30216","ZCTA5 30216","382","201","64","78","64","78","17","23","0","14","47","73","0","14","318","191","318","191","228","178","0","14","90","84","0","14",
"860Z200US30217","ZCTA5 30217","1969","262","887","299","887","299","563","259","73","79","251","115","0","20","1082","278","1082","278","868","253","28","37","186","133","0","20",
"860Z200US30218","ZCTA5 30218","248","155","36","46","36","46","0","14","0","14","36","46","0","14","212","143","212","143","197","140","0","14","15","25","0","14",
"860Z200US30220","ZCTA5 30220","998","209","170","135","170","135","45","61","0","20","125","119","0","20","828","177","828","177","594","182","26","33","208","124","0","20",
"860Z200US30222","ZCTA5 30222","925","237","345","175","345","175","77","70","16","45","252","168","0","14","580","256","580","256","433","233","59","69","88","96","0","14",
"860Z200US30223","ZCTA5 30223","8642","650","4046","606","4046","606","1326","419","654","385","2066","470","0","30","4596","711","4578","708","1972","524","813","325","1793","459","18","31",
"860Z200US30224","ZCTA5 30224","6902","714","2146","533","2051","531","384","222","28","47","1639","522","95","141","4756","641","4756","641","3539","551","219","164","998","453","0","27",
"860Z200US30228","ZCTA5 30228","13610","1235","4500","1106","4468","1096","2004","760","241","270","2223","941","32","60","9110","1153","9093","1151","5347","1242","416","263","3330","849","17","22",
"860Z200US30229","ZCTA5 30229","0","14","0","14","0","14","0","14","0","14","0","14","0","14","0","14","0","14","0","14","0","14","0","14","0","14",
"860Z200US30230","ZCTA5 30230","1866","483","807","397","807","397","250","202","365","334","192","134","0","20","1059","354","1045","347","824","281","51","77","170","133","14","28",
"860Z200US30233","ZCTA5 30233","5482","497","1764","392","1764","392","621","326","10","19","1133","408","0","27","3718","575","3718","575","2514","522","471","361","733","338","0","27",
"860Z200US30234","ZCTA5 30234","353","167","64","80","64","80","16","21","4","8","44","78","0","14","289","150","289","150","212","138","2","3","75","87","0","14",
"860Z200US30236","ZCTA5 30236","12035","1357","4356","1106","4356","1106","1093","552","649","402","2614","915","0","34","7679","1086","7679","1086","4026","884","981","535","2672","755","0","34",
"860Z200US30238","ZCTA5 30238","12281","1683","4571","981","4571","981","1858","754","291","263","2422","889","0","30","7710","1550","7710","1550","3640","818","773","436","3297","1209","0","30",
"860Z200US30240","ZCTA5 30240","7461","873","2804","856","2742","859","469","298","212","183","2061","711","62","88","4657","714","4657","714","3165","623","348","243","1144","377","0","30",
"860Z200US30241","ZCTA5 30241","6471","865","3316","668","3283","672","1015","583","574","394","1694","520","33","48","3155","686","3133","685","2064","563","165","139","904","331","22","34",
"860Z200US30248","ZCTA5 30248","10621","1023","2035","583","2035","583","862","408","292","226","881","363","0","30","8586","1073","8586","1073","6623","1126","477","254","1486","652","0","30",
"860Z200US30250","ZCTA5 30250","0","14","0","14","0","14","0","14","0","14","0","14","0","14","0","14","0","14","0","14","0","14","0","14","0","14",
"860Z200US30251","ZCTA5 30251","296","154","85","84","85","84","4","8","81","83","0","14","0","14","211","127","211","127","150","109","24","36","37","47","0","14",
"860Z200US30252","ZCTA5 30252","12845","964","2698","715","2667","714","1592","594","235","197","840","409","31","37","10147","970","10135","972","7967","881","641","263","1527","509","12","19",
"860Z200US30253","ZCTA5 30253","16773","1475","6307","1146","6238","1143","2059","818","691","431","3488","793","69","110","10466","1288","10451","1288","6798","1033","432","292","3221","782","15","27",
"860Z200US30256","ZCTA5 30256","721","217","89","98","89","98","39","74","0","14","50","53","0","14","632","207","632","207","471","195","41","43","120","106","0","14",
"860Z200US30257","ZCTA5 30257","1133","348","283","221","283","221","225","202","58","88","0","14","0","14","850","285","850","285","553","250","16","96","281","180","0","14",
"860Z200US30258","ZCTA5 30258","593","216","223","132","147","114","47","59","0","14","100","99","76","68","370","176","370","176","310","169","20","32","40","39","0","14",
"860Z200US30259","ZCTA5 30259","915","261","172","191","172","191","115","184","32","23","25","35","0","14","743","193","743","193","542","186","5","8","196","136","0","14",
"860Z200US30260","ZCTA5 30260","8945","1442","4322","1431","4322","1431","339","191","91","105","3892","1432","0","27","4623","793","4623","793","2626","689","217","160","1780","608","0","27",
"860Z200US30263","ZCTA5 30263","13975","903","3065","873","3065","873","1191","420","348","237","1526","634","0","34","10910","924","10880","922","7676","875","786","334","2418","668","30","35",
"860Z200US30265","ZCTA5 30265","9648","937","1083","436","1032","438","645","361","10","19","377","250","51","79","8565","1024","8553","1021","6630","980","280","188","1643","604","12","23",
"860Z200US30268","ZCTA5 30268","2618","555","954","526","954","526","295","239","158","157","501","453","0","23","1664","506","1664","506","1420","486","8","25","236","193","0","23",
"860Z200US30269","ZCTA5 30269","9430","640","597","298","597","298","400","231","0","30","197","162","0","30","8833","704","8833","704","6991","711","282","199","1560","575","0","30",
"860Z200US30272","ZCTA5 30272","0","14","0","14","0","14","0","14","0","14","0","14","0","14","0","14","0","14","0","14","0","14","0","14","0","14",
"860Z200US30273","ZCTA5 30273","4609","1046","2233","906","2233","906","770","440","80","102","1383","788","0","23","2376","619","2376","619","1238","585","266","269","872","430","0","23",
"860Z200US30274","ZCTA5 30274","8424","1247","3487","970","3487","970","1200","546","166","153","2121","745","0","30","4937","944","4914","939","2371","773","314","205","2229","738","23","35",
"860Z200US30275","ZCTA5 30275","57","72","0","14","0","14","0","14","0","14","0","14","0","14","57","72","57","72","0","14","0","14","57","72","0","14",
"860Z200US30276","ZCTA5 30276","5271","667","733","261","684","254","406","193","112","146","166","121","49","80","4538","706","4483","709","3507","690","408","240","568","284","55","61",
"860Z200US30277","ZCTA5 30277","4480","594","228","158","228","158","146","137","12","20","70","74","0","27","4252","590","4252","590","3802","507","299","261","151","93","0","27",
"860Z200US30281","ZCTA5 30281","15981","1263","3953","862","3941","862","1755","552","364","376","1822","755","12","21","12028","1041","11990","1033","7660","942","468","265","3862","764","38","70",
"860Z200US30284","ZCTA5 30284","0","14","0","14","0","14","0","14","0","14","0","14","0","14","0","14","0","14","0","14","0","14","0","14","0","14",
"860Z200US30285","ZCTA5 30285","102","84","22","36","22","36","22","36","0","14","0","14","0","14","80","91","80","91","70","93","0","14","10","17","0","14",
"860Z200US30286","ZCTA5 30286","5863","187","2069","505","2049","508","369","204","569","308","1111","402","20","35","3794","482","3794","482","2520","472","437","350","837","266","0","27",
"860Z200US30288","ZCTA5 30288","1762","544","899","310","899","310","517","228","55","63","327","234","0","20","863","503","863","503","490","389","0","20","373","292","0","20",
"860Z200US30289","ZCTA5 30289","10","16","0","14","0","14","0","14","0","14","0","14","0","14","10","16","10","16","10","16","0","14","0","14","0","14",
"860Z200US30290","ZCTA5 30290","1966","253","169","173","169","173","113","146","0","20","56","89","0","20","1797","290","1797","290","1459","293","30","49","308","218","0","20",
"860Z200US30291","ZCTA5 30291","7088","830","2606","814","2606","814","391","257","262","357","1953","592","0","27","4482","873","4418","864","2405","693","613","461","1400","491","64","95",
"860Z200US30292","ZCTA5 30292","1353","342","180","108","180","108","38","50","56","69","86","90","0","20","1173","349","1173","349","1000","307","30","47","143","147","0","20",
"860Z200US30293","ZCTA5 30293","337","155","129","120","129","120","21","59","21","31","87","100","0","14","208","102","208","102","90","56","0","14","118","103","0","14",
"860Z200US30294","ZCTA5 30294","10286","1384","3782","1021","3718","1002","1357","586","120","145","2241","821","64","101","6504","1211","6504","1211","3328","818","430","262","2746","980","0","30",
"860Z200US30295","ZCTA5 30295","1272","320","282","160","282","160","104","101","16","22","162","144","0","20","990","255","910","267","635","204","119","144","156","96","80","110",
"860Z200US30296","ZCTA5 30296","6918","1276","2806","825","2747","811","699","383","299","318","1749","656","59","103","4112","1144","4100","1146","2416","642","209","178","1475","820","12","23",
"860Z200US30297","ZCTA5 30297","8735","1097","4003","1173","4003","1173","993","480","799","455","2211","1144","0","27","4732","998","4720","997","2592","713","449","367","1679","645","12","23",
"860Z200US30303","ZCTA5 30303","149","90","53","80","53","80","0","20","0","20","53","80","0","20","96","36","96","36","21","34","75","5","0","20","0","20",
"860Z200US30305","ZCTA5 30305","3999","783","64","52","64","52","21","32","10","17","33","37","0","27","3935","779","3911","780","3209","768","153","105","549","184","24","39",
"860Z200US30306","ZCTA5 30306","4199","557","157","107","157","107","86","75","0","27","71","79","0","27","4042","569","4042","569","3708","543","95","77","239","138","0","27",
"860Z200US30307","ZCTA5 30307","4095","431","483","237","483","237","241","203","0","27","242","147","0","27","3612","431","3551","416","2791","354","279","146","481","296","61","95",
"860Z200US30308","ZCTA5 30308","1565","462","359","264","359","264","0","27","0","27","359","264","0","27","1206","337","1186","343","795","296","42","51","349","244","20","32",
"860Z200US30309","ZCTA5 30309","2392","486","225","203","187","200","14","21","0","30","173","199","38","59","2167","455","2167","455","1813","428","92","78","262","169","0","30",
"860Z200US30310","ZCTA5 30310","4831","806","2653","729","2635","730","273","155","143","105","2219","755","18","29","2178","479","2178","479","1195","389","115","112","868","357","0","27",
"860Z200US30311","ZCTA5 30311","7075","1307","4540","1211","4537","1212","968","732","338","316","3231","994","3","5","2535","819","2535","819","909","448","348","257","1278","623","0","30",
"860Z200US30312","ZCTA5 30312","3886","803","1717","733","1658","750","25","18","365","500","1268","510","59","95","2169","497","2169","497","1485","318","335","299","349","278","0","27",
"860Z200US30313","ZCTA5 30313","536","258","218","204","218","204","0","23","0","23","218","204","0","23","318","187","318","187","85","75","82","88","151","165","0","23",
"860Z200US30314","ZCTA5 30314","4472","704","2550","617","2505","608","214","177","63","101","2228","618","45","67","1922","538","1922","538","803","403","256","163","863","378","0","27",
"860Z200US30315","ZCTA5 30315","7569","1280","4519","1326","4519","1326","824","868","300","349","3395","929","0","30","3050","553","2991","547","1494","416","383","207","1114","357","59","84",
"860Z200US30316","ZCTA5 30316","6081","994","1817","811","1792","808","350","220","0","30","1442","797","25","40","4264","763","4196","763","2651","610","523","324","1022","402","68","86",
"860Z200US30317","ZCTA5 30317","3533","762","615","507","602","506","50","70","97","123","455","495","13","21","2918","471","2918","471","2499","460","81","87","338","205","0","23",
"860Z200US30318","ZCTA5 30318","9749","1037","3327","780","3327","780","186","187","147","219","2994","677","0","34","6422","840","6413","843","4560","551","176","106","1677","735","9","17",
"860Z200US30319","ZCTA5 30319","10063","1320","1985","1149","1985","1149","347","376","175","192","1463","1136","0","30","8078","757","8078","757","6669","573","233","129","1176","534","0","30",
"860Z200US30322","ZCTA5 30322","0","14","0","14","0","14","0","14","0","14","0","14","0","14","0","14","0","14","0","14","0","14","0","14","0","14",
"860Z200US30324","ZCTA5 30324","4105","1402","315","292","315","292","53","66","59","70","203","275","0","27","3790","1361","3790","1361","3029","1297","187","166","574","583","0","27",
"860Z200US30326","ZCTA5 30326","550","275","0","20","0","20","0","20","0","20","0","20","0","20","550","275","550","275","383","243","12","18","155","154","0","20",
"860Z200US30327","ZCTA5 30327","5334","528","46","57","46","57","33","54","0","27","13","19","0","27","5288","525","5288","525","4615","509","214","134","459","317","0","27",
"860Z200US30328","ZCTA5 30328","7775","925","535","366","535","366","74","51","116","99","345","371","0","30","7240","884","7240","884","5517","764","258","167","1465","532","0","30",
"860Z200US30329","ZCTA5 30329","5444","876","790","396","790","396","418","337","54","58","318","189","0","27","4654","782","4495","769","3462","708","504","256","529","246","159","217",
"860Z200US30331","ZCTA5 30331","16526","2144","7227","2018","7227","2018","985","439","194","218","6048","1905","0","34","9299","911","9299","911","4581","686","870","439","3848","888","0","34",
"860Z200US30332","ZCTA5 30332","0","14","0","14","0","14","0","14","0","14","0","14","0","14","0","14","0","14","0","14","0","14","0","14","0","14",
"860Z200US30334","ZCTA5 30334","0","14","0","14","0","14","0","14","0","14","0","14","0","14","0","14","0","14","0","14","0","14","0","14","0","14",
"860Z200US30336","ZCTA5 30336","17","30","0","14","0","14","0","14","0","14","0","14","0","14","17","30","17","30","0","14","0","14","17","30","0","14",
"860Z200US30337","ZCTA5 30337","1996","491","747","474","747","474","234","341","13","23","500","301","0","23","1249","460","1216","456","660","384","51","69","505","273","33","51",
"860Z200US30338","ZCTA5 30338","9604","829","586","309","586","309","274","179","22","24","290","265","0","30","9018","761","8988","763","8118","711","331","212","539","174","30","33",
"860Z200US30339","ZCTA5 30339","3408","717","696","484","696","484","418","461","9","16","269","137","0","30","2712","599","2700","601","1867","491","119","100","714","337","12","18",
"860Z200US30340","ZCTA5 30340","7788","984","2536","671","2536","671","1279","396","460","269","797","470","0","30","5252","951","5182","951","3154","740","319","163","1709","658","70","47",
"860Z200US30341","ZCTA5 30341","8851","1027","1963","848","1963","848","913","651","396","289","654","542","0","30","6888","906","6888","906","5213","707","386","282","1289","567","0","30",
"860Z200US30342","ZCTA5 30342","6640","747","1198","393","1198","393","324","278","0","30","874","437","0","30","5442","669","5406","670","4626","619","102","74","678","297","36","55",
"860Z200US30344","ZCTA5 30344","8850","1203","3942","1184","3942","1184","838","605","435","372","2669","1083","0","30","4908","833","4869","825","1748","467","641","317","2480","727","39","55",
"860Z200US30345","ZCTA5 30345","5507","914","720","615","720","615","504","582","0","27","216","173","0","27","4787","893","4787","893","3517","698","456","458","814","398","0","27",
"860Z200US30346","ZCTA5 30346","489","314","189","270","189","270","0","14","0","14","189","270","0","14","300","177","300","177","157","149","0","14","143","148","0","14",
"860Z200US30349","ZCTA5 30349","20540","2160","9280","1618","9268","1618","2754","879","333","263","6181","1538","12","22","11260","1451","11157","1462","5858","1075","1124","461","4175","1110","103","127",
"860Z200US30350","ZCTA5 30350","5815","897","885","347","885","347","476","226","0","30","409","261","0","30","4930","878","4868","865","3634","805","214","159","1020","377","62","91",
"860Z200US30354","ZCTA5 30354","4277","1203","2118","936","2118","936","245","140","270","323","1603","889","0","23","2159","716","2159","716","793","336","97","96","1269","719","0","23",
"860Z200US30360","ZCTA5 30360","4310","806","835","411","835","411","227","237","263","281","345","245","0","23","3475","772","3434","769","2530","706","435","434","469","252","41","69",
"860Z200US30363","ZCTA5 30363","77","99","0","14","0","14","0","14","0","14","0","14","0","14","77","99","77","99","77","99","0","14","0","14","0","14",
"860Z200US30401","ZCTA5 30401","3729","268","2153","394","2153","394","991","380","49","52","1113","291","0","23","1576","319","1576","319","992","265","120","85","464","210","0","23",
"860Z200US30410","ZCTA5 30410","345","128","24","27","24","27","24","27","0","14","0","14","0","14","321","126","321","126","310","126","0","14","11","18","0","14",
"860Z200US30411","ZCTA5 30411","546","182","341","197","341","197","0","14","23","40","318","203","0","14","205","157","205","157","29","56","0","14","176","149","0","14",
"860Z200US30412","ZCTA5 30412","2","3","0","14","0","14","0","14","0","14","0","14","0","14","2","3","2","3","2","3","0","14","0","14","0","14",
"860Z200US30413","ZCTA5 30413","90","81","17","24","17","24","0","14","0","14","17","24","0","14","73","70","73","70","33","36","0","14","40","58","0","14",
"860Z200US30414","ZCTA5 30414","0","14","0","14","0","14","0","14","0","14","0","14","0","14","0","14","0","14","0","14","0","14","0","14","0","14",
"860Z200US30415","ZCTA5 30415","1570","344","602","275","536","267","165","157","8","13","363","238","66","82","968","303","968","303","860","242","35","55","73","139","0","20",
"860Z200US30417","ZCTA5 30417","2780","106","933","228","916","227","452","188","9","15","455","163","17","24","1847","247","1847","247","1032","220","474","260","341","187","0","23",
"860Z200US30420","ZCTA5 30420","472","208","248","166","248","166","53","68","0","14","195","144","0","14","224","108","224","108","174","110","2","4","48","36","0","14",
"860Z200US30421","ZCTA5 30421","801","241","386","193","386","193","330","200","14","25","42","52","0","14","415","189","415","189","305","158","68","86","42","43","0","14",
"860Z200US30423","ZCTA5 30423","2","3","0","14","0","14","0","14","0","14","0","14","0","14","2","3","2","3","0","14","0","14","2","3","0","14",
"860Z200US30425","ZCTA5 30425","319","155","50","52","50","52","7","22","12","22","31","40","0","14","269","145","269","145","263","146","0","14","6","12","0","14",
"860Z200US30426","ZCTA5 30426","166","143","39","44","39","44","0","14","0","14","39","44","0","14","127","132","127","132","127","132","0","14","0","14","0","14",
"860Z200US30427","ZCTA5 30427","2556","401","1007","339","1007","339","407","194","10","14","590","296","0","23","1549","362","1549","362","1227","344","94","93","228","129","0","23",
"860Z200US30428","ZCTA5 30428","625","205","141","115","141","115","5","9","41","68","95","89","0","14","484","161","458","166","402","164","0","14","56","72","26","40",
"860Z200US30429","ZCTA5 30429","38","23","0","14","0","14","0","14","0","14","0","14","0","14","38","23","38","23","38","23","0","14","0","14","0","14",
"860Z200US30434","ZCTA5 30434","1034","306","546","224","546","224","182","130","34","61","330","183","0","14","488","187","488","187","255","145","103","101","130","97","0","14",
"860Z200US30436","ZCTA5 30436","3275","425","1898","316","1898","316","1044","279","181","125","673","268","0","23","1377","350","1363","350","1177","339","0","23","186","118","14","23",
"860Z200US30439","ZCTA5 30439","2477","245","1198","366","1198","366","637","232","315","254","246","191","0","23","1279","383","1279","383","1107","361","12","23","160","144","0","23",
"860Z200US30441","ZCTA5 30441","484","242","113","62","113","62","76","55","1","4","36","29","0","14","371","237","371","237","260","171","0","14","111","143","0","14",
"860Z200US30442","ZCTA5 30442","1534","251","344","228","344","228","59","68","12","13","273","219","0","20","1190","278","1042","248","886","225","0","20","156","151","148","196",
"860Z200US30445","ZCTA5 30445","639","136","369","101","369","101","73","55","51","54","245","88","0","14","270","115","270","115","190","112","46","39","34","31","0","14",
"860Z200US30446","ZCTA5 30446","691","278","148","102","148","102","30","33","103","107","15","29","0","14","543","268","486","254","287","185","0","14","199","235","57","94",
"860Z200US30448","ZCTA5 30448","6","11","0","14","0","14","0","14","0","14","0","14","0","14","6","11","6","11","0","14","6","11","0","14","0","14",
"860Z200US30449","ZCTA5 30449","4","6","4","6","4","6","4","6","0","14","0","14","0","14","0","14","0","14","0","14","0","14","0","14","0","14",
"860Z200US30450","ZCTA5 30450","828","396","522","378","214","120","143","116","0","14","71","62","308","366","306","160","306","160","203","100","94","111","9","15","0","14",
"860Z200US30451","ZCTA5 30451","0","14","0","14","0","14","0","14","0","14","0","14","0","14","0","14","0","14","0","14","0","14","0","14","0","14",
"860Z200US30452","ZCTA5 30452","315","174","100","72","100","72","32","34","53","60","15","17","0","14","215","157","215","157","72","46","56","59","87","137","0","14",
"860Z200US30453","ZCTA5 30453","1706","357","667","314","667","314","388","246","72","95","207","131","0","20","1039","320","1039","320","757","301","48","39","234","147","0","20",
"860Z200US30454","ZCTA5 30454","153","172","124","158","124","158","93","149","0","14","31","51","0","14","29","53","29","53","29","53","0","14","0","14","0","14",
"860Z200US30455","ZCTA5 30455","138","75","56","44","56","44","40","40","0","14","16","36","0","14","82","60","82","60","73","58","0","14","9","15","0","14",
"860Z200US30456","ZCTA5 30456","346","150","121","102","121","102","64","73","0","14","57","69","0","14","225","134","225","134","219","133","6","9","0","14","0","14",
"860Z200US30457","ZCTA5 30457","1230","221","588","240","588","240","127","86","26","30","435","250","0","20","642","195","642","195","472","180","0","20","170","103","0","20",
"860Z200US30458","ZCTA5 30458","8969","679","3889","570","3746","572","646","339","639","392","2461","576","143","101","5080","737","5080","737","3696","760","533","316","851","383","0","30",
"860Z200US30460","ZCTA5 30460","0","14","0","14","0","14","0","14","0","14","0","14","0","14","0","14","0","14","0","14","0","14","0","14","0","14",
"860Z200US30461","ZCTA5 30461","3778","596","596","334","550","340","8","13","51","80","491","320","46","67","3182","605","3075","585","2029","412","460","391","586","374","107","123",
"860Z200US30464","ZCTA5 30464","93","126","7","13","7","13","0","14","7","13","0","14","0","14","86","130","86","130","0","14","0","14","86","130","0","14",
"860Z200US30467","ZCTA5 30467","2169","254","677","231","677","231","28","29","180","183","469","181","0","23","1492","234","1492","234","1040","189","87","74","365","137","0","23",
"860Z200US30470","ZCTA5 30470","63","54","15","30","15","30","15","30","0","14","0","14","0","14","48","45","48","45","48","45","0","14","0","14","0","14",
"860Z200US30471","ZCTA5 30471","883","276","395","195","395","195","73","65","166","162","156","87","0","14","488","193","488","193","291","151","61","46","136","97","0","14",
"860Z200US30473","ZCTA5 30473","441","147","142","77","142","77","51","48","12","20","79","62","0","14","299","123","299","123","232","112","20","28","47","48","0","14",
"860Z200US30474","ZCTA5 30474","4358","422","1239","453","1239","453","266","186","69","60","904","430","0","23","3119","449","3119","449","2793","445","73","88","253","134","0","23",
"860Z200US30477","ZCTA5 30477","489","147","231","131","231","131","26","31","0","14","205","132","0","14","258","130","258","130","157","115","45","45","56","54","0","14",
"860Z200US30501","ZCTA5 30501","7331","780","2536","616","2420","638","565","230","616","288","1239","494","116","170","4795","791","4795","791","3126","748","248","160","1421","431","0","30",
"860Z200US30504","ZCTA5 30504","7517","875","1693","493","1693","493","904","349","75","71","714","311","0","27","5824","904","5814","904","3288","747","734","380","1792","625","10","18",
"860Z200US30506","ZCTA5 30506","9640","923","1558","455","1541","455","897","356","44","49","600","281","17","31","8082","910","8070","908","6669","824","409","305","992","327","12","19",
"860Z200US30507","ZCTA5 30507","8711","847","2693","748","2611","739","1311","589","145","177","1155","607","82","120","6018","752","6018","752","4346","734","312","173","1360","503","0","30",
"860Z200US30510","ZCTA5 30510","1930","326","518","212","518","212","359","187","40","62","119","102","0","20","1412","267","1412","267","1154","266","84","65","174","127","0","20",
"860Z200US30511","ZCTA5 30511","654","285","88","62","82","61","82","61","0","14","0","14","6","11","566","281","566","281","423","262","7","13","136","91","0","14",
"860Z200US30512","ZCTA5 30512","3782","124","635","310","635","310","157","90","340","294","138","126","0","27","3147","325","3147","325","2884","364","15","24","248","137","0","27",
"860Z200US30513","ZCTA5 30513","1324","309","414","240","414","240","250","221","40","64","124","106","0","23","910","203","910","203","660","201","42","45","208","122","0","23",
"860Z200US30516","ZCTA5 30516","501","221","51","54","51","54","2","3","44","54","5","8","0","14","450","217","450","217","320","185","126","122","4","9","0","14",
"860Z200US30517","ZCTA5 30517","4279","584","865","411","865","411","645","400","0","23","220","148","0","23","3414","437","3362","445","2863","454","166","141","333","218","52","60",
"860Z200US30518","ZCTA5 30518","17108","1307","2188","786","2188","786","545","256","225","158","1418","730","0","34","14920","1210","14920","1210","11075","1001","1294","821","2551","728","0","34",
"860Z200US30519","ZCTA5 30519","16568","1654","2980","884","2980","884","1258","536","587","532","1135","426","0","34","13588","1554","13369","1535","10291","1277","270","254","2808","870","219","182",
"860Z200US30520","ZCTA5 30520","1332","479","218","178","218","178","26","30","0","14","192","176","0","14","1114","467","1114","467","859","449","60","64","195","163","0","14",
"860Z200US30521","ZCTA5 30521","1729","367","558","368","558","368","241","226","12","19","305","314","0","20","1171","387","1168","387","803","329","40","46","325","244","3","4",
"860Z200US30522","ZCTA5 30522","49","64","0","14","0","14","0","14","0","14","0","14","0","14","49","64","49","64","8","16","0","14","41","61","0","14",
"860Z200US30523","ZCTA5 30523","2708","399","778","287","778","287","432","218","192","143","154","110","0","23","1930","315","1930","315","1582","280","108","103","240","127","0","23",
"860Z200US30525","ZCTA5 30525","1269","220","313","138","313","138","149","92","99","97","65","61","0","20","956","202","933","198","585","161","44","44","304","151","23","65",
"860Z200US30527","ZCTA5 30527","805","219","152","148","152","148","148","148","4","6","0","14","0","14","653","157","653","157","644","157","7","9","2","4","0","14",
"860Z200US30528","ZCTA5 30528","5030","254","1160","444","1160","444","862","449","10","17","288","203","0","27","3870","457","3650","439","2860","472","142","122","648","223","220","204",
"860Z200US30529","ZCTA5 30529","3366","447","877","365","877","365","791","351","43","71","43","67","0","23","2489","548","2489","548","1932","540","355","289","202","198","0","23",
"860Z200US30530","ZCTA5 30530","1484","444","337","231","337","231","220","198","0","20","117","130","0","20","1147","402","1147","402","1032","393","55","81","60","65","0","20",
"860Z200US30531","ZCTA5 30531","2721","345","539","240","539","240","134","126","102","78","303","202","0","23","2182","354","2182","354","1762","326","131","116","289","193","0","23",
"860Z200US30533","ZCTA5 30533","4833","304","1056","325","1038","325","528","259","170","163","340","208","18","24","3777","340","3776","340","3362","346","172","106","242","93","1","3",
"860Z200US30534","ZCTA5 30534","7514","404","1467","467","1467","467","655","311","23","30","789","471","0","30","6047","550","6024","552","4861","596","323","222","840","335","23","18",
"860Z200US30535","ZCTA5 30535","1817","347","329","188","329","188","122","89","88","123","119","114","0","20","1488","330","1457","327","1037","279","23","20","397","210","31","42",
"860Z200US30536","ZCTA5 30536","1996","366","159","126","159","126","60","90","28","54","71","73","0","20","1837","379","1837","379","1117","372","439","257","281","172","0","20",
"860Z200US30537","ZCTA5 30537","112","55","12","12","12","12","7","11","0","14","5","6","0","14","100","54","100","54","80","44","5","8","15","23","0","14",
"860Z200US30538","ZCTA5 30538","565","232","158","120","158","120","46","74","0","14","112","92","0","14","407","201","407","201","337","170","33","41","37","57","0","14",
"860Z200US30539","ZCTA5 30539","10","11","0","14","0","14","0","14","0","14","0","14","0","14","10","11","10","11","3","5","7","10","0","14","0","14",
"860Z200US30540","ZCTA5 30540","3889","355","1488","433","1475","432","1135","420","80","85","260","158","13","21","2401","392","2357","401","1983","401","220","160","154","100","44","58",
"860Z200US30541","ZCTA5 30541","741","459","348","312","348","312","43","56","0","14","305","304","0","14","393","400","393","400","101","127","0","14","292","377","0","14",
"860Z200US30542","ZCTA5 30542","8443","819","1119","406","1119","406","546","301","168","197","405","317","0","30","7324","739","7244","718","5680","724","517","220","1047","383","80","117",
"860Z200US30543","ZCTA5 30543","2212","622","122","95","122","95","9","14","0","20","113","95","0","20","2090","620","2028","624","1714","583","227","201","87","83","62","88",
"860Z200US30545","ZCTA5 30545","50","44","9","13","9","13","0","14","9","13","0","14","0","14","41","43","41","43","36","40","5","7","0","14","0","14",
"860Z200US30546","ZCTA5 30546","969","141","330","142","330","142","112","98","54","63","164","129","0","20","639","174","639","174","292","130","224","128","123","84","0","20",
"860Z200US30547","ZCTA5 30547","837","290","277","205","277","205","236","202","10","14","31","34","0","14","560","185","560","185","425","156","93","97","42","37","0","14",
"860Z200US30548","ZCTA5 30548","6285","793","796","543","796","543","34","29","56","62","706","534","0","27","5489","646","5489","646","4714","636","140","91","635","248","0","27",
"860Z200US30549","ZCTA5 30549","8024","486","956","321","956","321","772","308","2","7","182","109","0","30","7068","551","7055","546","6383","526","152","106","520","216","13","21",
"860Z200US30552","ZCTA5 30552","201","96","67","67","67","67","26","41","0","14","41","54","0","14","134","72","134","72","115","67","0","14","19","29","0","14",
"860Z200US30553","ZCTA5 30553","2035","318","699","250","693","249","386","193","137","121","170","110","6","11","1336","386","1336","386","1062","319","0","20","274","197","0","20",
"860Z200US30554","ZCTA5 30554","1797","348","184","105","184","105","76","67","22","31","86","76","0","20","1613","348","1613","348","1322","323","100","86","191","100","0","20",
"860Z200US30555","ZCTA5 30555","397","208","117","97","117","97","58","67","8","12","51","60","0","14","280","186","280","186","231","178","3","7","46","50","0","14",
"860Z200US30557","ZCTA5 30557","818","280","239","148","239","148","16","15","143","139","80","107","0","14","579","228","579","228","434","193","7","8","138","109","0","14",
"860Z200US30558","ZCTA5 30558","1275","307","205","118","205","118","109","86","0","20","96","89","0","20","1070","280","1070","280","796","269","45","36","229","160","0","20",
"860Z200US30559","ZCTA5 30559","970","394","188","239","188","239","132","234","56","55","0","20","0","20","782","312","768","311","616","298","31","37","121","90","14","26",
"860Z200US30560","ZCTA5 30560","547","254","289","231","289","231","65","81","0","14","224","221","0","14","258","169","258","169","236","166","9","14","13","19","0","14",
"860Z200US30562","ZCTA5 30562","184","98","16","17","16","17","4","9","1","3","11","16","0","14","168","94","168","94","118","82","47","52","3","4","0","14",
"860Z200US30563","ZCTA5 30563","1490","351","426","231","426","231","211","140","7","13","208","187","0","20","1064","325","1064","325","943","325","27","31","94","57","0","20",
"860Z200US30564","ZCTA5 30564","930","280","319","223","319","223","108","127","181","167","30","44","0","20","611","281","611","281","383","232","123","159","105","88","0","20",
"860Z200US30565","ZCTA5 30565","1061","395","535","338","535","338","390","326","21","37","124","152","0","14","526","223","498","210","354","151","7","14","137","132","28","51",
"860Z200US30566","ZCTA5 30566","2224","427","280","188","280","188","128","122","0","20","152","140","0","20","1944","445","1925","444","1387","405","368","249","170","122","19","38",
"860Z200US30567","ZCTA5 30567","1738","395","164","142","164","142","155","140","0","20","9","17","0","20","1574","360","1557","360","1257","357","112","89","188","121","17","24",
"860Z200US30568","ZCTA5 30568","471","199","49","44","49","44","40","40","0","14","9","16","0","14","422","203","422","203","313","182","79","97","30","39","0","14",
"860Z200US30571","ZCTA5 30571","421","128","127","80","127","80","112","78","0","14","15","22","0","14","294","126","294","126","245","121","38","57","11","24","0","14",
"860Z200US30572","ZCTA5 30572","54","46","15","26","15","26","15","26","0","14","0","14","0","14","39","38","39","38","28","34","0","14","11","18","0","14",
"860Z200US30573","ZCTA5 30573","12","19","0","14","0","14","0","14","0","14","0","14","0","14","12","19","12","19","12","19","0","14","0","14","0","14",
"860Z200US30575","ZCTA5 30575","441","273","123","156","123","156","28","32","95","150","0","14","0","14","318","247","318","247","307","248","4","6","7","12","0","14",
"860Z200US30576","ZCTA5 30576","487","212","51","46","51","46","42","45","0","14","9","13","0","14","436","207","436","207","299","163","37","39","100","97","0","14",
"860Z200US30577","ZCTA5 30577","5023","309","1650","368","1650","368","458","275","245","175","947","322","0","27","3373","402","3328","404","2567","440","351","166","410","205","45","44",
"860Z200US30581","ZCTA5 30581","7","11","0","14","0","14","0","14","0","14","0","14","0","14","7","11","7","11","0","14","0","14","7","11","0","14",
"860Z200US30582","ZCTA5 30582","735","193","153","129","153","129","17","26","62","102","74","84","0","20","582","223","582","223","434","158","53","95","95","94","0","20",
"860Z200US30597","ZCTA5 30597","0","14","0","14","0","14","0","14","0","14","0","14","0","14","0","14","0","14","0","14","0","14","0","14","0","14",
"860Z200US30598","ZCTA5 30598","0","14","0","14","0","14","0","14","0","14","0","14","0","14","0","14","0","14","0","14","0","14","0","14","0","14",
"860Z200US30601","ZCTA5 30601","4208","770","1563","665","1563","665","105","132","100","138","1358","656","0","27","2645","692","2608","669","1724","543","210","172","674","372","37","62",
"860Z200US30602","ZCTA5 30602","0","14","0","14","0","14","0","14","0","14","0","14","0","14","0","14","0","14","0","14","0","14","0","14","0","14",
"860Z200US30605","ZCTA5 30605","6289","1011","1912","790","1887","794","153","185","451","173","1283","695","25","37","4377","787","4377","787","3030","669","442","273","905","317","0","30",
"860Z200US30606","ZCTA5 30606","8395","810","2229","707","2229","707","556","286","10","19","1663","678","0","30","6166","734","6166","734","4082","518","627","380","1457","547","0","30",
"860Z200US30607","ZCTA5 30607","2675","525","1056","424","1056","424","559","284","153","175","344","289","0","23","1619","459","1619","459","1062","340","215","191","342","247","0","23",
"860Z200US30609","ZCTA5 30609","0","14","0","14","0","14","0","14","0","14","0","14","0","14","0","14","0","14","0","14","0","14","0","14","0","14",
"860Z200US30619","ZCTA5 30619","397","173","73","76","73","76","2","3","0","14","71","75","0","14","324","158","324","158","217","115","0","14","107","103","0","14",
"860Z200US30620","ZCTA5 30620","5852","710","1145","492","1145","492","178","161","250","213","717","431","0","23","4707","715","4707","715","3450","672","447","355","810","482","0","23",
"860Z200US30621","ZCTA5 30621","1531","310","100","100","100","100","62","82","14","29","24","35","0","20","1431","300","1431","300","1384","302","39","41","8","10","0","20",
"860Z200US30622","ZCTA5 30622","3218","500","193","136","193","136","160","138","0","23","33","42","0","23","3025","477","3025","477","2342","425","94","83","589","382","0","23",
"860Z200US30623","ZCTA5 30623","6","12","0","14","0","14","0","14","0","14","0","14","0","14","6","12","6","12","6","12","0","14","0","14","0","14",
"860Z200US30624","ZCTA5 30624","695","273","207","193","207","193","62","70","6","12","139","182","0","14","488","175","481","174","412","148","0","14","69","101","7","10",
"860Z200US30625","ZCTA5 30625","621","158","0","14","0","14","0","14","0","14","0","14","0","14","621","158","621","158","455","131","161","140","5","6","0","14",
"860Z200US30627","ZCTA5 30627","612","166","146","101","146","101","80","66","26","52","40","51","0","14","466","156","466","156","386","158","19","23","61","75","0","14",
"860Z200US30628","ZCTA5 30628","1598","405","408","231","408","231","296","185","0","20","112","118","0","20","1190","364","981","330","704","286","0","20","277","208","209","210",
"860Z200US30629","ZCTA5 30629","1287","294","374","255","374","255","34","39","218","204","122","130","0","20","913","246","908","244","790","243","52","51","66","49","5","8",
"860Z200US30630","ZCTA5 30630","649","239","199","149","199","149","31","46","0","14","168","142","0","14","450","194","450","194","404","193","0","14","46","55","0","14",
"860Z200US30631","ZCTA5 30631","342","103","165","104","165","104","18","27","52","55","95","93","0","14","177","65","177","65","118","54","19","29","40","29","0","14",
"860Z200US30633","ZCTA5 30633","1845","388","492","202","489","202","340","171","4","7","145","126","3","4","1353","420","1353","420","892","330","73","113","388","312","0","20",
"860Z200US30634","ZCTA5 30634","400","190","188","141","32","28","32","28","0","14","0","14","156","135","212","122","212","122","179","113","33","50","0","14","0","14",
"860Z200US30635","ZCTA5 30635","3496","214","1678","305","1678","305","753","290","341","216","584","247","0","23","1818","332","1806","331","1309","294","42","66","455","240","12","19",
"860Z200US30639","ZCTA5 30639","17","31","0","14","0","14","0","14","0","14","0","14","0","14","17","31","17","31","17","31","0","14","0","14","0","14",
"860Z200US30641","ZCTA5 30641","337","157","5","8","5","8","0","14","0","14","5","8","0","14","332","156","320","159","311","157","0","14","9","11","12","19",
"860Z200US30642","ZCTA5 30642","2327","246","226","123","226","123","113","100","0","23","113","122","0","23","2101","289","2089","291","1257","256","220","208","612","274","12","18",
"860Z200US30643","ZCTA5 30643","3027","473","440","229","331","169","89","88","0","23","242","149","109","162","2587","437","2587","437","1956","373","210","167","421","218","0","23",
"860Z200US30646","ZCTA5 30646","2156","482","431","291","431","291","287","261","0","20","144","143","0","20","1725","478","1725","478","990","366","118","114","617","338","0","20",
"860Z200US30648","ZCTA5 30648","733","188","348","186","348","186","68","81","37","39","243","170","0","14","385","143","385","143","344","139","0","14","41","36","0","14",
"860Z200US30650","ZCTA5 30650","3051","333","315","196","315","196","71","68","0","23","244","174","0","23","2736","334","2736","334","2311","332","135","130","290","155","0","23",
"860Z200US30655","ZCTA5 30655","7857","905","2657","805","2657","805","244","167","80","72","2333","778","0","27","5200","752","5161","747","3989","736","91","131","1081","466","39","54",
"860Z200US30656","ZCTA5 30656","4125","598","824","439","824","439","435","291","11","20","378","310","0","23","3301","522","3288","522","3054","529","73","58","161","92","13","22",
"860Z200US30660","ZCTA5 30660","191","88","61","67","61","67","0","14","0","14","61","67","0","14","130","64","130","64","130","64","0","14","0","14","0","14",
"860Z200US30662","ZCTA5 30662","1524","288","358","177","358","177","128","75","55","51","175","133","0","20","1166","293","1150","293","745","224","93","76","312","161","16","23",
"860Z200US30663","ZCTA5 30663","838","299","338","284","338","284","72","108","2","4","264","254","0","14","500","147","500","147","353","129","33","37","114","85","0","14",
"860Z200US30664","ZCTA5 30664","0","14","0","14","0","14","0","14","0","14","0","14","0","14","0","14","0","14","0","14","0","14","0","14","0","14",
"860Z200US30665","ZCTA5 30665","8","13","0","14","0","14","0","14","0","14","0","14","0","14","8","13","8","13","0","14","0","14","8","13","0","14",
"860Z200US30666","ZCTA5 30666","2451","547","287","187","287","187","47","51","86","97","154","133","0","23","2164","538","2164","538","1525","481","207","172","432","212","0","23",
"860Z200US30667","ZCTA5 30667","97","80","0","14","0","14","0","14","0","14","0","14","0","14","97","80","97","80","92","79","0","14","5","10","0","14",
"860Z200US30668","ZCTA5 30668","515","164","57","49","57","49","0","14","31","45","26","25","0","14","458","167","458","167","354","142","3","7","101","94","0","14",
"860Z200US30669","ZCTA5 30669","830","217","222","155","222","155","40","44","25","36","157","136","0","14","608","193","576","186","250","98","13","19","313","162","32","42",
"860Z200US30673","ZCTA5 30673","1141","202","187","123","187","123","14","23","13","20","160","117","0","20","954","241","943","244","517","120","20","32","406","235","11","18",
"860Z200US30677","ZCTA5 30677","5960","448","442","199","442","199","340","196","35","59","67","75","0","27","5518","470","5489","473","4855","433","198","114","436","183","29","40",
"860Z200US30678","ZCTA5 30678","275","143","47","53","47","53","36","47","0","14","11","18","0","14","228","141","228","141","140","127","0","14","88","94","0","14",
"860Z200US30680","ZCTA5 30680","11780","670","2073","607","2030","601","955","470","156","117","919","398","43","58","9707","900","9649","899","7349","824","701","351","1599","436","58","68",
"860Z200US30683","ZCTA5 30683","1444","321","254","177","254","177","109","98","0","20","145","164","0","20","1190","293","1190","293","819","255","39","40","332","181","0","20",
"860Z200US30701","ZCTA5 30701","10971","441","2907","547","2838","563","1653","475","180","193","1005","424","69","77","8064","650","7889","710","6167","707","905","337","817","274","175","193",
"860Z200US30705","ZCTA5 30705","7927","375","1993","532","1993","532","1049","408","278","186","666","255","0","30","5934","519","5899","520","4061","521","653","307","1185","404","35","57",
"860Z200US30707","ZCTA5 30707","3650","514","598","363","598","363","320","287","0","23","278","207","0","23","3052","484","3045","482","2465","458","196","163","384","237","7","13",
"860Z200US30708","ZCTA5 30708","45","72","45","72","45","72","0","14","0","14","45","72","0","14","0","14","0","14","0","14","0","14","0","14","0","14",
"860Z200US30710","ZCTA5 30710","1856","409","264","161","264","161","44","45","0","20","220","158","0","20","1592","405","1592","405","1227","368","164","126","201","136","0","20",
"860Z200US30711","ZCTA5 30711","750","255","325","114","325","114","159","125","0","14","166","99","0","14","425","243","401","245","393","243","8","13","0","14","24","28",
"860Z200US30720","ZCTA5 30720","6537","826","1759","513","1759","513","621","433","156","200","982","310","0","27","4778","741","4762","738","3701","636","416","304","645","302","16","29",
"860Z200US30721","ZCTA5 30721","13490","1022","2992","692","2992","692","1188","417","526","408","1278","416","0","34","10498","1084","10419","1090","6597","922","996","390","2826","861","79","82",
"860Z200US30724","ZCTA5 30724","0","14","0","14","0","14","0","14","0","14","0","14","0","14","0","14","0","14","0","14","0","14","0","14","0","14",
"860Z200US30725","ZCTA5 30725","1095","392","587","396","587","396","535","387","0","20","52","82","0","20","508","201","508","201","372","187","24","38","112","116","0","20",
"860Z200US30726","ZCTA5 30726","0","14","0","14","0","14","0","14","0","14","0","14","0","14","0","14","0","14","0","14","0","14","0","14","0","14",
"860Z200US30728","ZCTA5 30728","4084","624","1463","612","1463","612","1045","592","53","85","365","254","0","23","2621","403","2621","403","2200","374","110","85","311","173","0","23",
"860Z200US30730","ZCTA5 30730","763","296","88","74","88","74","66","68","16","19","6","9","0","14","675","299","675","299","621","332","28","40","26","44","0","14",
"860Z200US30731","ZCTA5 30731","669","286","308","255","292","253","4","18","10","16","278","258","16","23","361","222","361","222","302","215","33","50","26","28","0","14",
"860Z200US30733","ZCTA5 30733","342","195","34","37","33","37","11","15","0","14","22","34","1","3","308","186","308","186","288","184","13","18","7","9","0","14",
"860Z200US30734","ZCTA5 30734","576","153","194","139","194","139","95","115","83","114","16","25","0","14","382","163","382","163","281","153","42","46","59","69","0","14",
"860Z200US30735","ZCTA5 30735","1315","361","389","224","389","224","205","175","100","160","84","72","0","20","926","290","926","290","744","296","130","142","52","58","0","20",
"860Z200US30736","ZCTA5 30736","10229","650","2489","761","2489","761","1481","641","191","158","817","383","0","30","7740","731","7693","737","6291","639","195","139","1207","460","47","61",
"860Z200US30738","ZCTA5 30738","577","205","41","46","41","46","0","14","13","21","28","40","0","14","536","200","536","200","459","192","14","23","63","50","0","14",
"860Z200US30739","ZCTA5 30739","1566","345","442","293","404","294","225","179","0","20","179","257","38","61","1124","349","1098","349","946","332","0","20","152","142","26","40",
"860Z200US30740","ZCTA5 30740","1953","357","367","177","367","177","135","118","0","20","232","159","0","20","1586","347","1570","350","1384","312","115","175","71","69","16","42",
"860Z200US30741","ZCTA5 30741","5889","884","2296","588","2296","588","885","414","31","42","1380","453","0","28","3593","741","3585","743","2398","631","395","263","792","329","8","14",
"860Z200US30742","ZCTA5 30742","1499","352","442","283","442","283","166","162","35","33","241","227","0","20","1057","284","1057","284","496","198","265","169","296","201","0","20",
"860Z200US30746","ZCTA5 30746","439","259","64","103","64","103","64","103","0","14","0","14","0","14","375","284","375","284","366","291","0","14","9","17","0","14",
"860Z200US30747","ZCTA5 30747","2797","346","1114","279","1089","278","294","161","305","205","490","221","25","36","1683","330","1682","331","945","267","340","197","397","167","1","3",
"860Z200US30750","ZCTA5 30750","797","195","97","97","91","92","10","13","81","91","0","14","6","14","700","171","700","171","603","145","80","83","17","18","0","14",
"860Z200US30751","ZCTA5 30751","127","100","127","100","127","100","63","104","64","94","0","14","0","14","0","14","0","14","0","14","0","14","0","14","0","14",
"860Z200US30752","ZCTA5 30752","2073","270","243","131","226","127","126","96","14","25","86","82","17","26","1830","304","1830","304","1563","333","13","16","254","145","0","20",
"860Z200US30753","ZCTA5 30753","1686","286","592","207","592","207","394","176","31","42","167","99","0","20","1094","245","1094","245","765","257","43","52","286","146","0","20",
"860Z200US30755","ZCTA5 30755","2329","462","351","233","351","233","195","196","13","21","143","87","0","20","1978","444","1978","444","1200","334","177","154","601","318","0","20",
"860Z200US30756","ZCTA5 30756","0","14","0","14","0","14","0","14","0","14","0","14","0","14","0","14","0","14","0","14","0","14","0","14","0","14",
"860Z200US30757","ZCTA5 30757","372","188","67","87","67","87","63","87","0","14","4","8","0","14","305","170","305","170","238","162","0","14","67","61","0","14",
"860Z200US30802","ZCTA5 30802","1435","409","224","296","224","296","0","20","0","20","224","296","0","20","1211","355","1129","338","1073","344","8","15","48","54","82","113",
"860Z200US30803","ZCTA5 30803","289","123","46","62","46","62","42","61","0","14","4","8","0","14","243","124","243","124","197","111","5","6","41","57","0","14",
"860Z200US30805","ZCTA5 30805","675","280","288","235","288","235","36","54","14","21","238","233","0","14","387","194","387","194","337","192","3","5","47","36","0","14",
"860Z200US30807","ZCTA5 30807","40","39","40","39","40","39","29","36","0","14","11","20","0","14","0","14","0","14","0","14","0","14","0","14","0","14",
"860Z200US30808","ZCTA5 30808","1350","466","276","290","276","290","276","290","0","14","0","14","0","14","1074","415","1074","415","614","209","45","45","415","408","0","14",
"860Z200US30809","ZCTA5 30809","14390","1007","1237","610","1216","614","530","426","82","117","604","404","21","36","13153","932","13104","932","10634","983","776","369","1694","561","49","57",
"860Z200US30810","ZCTA5 30810","541","98","235","92","235","92","95","58","0","14","140","101","0","14","306","78","306","78","259","80","6","12","41","33","0","14",
"860Z200US30812","ZCTA5 30812","0","14","0","14","0","14","0","14","0","14","0","14","0","14","0","14","0","14","0","14","0","14","0","14","0","14",
"860Z200US30813","ZCTA5 30813","14945","1261","1769","646","1769","646","606","375","216","235","947","538","0","34","13176","1463","13135","1464","10343","1272","585","348","2207","681","41","65",
"860Z200US30814","ZCTA5 30814","2161","512","556","369","556","369","96","90","135","207","325","261","0","23","1605","482","1591","485","1195","414","258","231","138","100","14","23",
"860Z200US30815","ZCTA5 30815","10582","1117","3872","916","3859","916","791","374","347","245","2721","757","13","20","6710","1033","6688","1032","3047","727","1094","596","2547","699","22","19",
"860Z200US30816","ZCTA5 30816","204","148","110","83","110","83","48","64","11","16","51","53","0","14","94","125","94","125","86","120","0","14","8","12","0","14",
"860Z200US30817","ZCTA5 30817","1495","93","579","133","563","135","321","134","140","98","102","68","16","29","916","166","916","166","701","219","13","19","202","133","0","20",
"860Z200US30818","ZCTA5 30818","0","14","0","14","0","14","0","14","0","14","0","14","0","14","0","14","0","14","0","14","0","14","0","14","0","14",
"860Z200US30820","ZCTA5 30820","118","72","60","61","60","61","0","14","0","14","60","61","0","14","58","35","58","35","42","34","0","14","16","24","0","14",
"860Z200US30821","ZCTA5 30821","146","100","29","22","29","22","14","13","0","14","15","20","0","14","117","97","117","97","34","30","81","95","2","7","0","14",
"860Z200US30822","ZCTA5 30822","0","14","0","14","0","14","0","14","0","14","0","14","0","14","0","14","0","14","0","14","0","14","0","14","0","14",
"860Z200US30823","ZCTA5 30823","466","166","277","164","235","155","142","129","0","14","93","90","42","49","189","87","189","87","175","89","10","18","4","7","0","14",
"860Z200US30824","ZCTA5 30824","3868","499","1302","493","1302","493","291","252","227","100","784","460","0","23","2566","629","2566","629","1695","546","21","38","850","388","0","23",
"860Z200US30828","ZCTA5 30828","831","112","386","138","386","138","146","134","0","14","240","120","0","14","445","152","445","152","306","64","0","14","139","126","0","14",
"860Z200US30830","ZCTA5 30830","4221","411","1086","404","1086","404","541","303","0","23","545","318","0","23","3135","568","3135","568","1556","611","305","357","1274","482","0","23",
"860Z200US30833","ZCTA5 30833","1111","311","367","250","367","250","172","188","0","14","195","162","0","14","744","305","744","305","539","262","52","54","153","123","0","14",
"860Z200US30901","ZCTA5 30901","4292","752","2780","518","2780","518","94","113","156","135","2530","470","0","23","1512","486","1455","474","685","274","147","125","623","343","57","84",
"860Z200US30904","ZCTA5 30904","4593","883","1982","713","1982","713","278","224","142","207","1562","625","0","27","2611","545","2571","548","1583","400","153","151","835","275","40","74",
"860Z200US30905","ZCTA5 30905","1608","282","0","20","0","20","0","20","0","20","0","20","0","20","1608","282","1608","282","1269","297","0","20","339","199","0","20",
"860Z200US30906","ZCTA5 30906","15840","1132","8621","1162","8621","1162","1673","633","180","176","6768","1140","0","34","7219","1142","7219","1142","4122","942","899","390","2198","661","0","34",
"860Z200US30907","ZCTA5 30907","8695","900","1474","656","1450","649","130","102","296","295","1024","524","24","38","7221","794","7206","795","5330","678","322","160","1554","514","15","18",
"860Z200US30909","ZCTA5 30909","9053","787","2481","710","2481","710","680","366","120","170","1681","590","0","30","6572","810","6285","794","3701","652","657","348","1927","557","287","188",
"860Z200US30912","ZCTA5 30912","0","14","0","14","0","14","0","14","0","14","0","14","0","14","0","14","0","14","0","14","0","14","0","14","0","14",
"860Z200US31001","ZCTA5 31001","735","146","265","138","265","138","56","47","28","31","181","134","0","14","470","133","470","133","312","108","79","62","79","60","0","14",
"860Z200US31002","ZCTA5 31002","450","115","139","86","107","79","31","34","40","51","36","44","32","35","311","107","311","107","279","108","4","6","28","29","0","14",
"860Z200US31003","ZCTA5 31003","9","13","0","14","0","14","0","14","0","14","0","14","0","14","9","13","9","13","9","13","0","14","0","14","0","14",
"860Z200US31004","ZCTA5 31004","0","14","0","14","0","14","0","14","0","14","0","14","0","14","0","14","0","14","0","14","0","14","0","14","0","14",
"860Z200US31005","ZCTA5 31005","6900","1287","654","506","654","506","279","276","141","188","234","356","0","27","6246","1265","6212","1266","4045","924","919","610","1248","658","34","55",
"860Z200US31006","ZCTA5 31006","801","172","469","117","469","117","6","12","33","33","430","112","0","14","332","178","332","178","295","182","0","14","37","41","0","14",
"860Z200US31007","ZCTA5 31007","146","120","88","78","88","78","13","22","0","14","75","72","0","14","58","69","58","69","36","56","0","14","22","29","0","14",
"860Z200US31008","ZCTA5 31008","5192","601","909","350","909","350","589","348","12","20","308","124","0","27","4283","617","3972","583","3189","555","296","234","487","269","311","184",
"860Z200US31009","ZCTA5 31009","259","178","122","150","122","150","0","14","0","14","122","150","0","14","137","95","137","95","78","66","37","60","22","26","0","14",
"860Z200US31011","ZCTA5 31011","121","85","61","69","61","69","26","63","0","14","35","33","0","14","60","48","60","48","60","48","0","14","0","14","0","14",
"860Z200US31012","ZCTA5 31012","339","162","63","66","58","67","0","14","38","55","20","50","5","9","276","147","276","147","241","138","0","14","35","47","0","14",
"860Z200US31014","ZCTA5 31014","2497","173","907","277","907","277","281","154","140","146","486","218","0","23","1590","281","1590","281","1171","284","41","48","378","156","0","23",
"860Z200US31015","ZCTA5 31015","4505","170","2153","399","2153","399","337","213","139","138","1677","422","0","23","2352","447","2321","457","1371","390","54","87","896","518","31","49",
"860Z200US31016","ZCTA5 31016","124","71","20","36","20","36","0","14","20","36","0","14","0","14","104","68","104","68","53","56","51","52","0","14","0","14",
"860Z200US31017","ZCTA5 31017","139","90","32","41","32","41","16","19","0","14","16","36","0","14","107","80","107","80","93","76","0","14","14","25","0","14",
"860Z200US31018","ZCTA5 31018","385","225","79","53","79","53","26","35","9","15","44","44","0","14","306","212","306","212","147","110","3","4","156","173","0","14",
"860Z200US31019","ZCTA5 31019","694","221","309","178","309","178","42","46","30","38","237","168","0","14","385","170","385","170","343","155","0","14","42","37","0","14",
"860Z200US31020","ZCTA5 31020","177","97","147","98","147","98","147","98","0","14","0","14","0","14","30","33","30","33","30","33","0","14","0","14","0","14",
"860Z200US31021","ZCTA5 31021","6999","470","3061","648","3061","648","760","418","331","265","1970","511","0","27","3938","675","3938","675","2291","447","94","90","1553","469","0","27",
"860Z200US31022","ZCTA5 31022","473","242","20","30","20","30","0","14","0","14","20","30","0","14","453","238","449","237","436","236","0","14","13","15","4","7",
"860Z200US31023","ZCTA5 31023","2836","233","879","289","871","290","265","171","94","90","512","203","8","16","1957","251","1957","251","1249","262","264","186","444","173","0","23",
"860Z200US31024","ZCTA5 31024","4193","191","1545","452","1545","452","603","372","41","69","901","430","0","27","2648","425","2469","452","2089","428","104","101","276","165","179","165",
"860Z200US31025","ZCTA5 31025","312","161","109","101","109","101","109","101","0","14","0","14","0","14","203","129","203","129","193","128","0","14","10","15","0","14",
"860Z200US31027","ZCTA5 31027","2961","383","1241","266","1241","266","277","176","197","122","767","195","0","23","1720","368","1720","368","1076","321","90","75","554","242","0","23",
"860Z200US31028","ZCTA5 31028","1655","476","169","182","169","182","41","70","0","20","128","175","0","20","1486","491","1486","491","1289","511","124","154","73","88","0","20",
"860Z200US31029","ZCTA5 31029","4546","414","849","307","849","307","288","165","0","23","561","250","0","23","3697","452","3697","452","3289","463","100","91","308","167","0","23",
"860Z200US31030","ZCTA5 31030","3459","389","1254","273","1235","274","250","139","215","162","770","264","19","34","2205","408","2205","408","1547","338","148","122","510","281","0","23",
"860Z200US31031","ZCTA5 31031","1818","260","575","186","575","186","121","80","0","20","454","178","0","20","1243","285","1230","287","830","278","146","121","254","144","13","20",
"860Z200US31032","ZCTA5 31032","3011","364","741","297","724","296","525","252","0","23","199","133","17","33","2270","367","2270","367","1739","354","253","145","278","176","0","23",
"860Z200US31033","ZCTA5 31033","665","301","304","318","304","318","50","73","0","14","254","276","0","14","361","174","361","174","308","172","15","17","38","46","0","14",
"860Z200US31034","ZCTA5 31034","0","14","0","14","0","14","0","14","0","14","0","14","0","14","0","14","0","14","0","14","0","14","0","14","0","14",
"860Z200US31035","ZCTA5 31035","193","80","92","50","92","50","20","21","2","4","70","47","0","14","101","63","95","62","94","63","0","14","1","2","6","11",
"860Z200US31036","ZCTA5 31036","1975","382","734","337","734","337","174","166","40","54","520","318","0","23","1241","319","1241","319","937","320","73","42","231","146","0","23",
"860Z200US31037","ZCTA5 31037","389","133","213","117","213","117","74","53","74","77","65","72","0","14","176","78","176","78","130","62","0","14","46","55","0","14",
"860Z200US31038","ZCTA5 31038","31","41","0","14","0","14","0","14","0","14","0","14","0","14","31","41","31","41","31","41","0","14","0","14","0","14",
"860Z200US31039","ZCTA5 31039","0","14","0","14","0","14","0","14","0","14","0","14","0","14","0","14","0","14","0","14","0","14","0","14","0","14",
"860Z200US31041","ZCTA5 31041","300","147","138","117","138","117","9","15","0","14","129","114","0","14","162","84","162","84","82","66","5","9","75","58","0","14",
"860Z200US31042","ZCTA5 31042","280","97","24","21","24","21","2","4","4","9","18","17","0","14","256","93","256","93","105","81","121","113","30","30","0","14",
"860Z200US31044","ZCTA5 31044","688","142","140","110","140","110","30","41","0","14","110","92","0","14","548","171","506","176","436","188","20","28","50","52","42","54",
"860Z200US31045","ZCTA5 31045","14","23","14","23","14","23","0","14","0","14","14","23","0","14","0","14","0","14","0","14","0","14","0","14","0","14",
"860Z200US31046","ZCTA5 31046","739","397","10","20","10","20","0","14","0","14","10","20","0","14","729","395","641","367","612","368","23","30","6","10","88","123",
"860Z200US31047","ZCTA5 31047","5227","812","99","71","99","71","28","39","15","25","56","56","0","27","5128","811","5128","811","4557","793","296","248","275","186","0","27",
"860Z200US31049","ZCTA5 31049","233","91","69","48","69","48","67","48","0","14","2","3","0","14","164","89","164","89","99","67","0","14","65","66","0","14",
"860Z200US31050","ZCTA5 31050","245","206","79","101","79","101","37","65","0","14","42","72","0","14","166","188","166","188","166","188","0","14","0","14","0","14",
"860Z200US31051","ZCTA5 31051","49","67","27","43","27","43","2","3","0","14","25","43","0","14","22","41","22","41","13","33","0","14","9","20","0","14",
"860Z200US31052","ZCTA5 31052","2171","562","242","177","242","177","137","135","0","20","105","124","0","20","1929","551","1929","551","1558","512","63","64","308","260","0","20",
"860Z200US31054","ZCTA5 31054","256","126","32","28","32","28","3","8","0","14","29","28","0","14","224","122","224","122","216","120","0","14","8","15","0","14",
"860Z200US31055","ZCTA5 31055","1000","158","649","168","649","168","7","10","121","130","521","207","0","14","351","162","351","162","207","107","73","101","71","56","0","14",
"860Z200US31057","ZCTA5 31057","278","113","106","76","106","76","0","14","0","14","106","76","0","14","172","92","172","92","43","39","0","14","129","86","0","14",
"860Z200US31058","ZCTA5 31058","291","135","179","97","179","97","26","51","0","14","153","81","0","14","112","91","112","91","56","57","49","70","7","13","0","14",
"860Z200US31060","ZCTA5 31060","385","195","221","175","221","175","16","18","183","177","22","27","0","14","164","79","164","79","115","65","12","17","37","39","0","14",
"860Z200US31061","ZCTA5 31061","7563","279","2800","576","2800","576","785","315","238","188","1777","547","0","30","4763","630","4763","630","2889","547","370","183","1504","519","0","30",
"860Z200US31062","ZCTA5 31062","0","14","0","14","0","14","0","14","0","14","0","14","0","14","0","14","0","14","0","14","0","14","0","14","0","14",
"860Z200US31063","ZCTA5 31063","902","175","211","153","211","153","19","28","0","14","192","154","0","14","691","165","691","165","453","152","0","14","238","140","0","14",
"860Z200US31064","ZCTA5 31064","2393","254","548","193","548","193","210","134","0","23","338","201","0","23","1845","267","1845","267","1101","301","114","107","630","271","0","23",
"860Z200US31065","ZCTA5 31065","120","66","8","11","8","11","0","14","0","14","8","11","0","14","112","65","112","65","61","52","0","14","51","49","0","14",
"860Z200US31066","ZCTA5 31066","113","81","0","14","0","14","0","14","0","14","0","14","0","14","113","81","113","81","113","81","0","14","0","14","0","14",
"860Z200US31067","ZCTA5 31067","45","58","4","7","4","7","0","14","0","14","4","7","0","14","41","58","41","58","41","58","0","14","0","14","0","14",
"860Z200US31068","ZCTA5 31068","534","176","285","146","285","146","12","20","20","33","253","136","0","14","249","192","249","192","185","167","0","14","64","64","0","14",
"860Z200US31069","ZCTA5 31069","4920","735","724","278","724","278","308","214","82","87","334","179","0","27","4196","698","4196","698","2988","587","251","170","957","309","0","27",
"860Z200US31070","ZCTA5 31070","117","93","7","13","7","13","0","14","0","14","7","13","0","14","110","91","110","91","24","28","43","59","43","70","0","14",
"860Z200US31071","ZCTA5 31071","149","98","37","37","37","37","0","14","3","5","34","36","0","14","112","94","112","94","48","58","0","14","64","77","0","14",
"860Z200US31072","ZCTA5 31072","214","70","93","68","93","68","11","14","0","14","82","64","0","14","121","52","121","52","93","46","21","32","7","10","0","14",
"860Z200US31075","ZCTA5 31075","372","156","108","89","108","89","90","85","0","14","18","24","0","14","264","133","264","133","174","111","0","14","90","101","0","14",
"860Z200US31076","ZCTA5 31076","544","134","158","83","158","83","28","33","2","7","128","81","0","14","386","112","386","112","273","103","83","62","30","36","0","14",
"860Z200US31077","ZCTA5 31077","161","95","36","39","36","39","20","23","13","29","3","6","0","14","125","73","125","73","73","53","46","48","6","9","0","14",
"860Z200US31078","ZCTA5 31078","644","149","346","126","346","126","26","30","12","20","308","112","0","14","298","156","298","156","183","117","2","5","113","102","0","14",
"860Z200US31079","ZCTA5 31079","606","118","193","109","193","109","90","72","0","14","103","69","0","14","413","117","413","117","284","101","78","70","51","41","0","14",
"860Z200US31081","ZCTA5 31081","0","14","0","14","0","14","0","14","0","14","0","14","0","14","0","14","0","14","0","14","0","14","0","14","0","14",
"860Z200US31082","ZCTA5 31082","2623","274","1700","318","1700","318","350","138","70","69","1280","288","0","23","923","225","923","225","680","187","11","22","232","154","0","23",
"860Z200US31083","ZCTA5 31083","92","84","80","84","80","84","6","11","74","85","0","14","0","14","12","17","12","17","12","17","0","14","0","14","0","14",
"860Z200US31084","ZCTA5 31084","0","14","0","14","0","14","0","14","0","14","0","14","0","14","0","14","0","14","0","14","0","14","0","14","0","14",
"860Z200US31085","ZCTA5 31085","505","191","190","121","190","121","4","9","0","14","186","120","0","14","315","165","315","165","253","158","41","49","21","38","0","14",
"860Z200US31087","ZCTA5 31087","1188","128","930","203","930","203","188","177","0","20","742","226","0","20","258","181","222","172","202","163","0","20","20","44","36","49",
"860Z200US31088","ZCTA5 31088","15030","1789","2333","663","2265","652","549","267","98","96","1618","565","68","103","12697","1680","12681","1681","9367","1622","434","200","2880","762","16","28",
"860Z200US31089","ZCTA5 31089","955","220","597","211","597","211","116","94","73","71","408","186","0","14","358","132","358","132","285","114","14","20","59","63","0","14",
"860Z200US31090","ZCTA5 31090","120","80","33","36","33","36","9","21","2","3","22","24","0","14","87","66","87","66","83","66","0","14","4","5","0","14",
"860Z200US31091","ZCTA5 31091","334","112","213","111","213","111","102","88","0","14","111","70","0","14","121","68","120","68","111","67","0","14","9","16","1","3",
"860Z200US31092","ZCTA5 31092","1089","168","357","198","357","198","145","125","0","20","212","175","0","20","732","235","732","235","424","158","10","16","298","161","0","20",
"860Z200US31093","ZCTA5 31093","6486","881","2507","634","2507","634","792","438","264","332","1451","394","0","27","3979","732","3979","732","2011","624","504","357","1464","499","0","27",
"860Z200US31094","ZCTA5 31094","141","95","42","54","42","54","0","14","8","13","34","53","0","14","99","78","99","78","99","78","0","14","0","14","0","14",
"860Z200US31096","ZCTA5 31096","1457","146","688","177","688","177","150","107","76","55","462","176","0","20","769","238","734","227","328","142","216","166","190","166","35","55",
"860Z200US31097","ZCTA5 31097","161","116","71","71","71","71","60","67","8","17","3","5","0","14","90","95","90","95","76","94","3","7","11","14","0","14",
"860Z200US31098","ZCTA5 31098","932","299","132","110","132","110","0","14","36","54","96","100","0","14","800","299","800","299","417","213","69","69","314","201","0","14",
"860Z200US31201","ZCTA5 31201","1036","309","578","244","578","244","41","52","61","77","476","225","0","20","458","209","458","209","137","81","46","50","275","199","0","20",
"860Z200US31204","ZCTA5 31204","8149","1261","4144","1154","4144","1154","391","342","683","495","3070","990","0","30","4005","704","4005","704","1674","511","536","332","1795","539","0","30",
"860Z200US31206","ZCTA5 31206","7304","1157","5235","1110","5235","1110","1437","986","394","314","3404","907","0","27","2069","555","2069","555","979","415","53","49","1037","340","0","27",
"860Z200US31207","ZCTA5 31207","0","14","0","14","0","14","0","14","0","14","0","14","0","14","0","14","0","14","0","14","0","14","0","14","0","14",
"860Z200US31210","ZCTA5 31210","7509","1174","1598","752","1507","749","213","259","138","217","1156","589","91","60","5911","918","5896","918","4274","711","274","233","1348","594","15","32",
"860Z200US31211","ZCTA5 31211","3762","733","2301","723","2301","723","363","195","84","124","1854","711","0","23","1461","399","1461","399","930","306","208","151","323","221","0","23",
"860Z200US31213","ZCTA5 31213","0","14","0","14","0","14","0","14","0","14","0","14","0","14","0","14","0","14","0","14","0","14","0","14","0","14",
"860Z200US31216","ZCTA5 31216","3667","545","869","331","869","331","237","164","12","19","620","310","0","23","2798","541","2764","546","1844","486","160","148","760","316","34","41",
"860Z200US31217","ZCTA5 31217","4911","751","2902","567","2902","567","1143","465","240","228","1519","414","0","23","2009","505","2009","505","1377","401","128","111","504","257","0","23",
"860Z200US31220","ZCTA5 31220","3728","771","506","337","506","337","178","234","0","23","328","245","0","23","3222","717","3184","715","2350","643","39","61","795","461","38","55",
"860Z200US31301","ZCTA5 31301","1412","265","364","224","364","224","103","144","49","71","212","158","0","14","1048","253","1048","253","700","257","122","130","226","147","0","14",
"860Z200US31302","ZCTA5 31302","1972","405","883","381","883","381","172","126","145","189","566","302","0","20","1089","307","1089","307","657","234","140","119","292","245","0","20",
"860Z200US31303","ZCTA5 31303","608","421","54","66","54","66","43","64","0","14","11","19","0","14","554","417","554","417","554","417","0","14","0","14","0","14",
"860Z200US31305","ZCTA5 31305","809","157","253","140","204","118","11","20","75","66","118","97","49","67","556","125","553","125","264","117","6","11","283","130","3","5",
"860Z200US31307","ZCTA5 31307","483","397","71","119","71","119","71","119","0","14","0","14","0","14","412","383","412","383","239","352","0","14","173","185","0","14",
"860Z200US31308","ZCTA5 31308","1878","493","532","358","532","358","475","346","27","31","30","49","0","20","1346","476","1324","478","959","325","78","93","287","342","22","36",
"860Z200US31309","ZCTA5 31309","25","32","18","30","18","30","0","14","0","14","18","30","0","14","7","13","7","13","7","13","0","14","0","14","0","14",
"860Z200US31312","ZCTA5 31312","8198","677","1369","544","1369","544","1006","496","87","61","276","210","0","27","6829","737","6829","737","5339","698","414","200","1076","377","0","27",
"860Z200US31313","ZCTA5 31313","11723","545","4733","738","4707","738","1830","546","697","580","2180","556","26","39","6990","773","6881","773","4735","866","710","367","1436","496","109","141",
"860Z200US31314","ZCTA5 31314","0","14","0","14","0","14","0","14","0","14","0","14","0","14","0","14","0","14","0","14","0","14","0","14","0","14",
"860Z200US31315","ZCTA5 31315","3524","446","323","296","323","296","315","295","0","20","8","13","0","20","3201","402","3201","402","2539","346","0","20","662","328","0","20",
"860Z200US31316","ZCTA5 31316","3879","331","1136","376","1136","376","413","213","23","88","700","350","0","23","2743","448","2743","448","2218","399","228","124","297","198","0","23",
"860Z200US31318","ZCTA5 31318","112","118","0","14","0","14","0","14","0","14","0","14","0","14","112","118","112","118","0","14","99","117","13","21","0","14",
"860Z200US31320","ZCTA5 31320","2467","295","944","260","944","260","481","215","146","92","317","139","0","23","1523","287","1523","287","1064","250","128","96","331","142","0","23",
"860Z200US31321","ZCTA5 31321","1587","295","409","239","409","239","46","49","11","16","352","238","0","20","1178","245","1136","249","627","219","37","45","472","179","42","59",
"860Z200US31322","ZCTA5 31322","6550","731","913","522","913","522","448","447","26","41","439","329","0","30","5637","723","5566","715","4055","571","475","319","1036","596","71","106",
"860Z200US31323","ZCTA5 31323","244","225","217","224","217","224","155","216","16","28","46","51","0","14","27","32","27","32","6","9","0","14","21","30","0","14",
"860Z200US31324","ZCTA5 31324","11591","389","1126","479","1126","479","470","233","156","134","500","349","0","30","10465","538","10465","538","8430","670","398","225","1637","461","0","30",
"860Z200US31326","ZCTA5 31326","6061","574","1025","425","1025","425","425","265","106","122","494","356","0","27","5036","629","5036","629","4079","629","299","218","658","328","0","27",
"860Z200US31327","ZCTA5 31327","0","14","0","14","0","14","0","14","0","14","0","14","0","14","0","14","0","14","0","14","0","14","0","14","0","14",
"860Z200US31328","ZCTA5 31328","305","99","8","19","8","19","0","14","0","14","8","19","0","14","297","105","297","105","169","69","128","94","0","14","0","14",
"860Z200US31329","ZCTA5 31329","1947","360","125","110","125","110","69","98","0","20","56","72","0","20","1822","360","1814","361","1667","383","31","30","116","103","8","13",
"860Z200US31331","ZCTA5 31331","884","149","387","140","346","151","41","48","0","20","305","141","41","54","497","145","497","145","462","143","0","20","35","25","0","20",
"860Z200US31333","ZCTA5 31333","0","14","0","14","0","14","0","14","0","14","0","14","0","14","0","14","0","14","0","14","0","14","0","14","0","14",
"860Z200US31401","ZCTA5 31401","3030","514","1840","420","1817","420","8","13","0","27","1809","419","23","37","1190","319","1154","316","580","182","123","111","451","283","36","36",
"860Z200US31404","ZCTA5 31404","5657","675","2491","565","2491","565","429","212","171","109","1891","548","0","30","3166","526","3147","523","1658","440","252","212","1237","297","19","23",
"860Z200US31405","ZCTA5 31405","9150","1005","3107","812","2996","808","565","301","359","372","2072","708","111","150","6043","798","5765","801","4233","719","260","180","1272","331","278","201",
"860Z200US31406","ZCTA5 31406","7163","846","2006","578","1978","572","408","275","154","120","1416","538","28","32","5157","787","5157","787","3605","750","498","259","1054","450","0","30",
"860Z200US31407","ZCTA5 31407","5556","967","1058","464","1058","464","338","380","186","119","534","331","0","27","4498","916","4496","917","3683","819","172","145","641","389","2","9",
"860Z200US31408","ZCTA5 31408","2516","497","833","443","833","443","133","121","256","234","444","396","0","23","1683","489","1683","489","287","138","325","288","1071","479","0","23",
"860Z200US31409","ZCTA5 31409","0","14","0","14","0","14","0","14","0","14","0","14","0","14","0","14","0","14","0","14","0","14","0","14","0","14",
"860Z200US31410","ZCTA5 31410","4470","665","332","152","332","152","243","160","0","27","89","83","0","27","4138","674","4123","681","3476","685","105","107","542","262","15","18",
"860Z200US31411","ZCTA5 31411","1150","217","13","21","13","21","13","21","0","20","0","20","0","20","1137","218","1137","218","965","229","126","138","46","60","0","20",
"860Z200US31415","ZCTA5 31415","3392","891","2943","881","2943","881","428","331","300","231","2215","745","0","23","449","238","449","238","48","59","171","223","230","101","0","23",
"860Z200US31419","ZCTA5 31419","11837","1213","3625","935","3527","923","852","301","0","34","2675","888","98","122","8212","921","8058","947","5159","776","427","214","2472","730","154","218",
"860Z200US31421","ZCTA5 31421","0","14","0","14","0","14","0","14","0","14","0","14","0","14","0","14","0","14","0","14","0","14","0","14","0","14",
"860Z200US31501","ZCTA5 31501","3303","503","1490","425","1490","425","248","187","76","72","1166","388","0","23","1813","485","1813","485","1370","392","95","86","348","224","0","23",
"860Z200US31503","ZCTA5 31503","5668","575","1526","449","1526","449","551","234","166","142","809","430","0","27","4142","609","4114","617","2439","529","80","85","1595","565","28","45",
"860Z200US31510","ZCTA5 31510","2318","222","918","275","918","275","523","243","89","83","306","200","0","20","1400","275","1400","275","806","252","258","146","336","171","0","20",
"860Z200US31512","ZCTA5 31512","615","218","60","58","60","58","14","22","0","14","46","51","0","14","555","205","555","205","529","209","26","36","0","14","0","14",
"860Z200US31513","ZCTA5 31513","3940","266","1602","420","1602","420","582","229","206","209","814","346","0","23","2338","437","2329","437","1640","369","136","178","553","350","9","15",
"860Z200US31516","ZCTA5 31516","3706","296","793","394","793","394","463","324","236","218","94","73","0","23","2913","389","2890","391","2360","302","225","232","305","199","23","37",
"860Z200US31518","ZCTA5 31518","99","119","0","14","0","14","0","14","0","14","0","14","0","14","99","119","99","119","66","80","0","14","33","79","0","14",
"860Z200US31519","ZCTA5 31519","654","262","313","222","313","222","49","54","95","125","169","182","0","14","341","125","341","125","204","106","38","43","99","79","0","14",
"860Z200US31520","ZCTA5 31520","5255","775","2584","678","2561","680","476","341","422","405","1663","570","23","40","2671","756","2671","756","800","335","673","561","1198","413","0","27",
"860Z200US31522","ZCTA5 31522","2440","353","106","90","106","90","20","28","20","31","66","81","0","23","2334","361","2298","357","2109","363","9","16","180","99","36","55",
"860Z200US31523","ZCTA5 31523","3906","635","441","276","441","276","276","248","77","116","88","86","0","23","3465","670","3465","670","2483","515","181","148","801","549","0","23",
"860Z200US31524","ZCTA5 31524","0","14","0","14","0","14","0","14","0","14","0","14","0","14","0","14","0","14","0","14","0","14","0","14","0","14",
"860Z200US31525","ZCTA5 31525","6073","829","1918","678","1918","678","1105","482","0","27","813","523","0","27","4155","829","4155","829","2716","578","281","246","1158","552","0","27",
"860Z200US31527","ZCTA5 31527","0","14","0","14","0","14","0","14","0","14","0","14","0","14","0","14","0","14","0","14","0","14","0","14","0","14",
"860Z200US31532","ZCTA5 31532","238","142","176","134","176","134","151","120","22","66","3","6","0","14","62","56","62","56","62","56","0","14","0","14","0","14",
"860Z200US31533","ZCTA5 31533","4845","516","1905","529","1905","529","501","259","13","24","1391","455","0","23","2940","578","2840","572","1674","406","317","222","849","340","100","125",
"860Z200US31535","ZCTA5 31535","3097","521","1240","389","1240","389","504","295","83","118","653","271","0","23","1857","455","1857","455","1254","400","153","134","450","222","0","23",
"860Z200US31537","ZCTA5 31537","1479","184","735","161","735","161","333","198","208","156","194","127","0","20","744","173","744","173","471","174","36","30","237","124","0","20",
"860Z200US31539","ZCTA5 31539","3615","178","1134","423","1114","424","477","304","109","90","528","337","20","25","2481","404","2481","404","2212","394","71","84","198","134","0","23",
"860Z200US31542","ZCTA5 31542","631","295","234","181","234","181","157","136","65","108","12","18","0","14","397","226","397","226","364","227","0","14","33","40","0","14",
"860Z200US31543","ZCTA5 31543","926","294","227","189","227","189","122","143","54","97","51","68","0","14","699","272","699","272","468","236","97","86","134","124","0","14",
"860Z200US31544","ZCTA5 31544","73","42","14","18","14","18","0","14","2","4","12","18","0","14","59","43","59","43","45","37","14","20","0","14","0","14",
"860Z200US31545","ZCTA5 31545","4546","474","2132","487","2132","487","711","274","0","23","1421","506","0","23","2414","482","2391","481","1490","415","542","320","359","219","23","53",
"860Z200US31546","ZCTA5 31546","1400","383","531","267","531","267","75","80","19","36","437","237","0","20","869","339","869","339","676","376","2","5","191","161","0","20",
"860Z200US31547","ZCTA5 31547","0","14","0","14","0","14","0","14","0","14","0","14","0","14","0","14","0","14","0","14","0","14","0","14","0","14",
"860Z200US31548","ZCTA5 31548","5748","413","1173","378","1107","370","238","186","201","154","668","299","66","71","4575","441","4526","464","3255","449","439","190","832","467","49","71",
"860Z200US31549","ZCTA5 31549","281","122","102","76","102","76","6","9","0","14","96","76","0","14","179","93","179","93","100","70","32","54","47","43","0","14",
"860Z200US31550","ZCTA5 31550","232","129","63","65","63","65","0","14","36","54","27","35","0","14","169","112","169","112","122","90","0","14","47","72","0","14",
"860Z200US31551","ZCTA5 31551","194","126","90","103","90","103","59","86","0","14","31","50","0","14","104","91","104","91","104","91","0","14","0","14","0","14",
"860Z200US31552","ZCTA5 31552","263","174","110","129","110","129","62","82","0","14","48","89","0","14","153","136","153","136","21","35","132","134","0","14","0","14",
"860Z200US31553","ZCTA5 31553","963","178","208","149","191","145","170","144","4","8","17","20","17","27","755","218","755","218","681","235","74","100","0","20","0","20",
"860Z200US31554","ZCTA5 31554","1522","400","654","323","645","325","236","198","23","40","386","264","9","15","868","285","860","284","547","259","163","161","150","112","8","13",
"860Z200US31555","ZCTA5 31555","514","296","204","196","204","196","25","37","0","14","179","195","0","14","310","197","310","197","270","192","36","50","4","7","0","14",
"860Z200US31556","ZCTA5 31556","2","4","0","14","0","14","0","14","0","14","0","14","0","14","2","4","2","4","2","4","0","14","0","14","0","14",
"860Z200US31557","ZCTA5 31557","1107","275","580","202","580","202","97","76","46","60","437","203","0","14","527","217","522","220","456","211","40","32","26","28","5","13",
"860Z200US31558","ZCTA5 31558","5991","400","1653","440","1653","440","389","328","133","153","1131","331","0","27","4338","512","4331","515","3143","580","896","400","292","165","7","17",
"860Z200US31560","ZCTA5 31560","837","263","107","80","107","80","42","54","17","26","48","60","0","14","730","254","730","254","521","253","96","101","113","112","0","14",
"860Z200US31561","ZCTA5 31561","19","26","0","14","0","14","0","14","0","14","0","14","0","14","19","26","19","26","19","26","0","14","0","14","0","14",
"860Z200US31562","ZCTA5 31562","1084","226","785","223","785","223","626","200","0","14","159","130","0","14","299","143","299","143","299","143","0","14","0","14","0","14",
"860Z200US31563","ZCTA5 31563","299","141","4","10","4","10","4","10","0","14","0","14","0","14","295","143","295","143","276","140","0","14","19","34","0","14",
"860Z200US31564","ZCTA5 31564","0","14","0","14","0","14","0","14","0","14","0","14","0","14","0","14","0","14","0","14","0","14","0","14","0","14",
"860Z200US31565","ZCTA5 31565","385","166","19","29","19","29","0","14","0","14","19","29","0","14","366","169","366","169","366","169","0","14","0","14","0","14",
"860Z200US31566","ZCTA5 31566","909","309","492","350","492","350","214","146","4","13","274","312","0","14","417","181","417","181","275","143","48","68","94","112","0","14",
"860Z200US31567","ZCTA5 31567","176","112","22","37","22","37","22","37","0","14","0","14","0","14","154","108","154","108","127","102","27","45","0","14","0","14",
"860Z200US31568","ZCTA5 31568","117","92","39","74","39","74","39","74","0","14","0","14","0","14","78","51","78","51","68","54","0","14","10","17","0","14",
"860Z200US31569","ZCTA5 31569","1380","287","81","62","81","62","42","56","0","20","39","48","0","20","1299","288","1299","288","919","248","47","47","333","220","0","20",
"860Z200US31599","ZCTA5 31599","0","14","0","14","0","14","0","14","0","14","0","14","0","14","0","14","0","14","0","14","0","14","0","14","0","14",
"860Z200US31601","ZCTA5 31601","8096","851","4269","764","4269","764","828","322","374","301","3067","780","0","30","3827","759","3813","761","2482","635","128","85","1203","446","14","25",
"860Z200US31602","ZCTA5 31602","8379","880","3029","698","3029","698","375","283","137","177","2517","762","0","30","5350","810","5350","810","3720","744","147","91","1483","535","0","30",
"860Z200US31605","ZCTA5 31605","5713","613","873","424","873","424","240","189","124","123","509","356","0","27","4840","732","4798","733","3996","716","199","151","603","312","42","50",
"860Z200US31606","ZCTA5 31606","907","317","467","293","467","293","131","134","25","39","311","250","0","14","440","199","440","199","314","142","72","71","54","71","0","14",
"860Z200US31620","ZCTA5 31620","3045","411","790","361","790","361","165","310","353","231","272","187","0","23","2255","318","2255","318","1622","310","55","75","578","251","0","23",
"860Z200US31622","ZCTA5 31622","467","206","168","189","168","189","151","191","0","14","17","19","0","14","299","146","299","146","280","144","8","11","11","13","0","14",
"860Z200US31623","ZCTA5 31623","35","52","23","47","23","47","0","14","0","14","23","47","0","14","12","26","12","26","12","26","0","14","0","14","0","14",
"860Z200US31624","ZCTA5 31624","460","107","240","160","240","160","145","124","25","47","70","77","0","14","220","159","220","159","214","160","0","14","6","10","0","14",
"860Z200US31625","ZCTA5 31625","43","46","4","7","4","7","0","14","0","14","4","7","0","14","39","45","39","45","39","45","0","14","0","14","0","14",
"860Z200US31626","ZCTA5 31626","632","187","350","158","350","158","85","66","0","14","265","144","0","14","282","133","282","133","231","126","4","7","47","50","0","14",
"860Z200US31627","ZCTA5 31627","60","97","54","96","54","96","0","14","0","14","54","96","0","14","6","11","6","11","0","14","6","11","0","14","0","14",
"860Z200US31629","ZCTA5 31629","330","164","201","145","201","145","116","102","85","100","0","14","0","14","129","97","129","97","96","87","0","14","33","51","0","14",
"860Z200US31630","ZCTA5 31630","225","120","64","69","64","69","21","29","0","14","43","61","0","14","161","92","161","92","161","92","0","14","0","14","0","14",
"860Z200US31631","ZCTA5 31631","90","68","12","13","12","13","1","3","1","2","10","12","0","14","78","68","78","68","43","41","0","14","35","55","0","14",
"860Z200US31632","ZCTA5 31632","4345","563","482","233","482","233","263","172","0","23","219","163","0","23","3863","566","3863","566","3005","687","437","251","421","290","0","23",
"860Z200US31634","ZCTA5 31634","1480","130","366","208","366","208","58","82","139","175","169","143","0","20","1114","249","1114","249","1002","264","23","41","89","113","0","20",
"860Z200US31635","ZCTA5 31635","1607","179","802","183","802","183","73","103","210","139","519","230","0","20","805","221","805","221","637","191","73","80","95","98","0","20",
"860Z200US31636","ZCTA5 31636","2810","468","900","437","900","437","252","288","0","23","648","291","0","23","1910","296","1905","294","1495","255","20","31","390","188","5","8",
"860Z200US31637","ZCTA5 31637","722","265","76","52","76","52","60","45","9","15","7","10","0","14","646","265","639","264","599","261","36","43","4","6","7","10",
"860Z200US31638","ZCTA5 31638","113","81","14","26","14","26","0","14","0","14","14","26","0","14","99","69","99","69","75","63","0","14","24","31","0","14",
"860Z200US31639","ZCTA5 31639","2475","265","977","222","977","222","404","170","101","150","472","193","0","23","1498","333","1498","333","1215","300","10","18","273","155","0","23",
"860Z200US31641","ZCTA5 31641","360","209","128","102","128","102","47","62","21","39","60","75","0","14","232","184","232","184","211","180","15","26","6","12","0","14",
"860Z200US31642","ZCTA5 31642","1231","181","502","183","502","183","140","111","27","45","335","173","0","14","729","189","729","189","573","172","132","99","24","41","0","14",
"860Z200US31643","ZCTA5 31643","1932","289","974","234","974","234","124","89","44","47","806","203","0","20","958","317","958","317","548","308","77","67","333","156","0","20",
"860Z200US31645","ZCTA5 31645","1399","421","392","212","378","212","241","192","5","8","132","93","14","20","1007","394","1007","394","902","391","8","15","97","85","0","14",
"860Z200US31647","ZCTA5 31647","762","344","445","286","445","286","177","208","0","14","268","206","0","14","317","219","317","219","240","193","0","14","77","83","0","14",
"860Z200US31648","ZCTA5 31648","299","110","199","120","199","120","169","110","0","14","30","50","0","14","100","69","100","69","68","60","0","14","32","38","0","14",
"860Z200US31649","ZCTA5 31649","117","95","17","27","17","27","17","27","0","14","0","14","0","14","100","89","100","89","82","79","18","35","0","14","0","14",
"860Z200US31650","ZCTA5 31650","706","243","433","198","433","198","318","179","0","14","115","100","0","14","273","152","273","152","206","133","30","45","37","58","0","14",
"860Z200US31698","ZCTA5 31698","0","14","0","14","0","14","0","14","0","14","0","14","0","14","0","14","0","14","0","14","0","14","0","14","0","14",
"860Z200US31699","ZCTA5 31699","0","14","0","14","0","14","0","14","0","14","0","14","0","14","0","14","0","14","0","14","0","14","0","14","0","14",
"860Z200US31701","ZCTA5 31701","3736","618","2327","510","2278","524","302","171","291","177","1685","499","49","68","1409","334","1370","330","831","337","103","81","436","189","39","48",
"860Z200US31704","ZCTA5 31704","0","14","0","14","0","14","0","14","0","14","0","14","0","14","0","14","0","14","0","14","0","14","0","14","0","14",
"860Z200US31705","ZCTA5 31705","7872","782","5141","774","5141","774","740","402","484","286","3917","770","0","30","2731","505","2731","505","1276","392","140","105","1315","342","0","30",
"860Z200US31707","ZCTA5 31707","5254","798","2576","563","2576","563","736","382","34","51","1806","493","0","27","2678","538","2678","538","1335","393","16","24","1327","549","0","27",
"860Z200US31709","ZCTA5 31709","3796","419","1917","427","1917","427","242","109","85","125","1590","395","0","23","1879","499","1879","499","1270","347","9","14","600","401","0","23",
"860Z200US31711","ZCTA5 31711","293","183","21","28","21","28","21","28","0","14","0","14","0","14","272","185","272","185","140","137","54","82","78","87","0","14",
"860Z200US31712","ZCTA5 31712","353","219","37","35","37","35","2","3","3","5","32","35","0","14","316","221","316","221","279","220","25","42","12","14","0","14",
"860Z200US31714","ZCTA5 31714","1482","171","654","201","654","201","46","51","63","94","545","196","0","20","828","237","828","237","509","187","133","178","186","175","0","20",
"860Z200US31716","ZCTA5 31716","501","177","65","63","65","63","0","14","0","14","65","63","0","14","436","168","436","168","264","136","83","93","89","86","0","14",
"860Z200US31719","ZCTA5 31719","1611","393","419","225","419","225","17","28","73","67","329","206","0","20","1192","386","1192","386","655","312","255","278","282","198","0","20",
"860Z200US31720","ZCTA5 31720","86","57","14","15","14","15","6","10","0","14","8","12","0","14","72","56","72","56","0","14","0","14","72","56","0","14",
"860Z200US31721","ZCTA5 31721","4653","724","1457","549","1457","549","621","367","21","25","815","376","0","23","3196","657","3196","657","2176","477","311","310","709","359","0","23",
"860Z200US31722","ZCTA5 31722","118","119","93","118","93","118","9","16","0","14","84","119","0","14","25","19","25","19","14","15","0","14","11","12","0","14",
"860Z200US31727","ZCTA5 31727","0","14","0","14","0","14","0","14","0","14","0","14","0","14","0","14","0","14","0","14","0","14","0","14","0","14",
"860Z200US31730","ZCTA5 31730","2025","327","1339","305","1339","305","497","275","24","45","818","271","0","20","686","270","686","270","374","191","140","130","172","184","0","20",
"860Z200US31733","ZCTA5 31733","386","284","112","126","112","126","112","126","0","14","0","14","0","14","274","280","274","280","274","280","0","14","0","14","0","14",
"860Z200US31735","ZCTA5 31735","9","17","0","14","0","14","0","14","0","14","0","14","0","14","9","17","9","17","9","17","0","14","0","14","0","14",
"860Z200US31738","ZCTA5 31738","832","304","253","156","253","156","48","50","63","90","142","118","0","14","579","303","579","303","363","234","140","183","76","61","0","14",
"860Z200US31743","ZCTA5 31743","126","86","24","35","24","35","0","14","0","14","24","35","0","14","102","80","102","80","98","81","1","2","3","6","0","14",
"860Z200US31744","ZCTA5 31744","675","209","212","146","212","146","33","34","0","14","179","144","0","14","463","168","463","168","410","155","0","14","53","53","0","14",
"860Z200US31747","ZCTA5 31747","121","79","62","60","62","60","19","29","8","13","35","50","0","14","59","52","59","52","28","33","8","13","23","32","0","14",
"860Z200US31749","ZCTA5 31749","709","260","483","200","483","200","281","121","0","14","202","148","0","14","226","180","226","180","51","50","130","152","45","48","0","14",
"860Z200US31750","ZCTA5 31750","4436","183","1763","427","1763","427","447","398","188","222","1128","516","0","23","2673","426","2598","442","1882","419","85","73","631","303","75","64",
"860Z200US31753","ZCTA5 31753","10","18","0","14","0","14","0","14","0","14","0","14","0","14","10","18","10","18","0","14","0","14","10","18","0","14",
"860Z200US31756","ZCTA5 31756","313","185","59","66","59","66","29","45","0","14","30","49","0","14","254","178","254","178","150","111","0","14","104","142","0","14",
"860Z200US31757","ZCTA5 31757","2656","507","1048","360","1048","360","613","267","127","157","308","282","0","23","1608","359","1608","359","1391","335","56","66","161","107","0","23",
"860Z200US31763","ZCTA5 31763","7522","392","1780","510","1780","510","1147","418","270","193","363","195","0","27","5742","576","5718","573","4175","531","124","99","1419","561","24","43",
"860Z200US31764","ZCTA5 31764","235","147","91","85","89","86","2","6","0","14","87","85","2","3","144","107","144","107","110","92","8","13","26","52","0","14",
"860Z200US31765","ZCTA5 31765","847","267","292","135","292","135","133","92","25","28","134","68","0","14","555","244","555","244","314","176","0","14","241","157","0","14",
"860Z200US31768","ZCTA5 31768","5370","558","2244","544","2244","544","546","275","350","228","1348","402","0","27","3126","492","3102","489","1818","396","289","164","995","372","24","42",
"860Z200US31771","ZCTA5 31771","1979","470","946","415","918","414","118","111","91","130","709","391","28","42","1033","300","1033","300","606","229","49","41","378","234","0","20",
"860Z200US31772","ZCTA5 31772","0","14","0","14","0","14","0","14","0","14","0","14","0","14","0","14","0","14","0","14","0","14","0","14","0","14",
"860Z200US31773","ZCTA5 31773","773","384","273","148","273","148","235","129","26","50","12","18","0","14","500","310","500","310","424","323","56","52","20","23","0","14",
"860Z200US31774","ZCTA5 31774","1407","181","561","244","561","244","122","107","0","20","439","221","0","20","846","229","846","229","373","151","35","47","438","178","0","20",
"860Z200US31775","ZCTA5 31775","838","254","81","67","81","67","78","63","0","14","3","15","0","14","757","260","757","260","325","156","85","65","347","214","0","14",
"860Z200US31778","ZCTA5 31778","710","234","244","168","234","167","210","166","2","3","22","29","10","17","466","192","466","192","371","181","49","56","46","37","0","14",
"860Z200US31779","ZCTA5 31779","1864","295","899","277","899","277","468","221","58","85","373","206","0","20","965","299","965","299","605","248","89","109","271","189","0","20",
"860Z200US31780","ZCTA5 31780","476","277","249","241","249","241","199","243","0","14","50","43","0","14","227","151","227","151","181","125","34","49","12","15","0","14",
"860Z200US31781","ZCTA5 31781","507","173","232","116","232","116","193","109","0","14","39","47","0","14","275","169","272","168","220","148","0","14","52","72","3","6",
"860Z200US31783","ZCTA5 31783","388","243","59","67","59","67","53","63","0","14","6","14","0","14","329","227","329","227","324","226","5","9","0","14","0","14",
"860Z200US31784","ZCTA5 31784","84","93","29","62","29","62","0","14","0","14","29","62","0","14","55","63","55","63","53","62","2","7","0","14","0","14",
"860Z200US31787","ZCTA5 31787","260","174","33","43","33","43","10","24","16","26","7","12","0","14","227","168","227","168","160","152","0","14","67","91","0","14",
"860Z200US31788","ZCTA5 31788","2939","472","1014","424","1014","424","483","287","334","344","197","125","0","23","1925","349","1925","349","1156","356","353","209","416","256","0","23",
"860Z200US31789","ZCTA5 31789","257","146","141","125","141","125","37","37","78","117","26","32","0","14","116","89","116","89","85","79","2","4","29","27","0","14",
"860Z200US31790","ZCTA5 31790","711","199","122","72","122","72","40","41","28","50","54","49","0","14","589","205","570","203","483","211","0","14","87","89","19","30",
"860Z200US31791","ZCTA5 31791","2625","249","1241","322","1241","322","217","145","173","109","851","331","0","23","1384","320","1384","320","678","271","160","121","546","237","0","23",
"860Z200US31792","ZCTA5 31792","5359","447","2443","538","2443","538","85","73","583","492","1775","504","0","27","2916","495","2897","495","2239","479","317","244","341","171","19","34",
"860Z200US31793","ZCTA5 31793","2242","429","308","174","308","174","148","123","47","59","113","112","0","23","1934","402","1934","402","1607","398","0","23","327","231","0","23",
"860Z200US31794","ZCTA5 31794","6586","456","2195","459","2195","459","687","304","340","297","1168","382","0","27","4391","577","4307","591","2066","431","548","379","1693","464","84","137",
"860Z200US31795","ZCTA5 31795","303","181","43","57","43","57","38","55","0","14","5","8","0","14","260","170","239","162","141","91","0","14","98","125","21","30",
"860Z200US31796","ZCTA5 31796","131","100","106","87","106","87","47","81","7","12","52","53","0","14","25","42","25","42","22","40","0","14","3","5","0","14",
"860Z200US31798","ZCTA5 31798","141","95","0","14","0","14","0","14","0","14","0","14","0","14","141","95","141","95","141","95","0","14","0","14","0","14",
"860Z200US31801","ZCTA5 31801","564","226","125","117","125","117","120","118","0","14","5","10","0","14","439","205","439","205","296","158","53","69","90","106","0","14",
"860Z200US31803","ZCTA5 31803","1037","197","349","103","321","96","116","72","0","14","205","86","28","35","688","185","688","185","515","180","21","35","152","116","0","14",
"860Z200US31804","ZCTA5 31804","1534","361","390","286","390","286","190","227","14","23","186","192","0","20","1144","431","1128","435","852","366","0","20","276","251","16","27",
"860Z200US31805","ZCTA5 31805","493","113","230","111","230","111","61","65","45","57","124","83","0","14","263","106","263","106","140","88","73","56","50","73","0","14",
"860Z200US31806","ZCTA5 31806","1026","187","187","87","187","87","111","65","18","17","58","48","0","14","839","187","839","187","670","190","22","29","147","107","0","14",
"860Z200US31807","ZCTA5 31807","567","211","93","78","93","78","86","76","7","13","0","14","0","14","474","196","474","196","474","196","0","14","0","14","0","14",
"860Z200US31808","ZCTA5 31808","2400","400","255","231","255","231","232","226","23","43","0","20","0","20","2145","400","2145","400","1576","313","228","191","341","280","0","20",
"860Z200US31810","ZCTA5 31810","26","28","11","19","11","19","11","19","0","14","0","14","0","14","15","18","15","18","8","15","7","13","0","14","0","14",
"860Z200US31811","ZCTA5 31811","1140","349","216","124","216","124","65","60","7","12","144","116","0","20","924","336","924","336","811","335","17","32","96","51","0","20",
"860Z200US31812","ZCTA5 31812","89","64","61","53","61","53","54","50","2","4","5","10","0","14","28","32","28","32","23","31","0","14","5","7","0","14",
"860Z200US31814","ZCTA5 31814","0","14","0","14","0","14","0","14","0","14","0","14","0","14","0","14","0","14","0","14","0","14","0","14","0","14",
"860Z200US31815","ZCTA5 31815","259","121","105","71","105","71","0","14","0","14","105","71","0","14","154","123","154","123","17","26","6","11","131","119","0","14",
"860Z200US31816","ZCTA5 31816","1226","208","731","200","731","200","58","63","119","96","554","201","0","14","495","177","495","177","207","123","106","123","182","106","0","14",
"860Z200US31820","ZCTA5 31820","3562","669","281","211","281","211","142","112","0","23","139","161","0","23","3281","686","3281","686","2814","712","72","75","395","237","0","23",
"860Z200US31821","ZCTA5 31821","0","14","0","14","0","14","0","14","0","14","0","14","0","14","0","14","0","14","0","14","0","14","0","14","0","14",
"860Z200US31822","ZCTA5 31822","1314","311","735","251","735","251","482","223","0","20","253","179","0","20","579","229","579","229","384","170","81","105","114","108","0","20",
"860Z200US31823","ZCTA5 31823","21","23","12","18","12","18","0","14","12","18","0","14","0","14","9","14","9","14","0","14","0","14","9","14","0","14",
"860Z200US31824","ZCTA5 31824","68","64","65","62","65","62","49","61","0","14","16","16","0","14","3","7","3","7","3","7","0","14","0","14","0","14",
"860Z200US31825","ZCTA5 31825","566","151","367","164","352","165","128","134","20","28","204","125","15","20","199","102","199","102","151","82","0","14","48","64","0","14",
"860Z200US31826","ZCTA5 31826","634","168","285","135","285","135","77","89","104","109","104","41","0","14","349","154","349","154","259","142","12","14","78","70","0","14",
"860Z200US31827","ZCTA5 31827","183","88","84","56","84","56","0","14","0","14","84","56","0","14","99","78","99","78","22","20","3","5","74","73","0","14",
"860Z200US31829","ZCTA5 31829","379","282","0","14","0","14","0","14","0","14","0","14","0","14","379","282","379","282","266","239","0","14","113","140","0","14",
"860Z200US31830","ZCTA5 31830","240","158","134","119","134","119","43","53","0","14","91","104","0","14","106","94","106","94","58","58","37","55","11","26","0","14",
"860Z200US31831","ZCTA5 31831","1156","288","91","84","91","84","91","84","0","14","0","14","0","14","1065","291","1065","291","1014","296","19","34","32","28","0","14",
"860Z200US31832","ZCTA5 31832","3","6","3","6","3","6","3","6","0","14","0","14","0","14","0","14","0","14","0","14","0","14","0","14","0","14",
"860Z200US31833","ZCTA5 31833","1830","676","706","571","706","571","538","552","93","79","75","138","0","20","1124","497","1124","497","816","536","0","20","308","220","0","20",
"860Z200US31836","ZCTA5 31836","218","136","170","139","170","139","43","59","0","14","127","127","0","14","48","31","48","31","31","35","17","18","0","14","0","14",
"860Z200US31901","ZCTA5 31901","600","179","254","177","254","177","15","26","9","13","230","170","0","20","346","141","308","133","148","120","0","20","160","88","38","33",
"860Z200US31903","ZCTA5 31903","6166","990","4530","932","4420","940","684","360","286","187","3450","887","110","109","1636","448","1636","448","1112","420","178","199","346","212","0","27",
"860Z200US31904","ZCTA5 31904","8856","978","3568","736","3568","736","560","260","158","118","2850","735","0","30","5288","852","5273","855","3878","884","397","211","998","392","15","26",
"860Z200US31905","ZCTA5 31905","4067","449","443","241","443","241","378","226","2","7","63","83","0","23","3624","451","3624","451","3192","409","37","52","395","258","0","23",
"860Z200US31906","ZCTA5 31906","5221","966","2339","742","2339","742","304","193","23","34","2012","727","0","27","2882","708","2882","708","2113","653","147","116","622","275","0","27",
"860Z200US31907","ZCTA5 31907","12973","1258","4968","951","4874","936","1488","503","228","206","3158","814","94","80","8005","1209","8005","1209","3815","1147","1091","469","3099","668","0","34",
"860Z200US31909","ZCTA5 31909","9337","990","1299","655","1299","655","231","132","250","336","818","563","0","30","8038","766","8000","768","4658","631","750","394","2592","649","38","41",
"860Z200US36855","ZCTA5 36855","172","128","154","120","154","120","0","13","82","88","72","74","0","13","18","36","18","36","18","36","0","13","0","13","0","13",
"860Z200US39813","ZCTA5 39813","339","118","161","93","161","93","0","14","0","14","161","93","0","14","178","95","178","95","64","54","8","11","106","80","0","14",
"860Z200US39815","ZCTA5 39815","322","149","217","129","217","129","23","23","0","14","194","125","0","14","105","87","105","87","35","37","0","14","70","72","0","14",
"860Z200US39817","ZCTA5 39817","3142","502","2220","524","2220","524","462","439","60","90","1698","544","0","23","922","243","922","243","790","235","0","23","132","109","0","23",
"860Z200US39819","ZCTA5 39819","2556","478","473","289","451","282","134","118","59","67","258","255","22","40","2083","527","2083","527","1362","459","38","50","683","391","0","23",
"860Z200US39823","ZCTA5 39823","2184","154","1046","310","1046","310","333","253","85","68","628","206","0","20","1138","308","1138","308","743","264","13","27","382","167","0","20",
"860Z200US39824","ZCTA5 39824","166","90","58","67","58","67","0","14","0","14","58","67","0","14","108","68","108","68","108","68","0","14","0","14","0","14",
"860Z200US39825","ZCTA5 39825","473","228","171","178","171","178","123","169","0","14","48","65","0","14","302","137","302","137","176","110","0","14","126","118","0","14",
"860Z200US39826","ZCTA5 39826","94","116","49","119","41","116","8","11","8","113","25","28","8","15","45","44","45","44","40","44","0","14","5","8","0","14",
"860Z200US39827","ZCTA5 39827","1160","285","424","223","424","223","56","52","71","76","297","199","0","14","736","205","736","205","439","132","0","14","297","175","0","14",
"860Z200US39828","ZCTA5 39828","4359","315","1066","295","1066","295","97","135","93","119","876","250","0","23","3293","401","3199","408","2345","445","384","258","470","253","94","97",
"860Z200US39832","ZCTA5 39832","0","14","0","14","0","14","0","14","0","14","0","14","0","14","0","14","0","14","0","14","0","14","0","14","0","14",
"860Z200US39834","ZCTA5 39834","530","196","186","132","186","132","24","32","72","92","90","66","0","14","344","196","344","196","328","199","4","8","12","13","0","14",
"860Z200US39836","ZCTA5 39836","33","48","28","46","28","46","0","14","0","14","28","46","0","14","5","12","5","12","0","14","5","12","0","14","0","14",
"860Z200US39837","ZCTA5 39837","1303","88","452","109","452","109","82","72","30","37","340","90","0","20","851","122","851","122","670","146","72","62","109","82","0","20",
"860Z200US39840","ZCTA5 39840","1330","235","868","355","868","355","230","158","14","21","624","319","0","14","462","355","462","355","124","154","30","56","308","327","0","14",
"860Z200US39841","ZCTA5 39841","152","92","126","92","126","92","67","80","11","13","48","42","0","14","26","24","26","24","19","20","0","14","7","13","0","14",
"860Z200US39842","ZCTA5 39842","1814","122","1383","115","1383","115","369","209","51","65","963","181","0","20","431","136","431","136","393","120","5","10","33","36","0","20",
"860Z200US39845","ZCTA5 39845","1681","148","627","145","627","145","127","85","51","78","449","180","0","20","1054","180","1054","180","629","200","201","156","224","120","0","20",
"860Z200US39846","ZCTA5 39846","484","128","300","138","298","137","26","30","7","11","265","142","2","5","184","98","184","98","144","101","18","27","22","25","0","14",
"860Z200US39851","ZCTA5 39851","396","126","253","137","253","137","13","22","2","4","238","133","0","14","143","92","143","92","91","71","13","20","39","45","0","14",
"860Z200US39854","ZCTA5 39854","317","108","250","112","250","112","0","14","0","14","250","112","0","14","67","41","67","41","23","34","14","23","30","26","0","14",
"860Z200US39859","ZCTA5 39859","236","110","95","76","95","76","9","18","0","14","86","77","0","14","141","99","141","99","109","84","32","64","0","14","0","14",
"860Z200US39861","ZCTA5 39861","200","114","74","60","74","60","13","25","0","14","61","55","0","14","126","95","126","95","106","87","0","14","20","26","0","14",
"860Z200US39862","ZCTA5 39862","100","65","18","21","18","21","9","14","4","8","5","8","0","14","82","63","82","63","82","63","0","14","0","14","0","14",
"860Z200US39866","ZCTA5 39866","43","27","3","5","3","5","0","14","0","14","3","5","0","14","40","27","40","27","40","27","0","14","0","14","0","14",
"860Z200US39867","ZCTA5 39867","0","14","0","14","0","14","0","14","0","14","0","14","0","14","0","14","0","14","0","14","0","14","0","14","0","14",
"860Z200US39870","ZCTA5 39870","328","121","192","96","192","96","41","43","6","10","145","95","0","14","136","103","136","103","35","32","14","16","87","104","0","14",
"860Z200US39877","ZCTA5 39877","23","26","2","3","2","3","0","14","0","14","2","3","0","14","21","26","21","26","21","26","0","14","0","14","0","14",
"860Z200US39885","ZCTA5 39885","0","14","0","14","0","14","0","14","0","14","0","14","0","14","0","14","0","14","0","14","0","14","0","14","0","14",
"860Z200US39886","ZCTA5 39886","303","116","143","82","143","82","5","19","41","46","97","66","0","14","160","72","160","72","160","72","0","14","0","14","0","14",
"860Z200US39897","ZCTA5 39897","470","202","135","100","135","100","100","96","0","14","35","31","0","14","335","148","335","148","183","120","16","23","136","103","0","14",
