STATEFP10,STATE,STATE_ABV,ZCTA,GEOID10,MULTI_STATE,POP,PR_HRI,F_HRI,LOW_EMS,P_NEHD,PR_NEHD,HHB_SCORE,HHB_RANK,P_CHD,PR_CHD,F_CHD,P_OBS,PR_OBS,F_OBS,P_DIABETES,PR_DIABETES,F_DIABETES,P_COPD,PR_COPD,F_COPD,P_ASTHMA,PR_ASTHMA,F_ASTHMA,P_MNTHL,PR_MNTHL,F_MNTHL,F_SEN_COUNT,SEN_SCORE,SEN_RANK,P_UNINSUR,PR_UNINSUR,P_POV,PR_POV,P_UNEMP,PR_UNEMP,P_NOHSDP,PR_NOHSDP,P_ISO,PR_ISO,P_ELP,PR_ELP,P_DISABL,PR_DISABL,P_ODW,PR_ODW,P_AGE65,PR_AGE65,P_AGE5,PR_AGE5,SOCIODEM_SCORE,SOCIODEM_RANK,P_IMPERV,PR_IMPERV,P_TREEC,PR_TREEC,P_NOVEH,PR_NOVEH,P_MOBILE,PR_MOBILE,P_RENT,PR_RENT,P_OZONE,PR_OZONE,P_PM25,PR_PM25,NBE_SCORE,NBE_RANK,OVERALL_SCORE,OVERALL_RANK
13,GA,Georgia,30002,1330002,0,5861,20,0.25,0,4,0.0497,0.1499,0.0122,4.6,0.112,0,32,0.2224,0,10.6,0.4152,0,5.3,0.1363,0,10,0.3568,0,15.4,0.3925,0,0,0,0,9.4,0.6623,19.92071358,0.4706,3.8,0.423,3.8,0.1449,25.46557857,0.9369,1.793886143,0.7561,10.4,0.2459,3.666050524,0.1029,15.1,0.322,9.8,0.9382,0.5003,0.5178,27.06479672,0.8437,37.15175492,0.3702,12.7,0.9039,0,0,42.77600284,0.858,1.333333333,0.7627,0,0,0.5341,0.7236,0.3134,0.2006
13,GA,Georgia,30004,1330004,0,53033,59,0.75,0,5,0.0685,0.4092,0.2248,3.3,0.0266,0,25.3,0.0481,0,6.9,0.0416,0,3.5,0.0222,0,8.5,0.0397,0,12.4,0.0707,0,0,0,0,7.7,0.5685,7.675576319,0.1067,3,0.3122,5.2,0.2231,8.875039611,0.1818,2.378909859,0.7985,5.2,0.0372,3.464626484,0.0976,8.9,0.0724,7.2,0.7801,0.3178,0.1188,15.04645058,0.7757,45.54568334,0.2867,1.8,0.2524,1.5,0.2712,21.65181482,0.4489,1,0.6973,0,0,0.3903,0.3597,0.1758,0.0408
13,GA,Georgia,30005,1330005,0,34442,63,0.75,0,4.666666667,0.063,0.4065,0.2226,2.9,0.0182,0,23.7,0.028,0,6.9,0.0416,0,3.1,0.014,0,8.2,0.0179,0,11.7,0.0357,0,0,0,0,4.3,0.3037,7.169388897,0.0947,3.5,0.3811,3.4,0.1255,8.468916519,0.1621,3.011758418,0.8329,4.9,0.0338,1.552929829,0.057,7.3,0.0476,5.1,0.4383,0.2477,0.0411,32.19769422,0.8689,36.10640481,0.3794,2.5,0.3289,0.4,0.1847,32.38947213,0.7265,0.666666667,0.618,0,0,0.4438,0.5077,0.1929,0.0524
13,GA,Georgia,30008,1330008,0,29822,54,0.75,0,4.4,0.0577,0.4038,0.216,4.6,0.112,0,35.9,0.4382,0,11.3,0.5201,0,6,0.2144,0,10.7,0.6183,0,17.3,0.6711,1,1,0.1667,0.3497,24.7,0.9658,29.93777144,0.7396,4.4,0.5068,20.5,0.8503,14.55625028,0.5678,12.37848555,0.965,12,0.3518,17.3631548,0.8034,8.8,0.0709,7,0.755,0.6576,0.8858,24.97870665,0.8332,40.32466387,0.3388,9.3,0.8279,3.4,0.3609,46.52406417,0.8863,1.666666667,0.8026,0,0,0.5785,0.8049,0.5641,0.6861
13,GA,Georgia,30009,1330009,0,13722,89,1,0,5.2,0.0734,0.5367,0.4672,4.2,0.0732,0,24.5,0.0369,0,7.8,0.0873,0,4.2,0.0489,0,8.5,0.0397,0,12.4,0.0707,0,0,0,0,8.8,0.6323,11.29966645,0.2028,5.2,0.6062,3.9,0.1502,14.93101056,0.5935,1.597796143,0.737,7.4,0.0874,2.084513425,0.0658,14.7,0.2985,6,0.5991,0.3973,0.2647,34.13919779,0.8777,35.55283649,0.3846,5.5,0.6227,0,0,37.82652619,0.8071,0.666666667,0.618,0,0,0.4729,0.5853,0.3293,0.2293
13,GA,Georgia,30011,1330011,0,14402,46,0.5,0,3.666666667,0.0433,0.2716,0.0716,4.5,0.1016,0,36.8,0.5112,0,9.1,0.2089,0,6,0.2144,0,9.9,0.3207,0,16.8,0.5996,0,0,0,0,17.9,0.9104,21.82635109,0.5287,7.3,0.7861,14.8,0.7095,8.465918607,0.1619,2.563755665,0.8091,13.5,0.4541,10.20380978,0.4405,10.8,0.122,6.5,0.6827,0.5605,0.6733,9.218541919,0.7239,45.20375513,0.2897,2.5,0.3289,9.1,0.5583,20.63524176,0.4182,0,0,0,0,0.3313,0.2153,0.24,0.098
13,GA,Georgia,30012,1330012,0,27258,57,0.75,0,3.666666667,0.0433,0.3966,0.2031,6,0.3488,0,40.6,0.8027,1,13.2,0.7548,1,7.3,0.4066,0,11,0.719,1,18.2,0.7754,1,4,0.6667,0.7602,19.2,0.926,35.67322891,0.8394,6.3,0.7148,18.9,0.8189,12.72372763,0.434,4.446192456,0.8813,11.2,0.2979,11.48648649,0.5219,13.2,0.2183,6.6,0.6979,0.635,0.841,10.12917902,0.7337,49.25754718,0.2493,7.1,0.734,10.7,0.6004,45.09665727,0.8767,1.666666667,0.8026,0,0,0.571,0.7928,0.6493,0.8186
13,GA,Georgia,30013,1330013,0,25183,81,1,0,4,0.0497,0.5248,0.4455,4.8,0.1385,0,40.3,0.7839,1,12,0.6182,0,5.5,0.1573,0,10.6,0.5818,0,16.2,0.5096,0,1,0.1667,0.3497,10.8,0.7267,18.94546004,0.4404,9.9,0.8883,7,0.3346,12.12509234,0.39,1.846545686,0.7606,10.2,0.2339,6.834305534,0.2369,11.7,0.1525,5.4,0.4912,0.4655,0.4266,18.37616431,0.7975,42.41271777,0.3182,4.5,0.5366,0.6,0.2083,37.03046745,0.7976,2,0.8311,0,0,0.4985,0.6471,0.4672,0.4983
13,GA,Georgia,30014,1330014,0,35037,73,0.75,0,4.2,0.0542,0.4021,0.2131,5.9,0.3285,0,39.1,0.7026,1,12.4,0.6687,1,7.3,0.4066,0,10.6,0.5818,0,17.6,0.7082,1,3,0.5,0.6536,14.9,0.8553,25.76520311,0.6405,6.7,0.7454,16,0.7475,12.48235906,0.4164,1.081794937,0.6713,16.2,0.6242,12.07875133,0.5591,13,0.2078,6.4,0.6659,0.6133,0.795,5.479792946,0.6682,48.74873615,0.2545,7.4,0.7497,5.8,0.4547,39.84614236,0.8309,1.333333333,0.7627,0,0,0.5315,0.7187,0.5951,0.7381
13,GA,Georgia,30016,1330016,0,51140,57,0.75,0,4,0.0497,0.3998,0.2111,4.7,0.1251,0,41.5,0.8503,1,11.6,0.564,0,6.2,0.2402,0,11,0.719,1,18.3,0.786,1,3,0.5,0.6536,11.2,0.7422,25.30266783,0.6286,6.4,0.7227,11.3,0.5731,9.270722865,0.2018,0.72606496,0.6064,13.6,0.4604,10.77082295,0.4764,10.4,0.1103,6.3,0.6495,0.5171,0.561,5.515494319,0.669,53.99476469,0.2044,3.7,0.4571,3.5,0.3656,29.93050692,0.676,1.666666667,0.8026,0,0,0.4535,0.5346,0.4901,0.5437
13,GA,Georgia,30017,1330017,0,20160,50,0.75,0,13.56833333,0.5452,0.6476,0.6769,4.2,0.0732,0,31.4,0.1997,0,9,0.1979,0,4.8,0.0893,0,9.3,0.1494,0,13.6,0.1596,0,0,0,0,7.5,0.5553,8.845603228,0.1342,4.4,0.5068,7.1,0.3413,5.625663404,0.0638,1.005753636,0.6587,10.9,0.2787,3.701875617,0.1041,11,0.1291,5.7,0.5455,0.3318,0.1402,21.39920175,0.8147,36.37351807,0.3773,1.7,0.2412,1.1,0.2477,11.05899076,0.1476,1,0.6973,0,0,0.3608,0.2843,0.2754,0.1423
13,GA,Georgia,30019,1330019,0,40447,55,0.75,0,11.64,0.4081,0.5791,0.5624,3.8,0.0462,0,30.7,0.1733,0,7.9,0.0945,0,4.4,0.0612,0,9.1,0.1116,0,13.8,0.1803,0,0,0,0,10.8,0.7267,10.27037022,0.1736,4.4,0.5068,6,0.2729,4.116807873,0.0379,1.883074228,0.7638,7,0.0754,6.348142875,0.2124,9.2,0.0781,6.4,0.6659,0.3514,0.1734,15.85959279,0.7818,46.99344859,0.272,1.3,0.2054,1.2,0.2535,15.56504691,0.2615,0.5,0.6086,0,0,0.3404,0.2355,0.2428,0.1008
13,GA,Georgia,30021,1330021,0,21989,50,0.75,0,3.96,0.0492,0.3996,0.2109,4.6,0.112,0,37.9,0.605,0,14.1,0.8264,1,7.2,0.3895,0,12.3,0.9394,1,21.8,0.9656,1,3,0.5,0.6536,26.1,0.9719,55.71653812,0.9709,9.9,0.8883,32.1,0.9593,11.65017555,0.3547,25.53510171,0.9934,7.5,0.0908,7.263073532,0.2609,5.7,0.0336,11.9,0.9708,0.6495,0.8695,31.34648582,0.865,38.76179775,0.3539,15.8,0.935,0.4,0.1847,77.31152205,0.9807,0.333333333,0.458,0,0,0.5396,0.7347,0.6172,0.7724
13,GA,Georgia,30022,1330022,0,64359,59,0.75,0,4.45,0.0597,0.4048,0.2171,3.4,0.0293,0,24.4,0.0357,0,7.5,0.0673,0,3.5,0.0222,0,8.4,0.0302,0,12.2,0.0598,0,0,0,0,8.4,0.6106,9.481931564,0.1511,4.4,0.5068,3,0.1071,9.02011041,0.1886,2.760750194,0.8206,6.2,0.0541,2.834702287,0.0817,9.8,0.0932,4.6,0.3594,0.2973,0.0912,30.51141705,0.8609,39.87393485,0.3428,1.9,0.2635,0.7,0.2191,27.93649464,0.6298,0.333333333,0.458,0,0,0.3963,0.3762,0.1711,0.0382
13,GA,Georgia,30024,1330024,0,64614,60,0.75,0,4.375,0.0576,0.4038,0.216,3.3,0.0266,0,26.8,0.0724,0,7.7,0.0806,0,3.5,0.0222,0,8.3,0.0235,0,12,0.0491,0,0,0,0,6.9,0.5138,8.539385712,0.1271,3.6,0.3956,4.1,0.1612,4.891993782,0.0487,4.146545875,0.8732,4.6,0.0304,3.079201348,0.0878,8.2,0.0601,4.8,0.3895,0.2687,0.0587,26.66346162,0.8417,37.83000651,0.3627,1.2,0.1975,0.7,0.2191,14.96014463,0.2433,0.333333333,0.458,0,0,0.3318,0.2164,0.1228,0.0149
13,GA,Georgia,30025,1330025,0,9270,81,1,0,3.9,0.048,0.524,0.4421,6.4,0.4347,0,36.3,0.47,0,12.1,0.6309,0,7.5,0.4403,0,10.1,0.3953,0,16.5,0.5552,0,0,0,0,7.6,0.5621,18.3639399,0.4223,4.2,0.4801,18.2,0.8035,7.260367097,0.112,0.647568873,0.5879,13,0.4209,11.83820415,0.5443,18,0.5067,5.9,0.5819,0.5022,0.5222,3.364869371,0.6041,46.36905105,0.2786,0.6,0.1554,5.4,0.4409,19.70717423,0.3905,0.666666667,0.618,0,0,0.3554,0.272,0.3091,0.1936
13,GA,Georgia,30028,1330028,0,22182,65,0.75,0,4.925,0.068,0.409,0.2244,4.2,0.0732,0,29.7,0.1418,0,7.7,0.0806,0,5,0.1064,0,9.3,0.1494,0,14.3,0.2409,0,0,0,0,11.5,0.7537,11.181271,0.199,2.5,0.2531,10.5,0.5339,6.371971521,0.0828,1.374003847,0.7127,8.7,0.1462,6.212368067,0.2051,11.1,0.1322,6.1,0.6163,0.3635,0.1948,6.220503018,0.6824,46.46665017,0.2777,1.2,0.1975,9.9,0.5803,12.67104239,0.1839,1,0.6973,0,0,0.3742,0.3174,0.1842,0.0462
13,GA,Georgia,30030,1330030,0,26473,75,1,0,4,0.0497,0.5248,0.4455,3.7,0.0416,0,26.6,0.0689,0,7.6,0.0743,0,3.6,0.0251,0,9.1,0.1116,0,13,0.1061,0,0,0,0,5,0.3652,12.74506507,0.2442,3.7,0.4104,4.4,0.1785,21.07789554,0.8737,0.841727125,0.6304,9.3,0.1788,1.84578951,0.0615,13.3,0.2226,7.2,0.7801,0.3945,0.2581,29.09414904,0.8536,38.13027944,0.36,14.1,0.9208,0.1,0.1293,38.4413022,0.8147,1.333333333,0.7627,0,0,0.5487,0.7532,0.3642,0.2934
13,GA,Georgia,30032,1330032,0,47222,66,0.75,0,3.988888889,0.0497,0.3998,0.2111,5.6,0.2682,0,41.6,0.8556,1,16.7,0.9433,1,7.1,0.3747,0,11.9,0.9011,1,18.8,0.8293,1,4,0.6667,0.7602,18.3,0.9155,36.70552839,0.8535,11.4,0.9191,15.1,0.7198,17.16321065,0.7293,0.55756347,0.5657,15.8,0.6011,5.610144114,0.1743,14.1,0.2635,5.4,0.4912,0.6233,0.816,26.34313999,0.84,40.70815953,0.3347,17,0.944,0.5,0.1976,53.08358671,0.9224,1.666666667,0.8026,0,0,0.5773,0.8026,0.6475,0.8161
13,GA,Georgia,30033,1330033,0,30763,54,0.75,0,3.966666667,0.0493,0.3996,0.2109,4.2,0.0732,0,24.8,0.041,0,7.9,0.0945,0,4.1,0.0438,0,9,0.096,0,14.5,0.2671,0,0,0,0,10.4,0.7092,19.08219671,0.4442,2.3,0.2343,6.7,0.3155,18.63608687,0.7967,3.914670419,0.8669,7.4,0.0874,2.343049327,0.0705,14.8,0.3039,4.8,0.3895,0.4218,0.3211,26.19577448,0.8392,44.18791921,0.3013,6.1,0.6702,0.2,0.1491,38.26173065,0.8124,1.333333333,0.7627,0,0,0.505,0.6621,0.2985,0.1772
13,GA,Georgia,30034,1330034,0,43113,64,0.75,0,4,0.0497,0.3998,0.2111,4.5,0.1016,0,39.2,0.7106,1,14.4,0.8473,1,5.3,0.1363,0,11.5,0.8408,1,16.3,0.5238,0,3,0.5,0.6536,13.7,0.824,22.79393384,0.5574,10.9,0.9101,9.2,0.4662,13.78436082,0.5137,0.569869524,0.5687,14.5,0.5195,4.884697891,0.1434,16.3,0.3968,5.8,0.5645,0.5464,0.6364,23.76903947,0.827,40.61239307,0.3358,9.3,0.8279,0.2,0.1491,37.97549968,0.8086,2.666666667,0.868,0,0,0.5452,0.7458,0.5617,0.6822
13,GA,Georgia,30035,1330035,0,20396,63,0.75,0,3.975,0.0495,0.3998,0.2111,4.7,0.1251,0,40.4,0.7905,1,14.9,0.8763,1,5.9,0.202,0,11.9,0.9011,1,17.7,0.7205,1,4,0.6667,0.7602,16.9,0.8957,30.38982391,0.7496,11.1,0.9139,9.4,0.4772,16.2307333,0.6757,1.117031221,0.6764,11,0.2852,6.344776258,0.2121,10.4,0.1103,7.9,0.8489,0.5845,0.7299,28.34319699,0.8503,41.55802688,0.3265,13.3,0.9115,0.1,0.1293,51.51226482,0.9145,0.666666667,0.618,0,0,0.5357,0.7269,0.607,0.7568
13,GA,Georgia,30038,1330038,0,37233,62,0.75,0,3.9,0.048,0.399,0.2103,3.7,0.0416,0,39.4,0.7247,1,12.4,0.6687,1,4.7,0.0817,0,11.7,0.8748,1,17,0.6282,0,3,0.5,0.6536,14.1,0.835,25.54286592,0.6346,7.8,0.8135,8.4,0.4211,19.09289655,0.8161,0.599507254,0.5765,11.5,0.3187,4.960400167,0.1466,8.3,0.0618,7.6,0.8231,0.5447,0.6321,12.99220762,0.7596,51.33908107,0.2295,3.2,0.4037,0.5,0.1976,49.17624908,0.9021,2,0.8311,0,0,0.4748,0.5901,0.5215,0.6056
13,GA,Georgia,30039,1330039,0,41517,47,0.5,0,3.766666667,0.0445,0.2722,0.0718,4,0.058,0,35.8,0.4297,0,10.2,0.3566,0,5,0.1064,0,10.3,0.4679,0,15.2,0.3627,0,0,0,0,12.8,0.7968,17.56660373,0.3956,4.5,0.5199,8.4,0.4211,7.508185616,0.1218,3.263658063,0.8442,8.5,0.1367,9.212682287,0.378,10.5,0.1127,6.2,0.633,0.436,0.3554,15.19763269,0.7769,48.19317919,0.2596,2.9,0.3705,3.2,0.352,22.38537009,0.4727,1,0.6973,0,0,0.4184,0.4381,0.2163,0.0735
13,GA,Georgia,30040,1330040,0,54653,62,0.75,0,4.893333333,0.067,0.4085,0.224,4.2,0.0732,0,29.1,0.1239,0,7.9,0.0945,0,4.7,0.0817,0,9,0.096,0,13.5,0.15,0,0,0,0,8.7,0.6272,10.60893136,0.1831,3.5,0.3811,7.6,0.3725,8.279959873,0.1534,2.90406274,0.8277,8.2,0.1211,6.440091216,0.2171,12.1,0.1689,7,0.755,0.3807,0.2306,14.86050805,0.7742,40.05368943,0.3408,2.1,0.2854,3.4,0.3609,17.74938733,0.3266,1,0.6973,0,0,0.3979,0.3808,0.2088,0.0665
13,GA,Georgia,30041,1330041,0,52749,54,0.75,0,4.52,0.0607,0.4054,0.2197,4.2,0.0732,0,28.2,0.1012,0,7.9,0.0945,0,4.5,0.0672,0,8.8,0.0706,0,12.6,0.0823,0,0,0,0,7.2,0.5359,7.31982961,0.0982,3.7,0.4104,5.6,0.248,6.59706797,0.0904,2.045287413,0.7774,6.7,0.0673,4.576672587,0.1324,12.7,0.1934,5.6,0.5283,0.3082,0.1054,12.90923349,0.7587,38.22910271,0.3592,1.5,0.2226,2.8,0.3336,15.16102679,0.2492,1,0.6973,0,0,0.3744,0.3179,0.1608,0.0323
13,GA,Georgia,30043,1330043,0,80241,48,0.5,0,4.15,0.054,0.277,0.0758,3.8,0.0462,0,30.7,0.1733,0,8.8,0.1758,0,4.6,0.074,0,9.1,0.1116,0,14.5,0.2671,0,0,0,0,14.2,0.8373,16.79112845,0.3703,5.6,0.6484,9.8,0.4979,8.078586058,0.1442,6.617303013,0.9215,6.8,0.0702,8.555716226,0.3376,9.5,0.0858,6.4,0.6659,0.4579,0.4076,29.32081044,0.855,36.59881068,0.375,1.8,0.2524,1.8,0.2869,30.32427695,0.684,0.333333333,0.458,0,0,0.4159,0.431,0.2286,0.085
13,GA,Georgia,30044,1330044,0,79701,48,0.5,0,4.171428571,0.0541,0.277,0.0758,4,0.058,0,33.2,0.2737,0,10.1,0.3412,0,5,0.1064,0,9.6,0.2268,0,15.7,0.4363,0,0,0,0,21,0.9426,25.74155885,0.6397,4.4,0.5068,16.8,0.77,7.726413145,0.1305,11.39570219,0.961,6.1,0.0517,13.84196063,0.6588,8.3,0.0618,7,0.755,0.5478,0.64,26.25881199,0.8395,42.22911097,0.3197,2.7,0.3494,1.1,0.2477,35.80850748,0.7808,0.333333333,0.458,0,0,0.4279,0.4641,0.295,0.1719
13,GA,Georgia,30045,1330045,0,34402,60,0.75,0,10.16,0.2956,0.5228,0.4373,4,0.058,0,34.9,0.3647,0,10,0.3272,0,5,0.1064,0,10,0.3568,0,15.6,0.4207,0,0,0,0,12.5,0.7875,19.53130449,0.4579,5.5,0.6383,9.3,0.4715,5.590166131,0.0627,4.163471291,0.8738,7.3,0.0843,7.612373127,0.2822,6.8,0.0426,6,0.5991,0.43,0.3405,19.74169295,0.806,43.7156037,0.3061,2.2,0.2958,0,0,14.53273283,0.232,1,0.6973,0,0,0.3339,0.2214,0.2498,0.1091
13,GA,Georgia,30046,1330046,0,34523,60,0.75,0,3.9,0.048,0.399,0.2103,4.9,0.1522,0,35.1,0.3779,0,11.2,0.5047,0,6.3,0.2527,0,10.2,0.4313,0,16.7,0.5852,0,0,0,0,21.9,0.9491,33.31717172,0.8027,5.8,0.6688,16.6,0.7642,12.10760695,0.3886,8.700747034,0.9424,8.1,0.1158,12.21911622,0.5673,11.3,0.1383,8.6,0.8947,0.6232,0.8156,35.74299694,0.8845,27.86953459,0.4599,6.9,0.7225,1.2,0.2535,46.61227661,0.8872,0.333333333,0.458,0,0,0.5237,0.7025,0.4321,0.4273
13,GA,Georgia,30047,1330047,0,59660,56,0.75,0,4,0.0497,0.3998,0.2111,4.9,0.1522,0,30.6,0.17,0,10.6,0.4152,0,5.5,0.1573,0,9.2,0.1293,0,14.1,0.2152,0,0,0,0,17.5,0.9048,17.44686698,0.3915,4.1,0.4656,15.2,0.7226,7.753682488,0.1317,8.296893909,0.9394,7.3,0.0843,11.44484247,0.519,12.9,0.2028,6,0.5991,0.4961,0.5066,22.95633396,0.8224,44.32456075,0.2997,2,0.2749,0.6,0.2083,24.2393558,0.5285,0.666666667,0.618,0,0,0.3931,0.3676,0.2713,0.1374
13,GA,Georgia,30052,1330052,0,59451,60,0.75,0,3.485714286,0.0393,0.3946,0.1998,4.7,0.1251,0,34.1,0.3178,0,9.5,0.2575,0,5.7,0.1786,0,9.8,0.2874,0,15.7,0.4363,0,0,0,0,11.4,0.7499,17.7658498,0.4024,5.1,0.5944,8.6,0.4318,7.69030969,0.1285,1.284079278,0.7016,11,0.2852,11.27994058,0.5078,12.9,0.2028,6,0.5991,0.4604,0.4132,10.82726094,0.7405,43.27507601,0.3107,2.5,0.3289,6.2,0.4686,19.91480298,0.3961,1.333333333,0.7627,0,0,0.4296,0.4686,0.2704,0.1359
13,GA,Georgia,30054,1330054,0,11985,54,0.75,0,3.866666667,0.0475,0.3988,0.2101,6,0.3488,0,36.5,0.4862,0,11.6,0.564,0,7.3,0.4066,0,10.2,0.4313,0,17.3,0.6711,1,1,0.1667,0.3497,16.6,0.8904,22.73417722,0.5557,8.9,0.8592,16.5,0.7614,11.4419018,0.3392,1.364471267,0.7116,16.3,0.6296,7.462048322,0.2725,20,0.6293,7.2,0.7801,0.6429,0.8569,2.991702459,0.5871,53.2853144,0.2112,2.3,0.3059,14.4,0.6835,21.32190942,0.4398,1.333333333,0.7627,0,0,0.4272,0.4622,0.4697,0.5034
13,GA,Georgia,30055,1330055,0,3018,52,0.75,0,4.4,0.0577,0.4038,0.216,6.7,0.5042,0,37.1,0.5357,0,12,0.6182,0,8.4,0.5936,0,10.1,0.3953,0,17.1,0.6422,0,0,0,0,13.5,0.8182,20.96962617,0.5022,5,0.5821,12.7,0.6326,9.260700389,0.2013,0,0,14.6,0.5262,23.07157748,0.9145,19.6,0.6075,5.5,0.51,0.5295,0.5938,0.979795438,0.2929,47.70682508,0.2645,1.4,0.2144,13.7,0.668,14.34563758,0.2273,0.666666667,0.618,0,0,0.3264,0.2046,0.2536,0.1136
13,GA,Georgia,30056,1330056,0,2500,20,0.25,0,4.55,0.0609,0.1554,0.0134,5.8,0.3082,0,37.3,0.5528,0,11.1,0.4912,0,7.7,0.4743,0,10.2,0.4313,0,17.4,0.6837,1,1,0.1667,0.3497,8.4,0.6106,18.24234354,0.4186,5.5,0.6383,21.4,0.8659,8.582949309,0.1672,0.371402043,0.5129,15.5,0.5824,22.1761658,0.9033,17.5,0.4747,4.8,0.3895,0.5563,0.6618,0.946536984,0.281,49.53542223,0.2463,5.6,0.6311,22.5,0.8194,14.25,0.2251,0.666666667,0.618,0,0,0.403,0.3959,0.3552,0.277
13,GA,Georgia,30058,1330058,0,52945,51,0.75,0,3.8,0.0447,0.3974,0.2042,3.7,0.0416,0,39.2,0.7106,1,12.4,0.6687,1,4.8,0.0893,0,11.7,0.8748,1,17.1,0.6422,0,3,0.5,0.6536,13,0.8029,24.5125442,0.6077,8.1,0.8276,9.4,0.4772,14.13105543,0.5384,0.624165674,0.5822,11.2,0.2979,5.599676942,0.1739,8.4,0.0635,7.2,0.7801,0.5151,0.5557,19.10166516,0.802,42.54931401,0.3167,8.2,0.7864,0.8,0.2276,44.41664662,0.8714,1.333333333,0.7627,0,0,0.5381,0.7311,0.5362,0.6349
13,GA,Georgia,30060,1330060,0,34562,82,1,0,4.511111111,0.0607,0.5304,0.4555,4.9,0.1522,0,33.9,0.3075,0,11,0.4747,0,5.9,0.202,0,10.3,0.4679,0,17.1,0.6422,0,0,0,0,31.8,0.9857,35.09324163,0.8314,5.3,0.6166,26.9,0.9303,14.48310604,0.5629,14.72494467,0.9742,11.3,0.3049,19.04667917,0.8485,9.7,0.0903,5.8,0.5645,0.6709,0.9079,38.91079167,0.8983,27.38683345,0.4648,10.7,0.8664,2.6,0.3249,58.329718,0.9415,1.666666667,0.8026,0,0,0.6141,0.8565,0.555,0.6699
13,GA,Georgia,30062,1330062,0,62136,65,0.75,0,4.64,0.0628,0.4064,0.2225,4.1,0.0651,0,27.2,0.0803,0,8.2,0.1174,0,4.2,0.0489,0,8.8,0.0706,0,12.4,0.0707,0,0,0,0,7.4,0.549,10.65848384,0.1842,3.6,0.3956,4.6,0.1894,9.334272631,0.2042,2.455716586,0.8031,7.7,0.0994,5.427657129,0.1667,14.8,0.3039,5.6,0.5283,0.3424,0.1576,24.2264825,0.8291,44.06295113,0.3024,1.7,0.2412,0.8,0.2276,21.73082637,0.4509,1.666666667,0.8026,0,0,0.4077,0.4082,0.1971,0.0555
13,GA,Georgia,30064,1330064,0,46076,54,0.75,0,4.9,0.0671,0.4086,0.2241,4.8,0.1385,0,29.4,0.1327,0,9.3,0.2325,0,5,0.1064,0,9.3,0.1494,0,13.1,0.1132,0,0,0,0,5.3,0.3907,10.40003259,0.1769,3.5,0.3811,5,0.2116,11.47105106,0.3416,1.263240146,0.698,10.1,0.2273,5.153250253,0.1544,18.5,0.5393,6.5,0.6827,0.3804,0.2299,15.52322694,0.7795,49.75184049,0.2442,3.6,0.4467,0.4,0.1847,17.40343582,0.3157,1.333333333,0.7627,0,0,0.3905,0.3603,0.2036,0.0615
13,GA,Georgia,30066,1330066,0,52936,63,0.75,0,5.2,0.0734,0.4117,0.2294,4.3,0.0816,0,28.1,0.0984,0,8.4,0.1354,0,4.5,0.0672,0,9,0.096,0,13.2,0.1217,0,0,0,0,7.7,0.5685,12.13466254,0.2262,3.9,0.4372,3.4,0.1255,9.082807787,0.1919,1.963340892,0.7708,8.6,0.1409,5.241721854,0.1579,14.4,0.281,5.4,0.4912,0.3391,0.152,23.39262149,0.8247,43.59904028,0.3073,1.5,0.2226,0.2,0.1491,21.77960704,0.4527,1,0.6973,0,0,0.3791,0.3301,0.1779,0.042
13,GA,Georgia,30067,1330067,0,45182,73,0.75,0,4.066666667,0.0529,0.4014,0.2123,3.5,0.0332,0,30.3,0.1601,0,7.8,0.0873,0,4,0.0391,0,9.7,0.256,0,15,0.3345,0,0,0,0,18.6,0.9191,22.11517598,0.5372,5.1,0.5944,6.8,0.3214,19.09518699,0.8161,6.821648945,0.9242,6.7,0.0673,6.665890661,0.2276,10.4,0.1103,5.6,0.5283,0.5046,0.5276,29.4504599,0.8556,41.66658984,0.3253,4.4,0.5277,0.2,0.1491,60.79037972,0.9498,1.666666667,0.8026,0,0,0.5157,0.6847,0.3561,0.2786
13,GA,Georgia,30068,1330068,0,31595,51,0.75,0,4.171428571,0.0541,0.402,0.2131,4.6,0.112,0,25.6,0.0524,0,8.3,0.1261,0,4.1,0.0438,0,8.4,0.0302,0,11,0.0151,0,0,0,0,3.8,0.2602,6.285308554,0.0753,4.4,0.5068,2.6,0.0907,11.13654011,0.3172,1.784617374,0.7556,7.4,0.0874,4.026423404,0.1141,18.3,0.5259,4.7,0.3746,0.3108,0.1088,18.79397159,0.8003,48.71390513,0.255,1.7,0.2412,0.3,0.1681,14.75194752,0.2378,1.666666667,0.8026,0,0,0.3579,0.2778,0.1499,0.0267
13,GA,Georgia,30070,1330070,0,342,20,0.25,0,4,0.0497,0.1499,0.0122,7.2,0.622,0,40.1,0.7725,1,14.1,0.8264,1,9.5,0.7561,1,11,0.719,1,18.7,0.8217,1,5,0.8333,0.8437,21.6,0.9469,70.657277,0.9902,3.3,0.3533,47.7,0.9906,20.70063694,0.8645,0,0,18.8,0.751,4.273504274,0.1215,5.4,0.0319,6.8,0.7284,0.5778,0.7136,38.38334781,0.8962,13.76836158,0.6338,28.3,0.9775,0,0,67.93478261,0.9675,1.333333333,0.7627,0,0,0.6054,0.8454,0.6037,0.7516
13,GA,Georgia,30071,1330071,0,23005,51,0.75,0,4.2,0.0542,0.4021,0.2131,3.9,0.0516,0,33.9,0.3075,0,10.5,0.4004,0,4.8,0.0893,0,9.4,0.173,0,16.6,0.5704,0,0,0,0,30.1,0.9824,37.90653615,0.8681,4.5,0.5199,25.6,0.9191,8.797486432,0.1775,18.12069039,0.9831,5.3,0.0383,18.53372434,0.8361,5.8,0.0341,8,0.8568,0.6215,0.812,51.61480875,0.9434,23.25451175,0.5103,5.2,0.5979,2.4,0.3156,50.67091803,0.9101,0.333333333,0.458,0,0,0.5336,0.7229,0.437,0.4367
13,GA,Georgia,30072,1330072,0,730,20,0.25,0,10.56888889,0.3237,0.2868,0.0855,5.7,0.2882,0,37.9,0.605,0,13.4,0.7728,1,9.1,0.7023,1,12,0.9124,1,20.5,0.9307,1,4,0.6667,0.7602,13.4,0.8153,10.54794521,0.1809,2.2,0.2244,1,0.0489,20.83333333,0.8681,0,0,5.8,0.0464,2.443991853,0.0729,17.3,0.4628,0,0,0.272,0.0621,13.56116862,0.7641,56.92163009,0.1764,1.6,0.2322,2.5,0.3204,33.15649867,0.74,0.5,0.6086,0,0,0.406,0.4034,0.3278,0.226
13,GA,Georgia,30075,1330075,0,52573,54,0.75,0,4.8,0.0645,0.4072,0.2232,4.2,0.0732,0,25.1,0.0453,0,7.8,0.0873,0,4.1,0.0438,0,8.5,0.0397,0,11.6,0.0322,0,0,0,0,7.6,0.5621,7.097437816,0.093,4.2,0.4801,3.3,0.121,10.11194306,0.2503,1.638252009,0.7414,8.7,0.1462,3.387897738,0.0954,15.7,0.3588,5.1,0.4383,0.3287,0.1356,17.54532606,0.7929,50.28718762,0.2389,3.6,0.4467,0.3,0.1681,17.46867809,0.3179,1,0.6973,0,0,0.3803,0.3337,0.1731,0.0393
13,GA,Georgia,30076,1330076,0,42678,65,0.75,0,5.2,0.0734,0.4117,0.2294,4.1,0.0651,0,27.7,0.0901,0,8.5,0.1447,0,4.5,0.0672,0,9.1,0.1116,0,14.2,0.2276,0,0,0,0,15.3,0.8647,19.27197625,0.4501,3.1,0.3254,10,0.5094,11.39587968,0.3355,6.729051067,0.9229,8.7,0.1462,8.59082397,0.3397,11.7,0.1525,9,0.9126,0.4959,0.506,27.71066578,0.8473,42.42158074,0.3181,4.7,0.5539,0.9,0.2345,38.3764496,0.814,0.333333333,0.458,0,0,0.4608,0.5531,0.3221,0.2154
13,GA,Georgia,30078,1330078,0,33057,62,0.75,0,3.733333333,0.0442,0.3971,0.2037,5,0.1665,0,31.4,0.1997,0,10,0.3272,0,5.5,0.1573,0,9.3,0.1494,0,13.7,0.1694,0,0,0,0,11.3,0.7464,16.1830674,0.3503,3.6,0.3956,6.9,0.3281,7.115391937,0.1074,3.673845788,0.8591,8.5,0.1367,7.326388889,0.2651,13.4,0.2272,5.6,0.5283,0.3944,0.2579,26.59901244,0.8413,34.94908416,0.3905,2.6,0.3395,0.9,0.2345,22.71470614,0.4831,0.666666667,0.618,0,0,0.4153,0.4294,0.2228,0.0789
13,GA,Georgia,30079,1330079,0,2960,63,0.75,0,4,0.0497,0.3998,0.2111,4.3,0.0816,0,35.9,0.4382,0,12.2,0.643,0,5.4,0.1467,0,11.1,0.7481,1,17.5,0.6969,1,2,0.3333,0.5404,22.6,0.9541,26.62975082,0.6626,5.1,0.5944,24,0.9014,12.64044944,0.4284,2.087794433,0.7802,6.6,0.0642,5.813449024,0.1846,13,0.2078,6,0.5991,0.5377,0.6141,34.36578225,0.879,34.65031174,0.3932,11.5,0.8826,0,0,66.82180851,0.9651,1,0.6973,0,0,0.5453,0.746,0.5279,0.6187
13,GA,Georgia,30080,1330080,0,49905,58,0.75,0,4.133333333,0.0537,0.4018,0.2129,3.2,0.0237,0,30.1,0.1538,0,7.3,0.0573,0,3.7,0.0282,0,9.6,0.2268,0,14.7,0.2946,0,0,0,0,13.9,0.8293,19.03898937,0.443,3.6,0.3956,7.4,0.3598,20.95507383,0.8708,4.915679256,0.8924,7.6,0.095,6.24196752,0.2066,8.9,0.0724,8.5,0.8892,0.5054,0.5296,39.96921567,0.9019,31.92635934,0.4214,3.9,0.4784,0.1,0.1293,53.06082611,0.9222,1.666666667,0.8026,0,0,0.5223,0.6991,0.3604,0.2864
13,GA,Georgia,30082,1330082,0,25905,51,0.75,0,4.32,0.0568,0.4034,0.2157,4.4,0.091,0,30.9,0.1807,0,9.2,0.2209,0,4.8,0.0893,0,9.7,0.256,0,14.4,0.2541,0,0,0,0,12.3,0.7811,18.32276761,0.421,5.5,0.6383,8.1,0.4029,16.32924758,0.6817,2.936824132,0.8291,9.2,0.1743,6.640600366,0.2267,12.4,0.1804,5.3,0.474,0.481,0.4667,26.48451218,0.8408,44.99516813,0.2923,3.7,0.4571,1.1,0.2477,37.49460043,0.8028,1.666666667,0.8026,0,0,0.4919,0.6308,0.3283,0.2268
13,GA,Georgia,30083,1330083,0,50384,59,0.75,0,3.933333333,0.0488,0.3994,0.2108,4.8,0.1385,0,39.2,0.7106,1,14.1,0.8264,1,6.2,0.2402,0,11.8,0.8893,1,18.6,0.8132,1,4,0.6667,0.7602,15.4,0.8669,37.2356124,0.8602,7.7,0.809,15,0.7168,14.88545125,0.59,5.305852321,0.9006,11.2,0.2979,5.135377443,0.1537,9.3,0.0802,7.4,0.8023,0.6078,0.784,24.86858204,0.8326,41.09924937,0.3306,12,0.8918,0.5,0.1976,53.96197719,0.9263,0.666666667,0.618,0,0,0.5424,0.7403,0.6238,0.7826
13,GA,Georgia,30084,1330084,0,35921,53,0.75,0,3.84,0.0473,0.3986,0.21,4.7,0.1251,0,30,0.1506,0,10.2,0.3566,0,5.1,0.1156,0,9.2,0.1293,0,14.3,0.2409,0,0,0,0,17.7,0.9075,20.63650973,0.4926,4,0.4518,16.8,0.77,14.14390406,0.5391,11.85281939,0.9628,8.4,0.1313,8.61010394,0.341,13.7,0.2427,6.2,0.633,0.5472,0.6384,35.05840001,0.8818,35.57127359,0.3844,4.5,0.5366,1.2,0.2535,33.98965932,0.7543,0.333333333,0.458,0,0,0.4669,0.5702,0.3546,0.2757
13,GA,Georgia,30087,1330087,0,36761,52,0.75,0,3.96,0.0492,0.3996,0.2109,5,0.1665,0,34.3,0.3284,0,12.1,0.6309,0,5.1,0.1156,0,10.1,0.3953,0,13.9,0.1921,0,0,0,0,10.2,0.6997,16.38154221,0.3571,7.3,0.7861,6.7,0.3155,11.52785981,0.3459,1.187446989,0.6873,10.9,0.2787,7.517199514,0.2763,16.9,0.437,4.7,0.3746,0.4558,0.4031,16.34653554,0.7848,52.72629797,0.2159,4,0.4889,1.8,0.2869,20.11721508,0.4027,1,0.6973,0,0,0.4109,0.4169,0.2577,0.119
13,GA,Georgia,30088,1330088,0,25257,47,0.5,0,3.9,0.048,0.274,0.0745,4.5,0.1016,0,40.1,0.7725,1,14.4,0.8473,1,5.6,0.1678,0,11.7,0.8748,1,17.3,0.6711,1,4,0.6667,0.7602,15.2,0.863,29.62444133,0.7323,9.3,0.8717,9.2,0.4662,16.2968529,0.6795,1.125562781,0.6774,12.8,0.4077,5.964385325,0.1925,11.8,0.1566,7.1,0.7677,0.5815,0.7226,18.19541334,0.7966,48.71402615,0.255,11.2,0.8776,0,0,47.82903664,0.895,1,0.6973,0,0,0.5031,0.6572,0.5536,0.6674
13,GA,Georgia,30092,1330092,0,31704,61,0.75,0,4.171428571,0.0541,0.402,0.2131,3.4,0.0293,0,30.2,0.1567,0,7.9,0.0945,0,3.8,0.0313,0,9,0.096,0,13.5,0.15,0,0,0,0,12.5,0.7875,17.15601932,0.3818,3.3,0.3533,7.1,0.3413,19.60562352,0.8328,4.791202259,0.8899,5,0.0349,6.91932534,0.2416,12.4,0.1804,6.6,0.6979,0.4741,0.4493,34.2618612,0.8784,38.69657494,0.3546,4.1,0.4988,0.2,0.1491,52.86960049,0.9213,0.333333333,0.458,0,0,0.4657,0.5669,0.3073,0.1908
13,GA,Georgia,30093,1330093,0,53351,59,0.75,0,5.994285714,0.0973,0.4236,0.2491,3.4,0.0293,0,36,0.4464,0,10,0.3272,0,4.7,0.0817,0,9.9,0.3207,0,18,0.755,1,1,0.1667,0.3497,38.3,0.9921,34.9546021,0.8294,3.3,0.3533,31.9,0.9586,12.65349706,0.4292,24.19104825,0.9922,4,0.0254,24.86609765,0.9325,4.7,0.0278,8.3,0.8775,0.6418,0.8544,39.91197047,0.9017,32.26170475,0.4174,7.9,0.7727,1.1,0.2477,70.98511071,0.9727,0.5,0.6086,0,0,0.5601,0.7755,0.5572,0.6738
13,GA,Georgia,30094,1330094,0,31244,67,0.75,0,3.9,0.048,0.399,0.2103,5.5,0.2483,0,39.1,0.7026,1,12.2,0.643,0,6.3,0.2527,0,10.4,0.5077,0,16,0.4798,0,1,0.1667,0.3497,10.7,0.7223,19.6566883,0.4621,4.5,0.5199,8,0.3969,8.480245553,0.1626,1.385102316,0.7143,10.7,0.2653,8.549686661,0.3374,15.9,0.3714,5,0.4216,0.4374,0.3584,8.541025948,0.7159,51.06690574,0.2321,0.8,0.1672,0.9,0.2345,21.88546256,0.4561,2.333333333,0.8528,0,0,0.3798,0.3322,0.3126,0.1991
13,GA,Georgia,30096,1330096,0,62265,64,0.75,0,4.25,0.0559,0.4029,0.2147,3.9,0.0516,0,31.2,0.1925,0,9.8,0.2997,0,4.7,0.0817,0,9.3,0.1494,0,15.1,0.3488,0,0,0,0,19.8,0.9321,24.95360019,0.6187,3.7,0.4104,11.7,0.5909,14.71256468,0.5781,11.39287712,0.961,6.9,0.073,9.485526135,0.3957,10.6,0.1161,6.3,0.6495,0.5326,0.6012,38.48999863,0.8967,32.4896273,0.4151,4.5,0.5366,0.4,0.1847,58.51694095,0.942,0.333333333,0.458,0,0,0.4904,0.6274,0.3608,0.2873
13,GA,Georgia,30097,1330097,0,41715,57,0.75,0,4.32,0.0568,0.4034,0.2157,3.4,0.0293,0,23.8,0.0289,0,8.5,0.1447,0,3.4,0.0193,0,7.9,0.0084,0,11.3,0.0226,0,0,0,0,6.3,0.4707,11.05603125,0.1955,4.5,0.5199,5.1,0.2173,8.490138291,0.163,6.399259627,0.9188,5.4,0.0399,2.82293269,0.0814,11.4,0.142,4.9,0.4067,0.3155,0.1152,29.30194081,0.8549,33.53879806,0.4049,1.5,0.2226,0.7,0.2191,28.65171971,0.6464,0.333333333,0.458,0,0,0.4008,0.39,0.1802,0.0437
13,GA,Georgia,30101,1330101,0,54373,70,0.75,0,5.65,0.0882,0.4191,0.2427,4,0.058,0,31.1,0.1887,0,8.3,0.1261,0,4.7,0.0817,0,9.5,0.1987,0,14.6,0.2809,0,0,0,0,8.9,0.6376,13.79484418,0.2752,5,0.5821,5.7,0.2551,7.952692617,0.1394,1.297104677,0.7036,9,0.163,6.011658579,0.1947,10.5,0.1127,5.7,0.5455,0.3609,0.1904,15.83241816,0.7816,47.98776499,0.2617,1.9,0.2635,1.5,0.2712,22.17167425,0.4656,0.666666667,0.618,0,0,0.3802,0.3333,0.1916,0.0515
13,GA,Georgia,30102,1330102,0,37470,58,0.75,0,5.65,0.0882,0.4191,0.2427,4.5,0.1016,0,32.6,0.2469,0,9.1,0.2089,0,5.7,0.1786,0,9.8,0.2874,0,15.9,0.4655,0,0,0,0,15,0.8581,19.71529742,0.4637,3.3,0.3533,10.5,0.5339,9.343756813,0.2051,3.90451659,0.8666,10.5,0.2522,8.61923572,0.3415,10.6,0.1161,7.3,0.7914,0.4782,0.4599,11.85595137,0.7502,48.31997975,0.2584,3.9,0.4784,13.9,0.6729,27.0242639,0.606,0.666666667,0.618,0,0,0.4834,0.6108,0.3283,0.2268
13,GA,Georgia,30103,1330103,0,14781,63,0.75,0,5.8,0.0913,0.4207,0.2469,5.7,0.2882,0,34.9,0.3647,0,10.7,0.4297,0,7.6,0.4575,0,10.4,0.5077,0,18.1,0.7656,1,1,0.1667,0.3497,13.2,0.8092,23.81828564,0.5885,4.2,0.4801,15.6,0.7358,9.702840256,0.2255,0.900900901,0.6419,16,0.6124,7.861226611,0.2964,12.3,0.1766,7.2,0.7801,0.5347,0.6065,3.898457668,0.6245,48.23877546,0.2591,3.3,0.4149,16.7,0.7299,28.54927636,0.6435,0,0,0,0,0.3817,0.3372,0.3851,0.3321
13,GA,Georgia,30104,1330104,0,4708,83,1,0,4.4,0.0577,0.5288,0.4504,6.1,0.3702,0,36.1,0.4532,0,11.2,0.5047,0,8.1,0.5414,0,10.5,0.545,0,18.2,0.7754,1,1,0.1667,0.3497,15.4,0.8669,19.71556595,0.4639,6.3,0.7148,17.1,0.7774,6.39088432,0.0834,0,0,14.6,0.5262,14.44685466,0.6885,14.2,0.2691,6.5,0.6827,0.5073,0.5348,1.565390504,0.4435,47.29964957,0.2687,6.2,0.677,10.6,0.5979,32.14285714,0.7217,0.333333333,0.458,0,0,0.4524,0.5318,0.4667,0.4973
13,GA,Georgia,30105,1330105,0,2294,20,0.25,0,5.4,0.0783,0.1641,0.0156,6,0.3488,0,34,0.3125,0,10.2,0.3566,0,6.7,0.3111,0,9.3,0.1494,0,14.5,0.2671,0,0,0,0,16.1,0.8811,11.34194273,0.2039,6.9,0.7596,12.1,0.6083,14.83131763,0.5867,0,0,13.3,0.4404,21.99017199,0.9005,25.5,0.8322,2.1,0.1281,0.5341,0.6051,0.805547878,0.2333,62.57775465,0.1251,1,0.1816,16.1,0.7178,17.68530559,0.3246,0,0,0,0,0.2261,0.0583,0.1697,0.0372
13,GA,Georgia,30106,1330106,0,20300,77,1,0,4,0.0497,0.5248,0.4455,4.9,0.1522,0,34.4,0.3344,0,11,0.4747,0,5.5,0.1573,0,10.5,0.545,0,15.5,0.4065,0,0,0,0,14.2,0.8373,22.33096504,0.5437,5.6,0.6484,8,0.3969,15.56053812,0.6342,2.624541943,0.8128,13.3,0.4404,9.650905061,0.4064,10.4,0.1103,7,0.755,0.5585,0.6682,24.54954258,0.8309,40.18405594,0.3397,5.5,0.6227,0,0,44.57757672,0.8728,1.333333333,0.7627,0,0,0.4898,0.6257,0.4348,0.4326
13,GA,Georgia,30107,1330107,0,12908,67,0.75,0,5.4,0.0783,0.4142,0.2348,5.4,0.2301,0,32.1,0.2258,0,9.3,0.2325,0,6.6,0.2966,0,9.6,0.2268,0,15.2,0.3627,0,0,0,0,9.8,0.6824,13.68483412,0.2715,5,0.5821,11.5,0.5823,10.36834925,0.2669,0.242471646,0.4688,12.7,0.4007,13.99878271,0.6667,15.5,0.3462,5.4,0.4912,0.4759,0.4537,2.223601739,0.5305,66.23866182,0.0933,3,0.381,13.8,0.6703,10.98991562,0.1462,0.666666667,0.618,0,0,0.3485,0.253,0.2354,0.0927
13,GA,Georgia,30108,1330108,0,7256,43,0.5,0,3.8,0.0447,0.2724,0.072,7.1,0.5989,0,35.7,0.4217,0,13,0.736,1,8.9,0.6728,1,10.5,0.545,0,17.2,0.6568,0,2,0.3333,0.5404,9.9,0.6864,29.38117525,0.7265,4.6,0.5327,20.5,0.8503,13.69773873,0.5073,0.436681223,0.5323,19.3,0.7716,13.01310044,0.6136,19.7,0.6124,5.5,0.51,0.6343,0.8396,1.840840256,0.4861,45.86620917,0.2836,5.9,0.6549,18,0.7533,29.02086677,0.6553,0,0,0,0,0.4047,0.4002,0.463,0.4909
13,GA,Georgia,30110,1330110,0,13349,79,1,0,4.4,0.0577,0.5288,0.4504,6.4,0.4347,0,35,0.3715,0,11.4,0.5354,0,8.2,0.5596,0,10.4,0.5077,0,18.1,0.7656,1,1,0.1667,0.3497,14.3,0.8402,25.01461134,0.6207,3.9,0.4372,15.3,0.7257,11.56154679,0.3489,0.186625194,0.4466,18.5,0.7383,13.61344538,0.6465,13.3,0.2226,7,0.755,0.5782,0.7145,3.873513176,0.6236,58.28439359,0.1648,4.4,0.5277,13.6,0.6659,31.51006056,0.7088,0.333333333,0.458,0,0,0.4498,0.524,0.5096,0.5827
13,GA,Georgia,30113,1330113,0,6218,89,1,0,4.2,0.0542,0.5271,0.4475,7.3,0.644,0,35.5,0.4073,0,12.6,0.6923,1,9.4,0.7429,1,10.5,0.545,0,18.2,0.7754,1,3,0.5,0.6536,13.5,0.8182,31.33524162,0.7676,4.1,0.4656,25.9,0.9219,12.30596175,0.4023,0.138360429,0.4277,22.5,0.8653,16.54991243,0.7766,18.5,0.5393,7.8,0.8407,0.6825,0.9257,1.555937929,0.4418,62.90719719,0.1221,2.9,0.3705,20.6,0.7932,21.91304348,0.4569,0.333333333,0.458,0,0,0.3775,0.326,0.5882,0.7264
13,GA,Georgia,30114,1330114,0,49774,54,0.75,0,12.40833333,0.4723,0.6112,0.622,4.8,0.1385,0,32.4,0.2382,0,8.7,0.1649,0,5.8,0.1902,0,9.5,0.1987,0,15.4,0.3925,0,0,0,0,14.2,0.8373,18.93803034,0.4402,4.2,0.4801,11.6,0.587,9.971051785,0.2414,4.786740844,0.8896,11.1,0.2923,9.493036212,0.3962,14,0.2586,5.4,0.4912,0.4914,0.4944,6.29290208,0.6836,61.061724,0.1391,5,0.5802,4,0.3865,33.82210188,0.7513,1,0.6973,0,0,0.4626,0.5581,0.4186,0.3992
13,GA,Georgia,30115,1330115,0,35672,55,0.75,0,-999,-999,0.75,0.8165,4.5,0.1016,0,31.4,0.1997,0,8.1,0.1095,0,5.3,0.1363,0,9.3,0.1494,0,14.5,0.2671,0,0,0,0,7.9,0.5811,6.542876115,0.0807,3.2,0.3395,6,0.2729,6.621969747,0.0912,0.881537242,0.6382,7.7,0.0994,7.264038232,0.261,12.7,0.1934,5.9,0.5819,0.3139,0.1132,7.912035747,0.7071,49.06671301,0.2512,1.6,0.2322,2.6,0.3249,15.01469218,0.2445,1,0.6973,0,0,0.351,0.2598,0.2974,0.1754
13,GA,Georgia,30116,1330116,0,23156,20,0.25,0,3.7,0.0437,0.1468,0.0113,5.2,0.1959,0,35,0.3715,0,10.4,0.3856,0,6.7,0.3111,0,10.4,0.5077,0,17.1,0.6422,0,0,0,0,11.6,0.7577,24.3629989,0.6039,6.4,0.7227,13.9,0.6779,10.38768216,0.2681,1.80740867,0.7575,14.5,0.5195,12.37274145,0.5773,13,0.2078,6.8,0.7284,0.5821,0.724,3.333520198,0.6026,53.29717192,0.2111,3.7,0.4571,13.9,0.6729,22.94858699,0.4904,0.333333333,0.458,0,0,0.4132,0.4237,0.2898,0.1638
13,GA,Georgia,30117,1330117,0,34296,43,0.5,0,3.8,0.0447,0.2724,0.072,5.9,0.3285,0,35.2,0.385,0,11.5,0.5502,0,7.4,0.4245,0,11,0.719,1,18.9,0.8376,1,2,0.3333,0.5404,11.8,0.7643,37.04064668,0.8576,6.3,0.7148,15.9,0.7444,13.24939136,0.4731,2.867695634,0.8259,12,0.3518,7.548342971,0.2784,12.8,0.1983,6.5,0.6827,0.5891,0.741,5.831889066,0.6752,44.73704202,0.295,7,0.7285,7.7,0.517,49.7149715,0.9049,0.333333333,0.458,0,0,0.5112,0.6752,0.5072,0.5784
13,GA,Georgia,30118,1330118,0,2373,62,0.75,1,5.503571429,0.083,0.4165,0.2377,0.7,0.002,0,26.6,0.0689,0,2,0.0049,0,2.3,0.0057,0,13.7,0.9872,1,28.5,0.9972,1,2,0.3333,0.5404,9.3,0.6576,-999,-999,33.8,0.9943,0,0,-999,-999,0,0,3.4,0.0215,0.984528833,0.0497,0,0,0,0,0.2154,0.0239,32.62191079,0.8715,22.41013384,0.5197,-999,-999,-999,-999,-999,-999,0,0,0,0,0.3478,0.2518,0.2634,0.1259
13,GA,Georgia,30120,1330120,0,38085,75,1,0,5.6,0.0846,0.5423,0.4805,5.9,0.3285,0,35.2,0.385,0,11.5,0.5502,0,7.5,0.4403,0,10.4,0.5077,0,17.7,0.7205,1,1,0.1667,0.3497,14.1,0.835,28.19526627,0.7006,5.1,0.5944,15.5,0.7323,9.714096843,0.226,3.012618297,0.8329,13.2,0.4337,11.90605044,0.5486,14.4,0.281,7.1,0.7677,0.5952,0.7552,8.289191796,0.7128,43.6672398,0.3065,4.9,0.5723,4.9,0.4225,36.04922992,0.7844,0.333333333,0.458,0,0,0.4652,0.5653,0.5377,0.6377
13,GA,Georgia,30121,1330121,0,22078,82,1,0,5.8,0.0913,0.5456,0.487,5.4,0.2301,0,34.3,0.3284,0,10.7,0.4297,0,7.2,0.3895,0,10.4,0.5077,0,18.1,0.7656,1,1,0.1667,0.3497,15.3,0.8647,22.57268354,0.5509,4.2,0.4801,18.2,0.8035,12.69069573,0.4319,2.378383045,0.7984,12.6,0.3938,14.87701442,0.7083,11.7,0.1525,6.4,0.6659,0.585,0.7312,10.41621121,0.7366,51.03375187,0.2323,3.8,0.4672,5.2,0.4334,42.95782653,0.8597,0.333333333,0.458,0,0,0.4553,0.539,0.5267,0.6169
13,GA,Georgia,30122,1330122,0,21561,63,0.75,0,4.3,0.0563,0.4032,0.215,4.6,0.112,0,36.5,0.4862,0,11.4,0.5354,0,5.9,0.202,0,10.7,0.6183,0,17.2,0.6568,0,0,0,0,16.6,0.8904,27.77155655,0.6905,5.9,0.6796,12.9,0.6405,14.57412925,0.5692,3.390110117,0.8487,7.9,0.1069,9.371069182,0.3882,7.6,0.0518,6.8,0.7284,0.5594,0.6705,19.79786068,0.8062,48.77559756,0.2542,4.5,0.5366,2.1,0.302,53.86015633,0.9259,1.333333333,0.7627,0,0,0.5125,0.6783,0.391,0.3428
13,GA,Georgia,30124,1330124,0,2978,86,1,0,4.2,0.0542,0.5271,0.4475,7.2,0.622,0,37.2,0.5442,0,12.5,0.6807,1,8.5,0.6098,0,10.1,0.3953,0,16.4,0.5396,0,1,0.1667,0.3497,9.9,0.6864,23.847487,0.5894,7.1,0.7734,13.9,0.6779,18.0261379,0.7706,0,0,17.8,0.7059,13.83238405,0.6581,18.1,0.5132,3.8,0.2556,0.563,0.6796,0.957303654,0.2846,55.29599182,0.1918,3.8,0.4672,15.7,0.7105,31.24477861,0.7038,0,0,0,0,0.3368,0.2274,0.426,0.4141
13,GA,Georgia,30125,1330125,0,24352,71,0.75,0,3.88,0.0477,0.3988,0.2101,7.2,0.622,0,37.6,0.5798,0,13.6,0.7898,1,9.3,0.7305,1,10.7,0.6183,0,18.6,0.8132,1,3,0.5,0.6536,18.6,0.9191,36.73477968,0.8538,4.6,0.5327,25.1,0.9136,14.27141268,0.5481,7.639012258,0.9335,16,0.6124,13.92811922,0.6638,16.4,0.4039,6.4,0.6659,0.7047,0.9541,2.520090173,0.556,53.17310087,0.212,8.2,0.7864,9.3,0.5642,37.40303541,0.8019,0.333333333,0.458,0,0,0.4826,0.6091,0.6067,0.7565
13,GA,Georgia,30126,1330126,0,37088,60,0.75,0,4,0.0497,0.3998,0.2111,3.9,0.0516,0,32.8,0.2558,0,9.3,0.2325,0,4.6,0.074,0,9.9,0.3207,0,14.8,0.3084,0,0,0,0,13.3,0.8117,19.64631114,0.4617,5.1,0.5944,9.7,0.4927,10.26466269,0.2601,4.803537333,0.8902,9.5,0.1912,7.931801334,0.3008,10.1,0.1013,8.5,0.8892,0.4993,0.5151,22.26330344,0.8187,47.86606177,0.2628,3.8,0.4672,3.5,0.3656,28.30674215,0.6377,1.333333333,0.7627,0,0,0.4735,0.5873,0.3284,0.2272
13,GA,Georgia,30127,1330127,0,60347,54,0.75,0,4.771428571,0.0644,0.4072,0.2232,4.3,0.0816,0,33.2,0.2737,0,9.6,0.2721,0,5,0.1064,0,10,0.3568,0,14.7,0.2946,0,0,0,0,10.1,0.6951,14.1299221,0.2863,5.2,0.6062,8.4,0.4211,6.525040854,0.088,1.83927518,0.76,10.4,0.2459,7.344551787,0.266,11,0.1291,6,0.5991,0.4097,0.2929,13.78631283,0.7658,45.13978283,0.2905,1.7,0.2412,0.6,0.2083,18.46745327,0.351,1,0.6973,0,0,0.3649,0.2949,0.2027,0.0606
13,GA,Georgia,30132,1330132,0,34215,79,1,0,5.4,0.0783,0.5392,0.473,4.6,0.112,0,36.5,0.4862,0,9.1,0.2089,0,5.9,0.202,0,10,0.3568,0,17,0.6282,0,0,0,0,12.3,0.7811,17.85321013,0.4057,4.8,0.558,13.1,0.6485,9.942706322,0.2393,1.64265858,0.742,11.3,0.3049,12.16716169,0.5646,13.1,0.2132,7.1,0.7677,0.5225,0.5752,4.990653106,0.6563,65.23097958,0.1011,5,0.5802,2.4,0.3156,27.90305585,0.6286,0.666666667,0.618,0,0,0.4143,0.4265,0.3687,0.3021
13,GA,Georgia,30134,1330134,0,43356,58,0.75,0,4.377777778,0.0576,0.4038,0.216,4.7,0.1251,0,37.5,0.5708,0,11.2,0.5047,0,6.3,0.2527,0,10.9,0.6871,1,18.1,0.7656,1,2,0.3333,0.5404,13.1,0.806,26.88608072,0.6683,7.5,0.7975,15.2,0.7226,10.34747307,0.2655,0.872391379,0.6365,11.5,0.3187,11.33080984,0.5113,10.5,0.1127,5.7,0.5455,0.5385,0.6165,11.38390551,0.7458,48.55366482,0.2563,5.9,0.6549,5.8,0.4547,37.79144421,0.8067,1.333333333,0.7627,0,0,0.5259,0.7067,0.5199,0.6024
13,GA,Georgia,30135,1330135,0,61912,46,0.5,0,4.066666667,0.0529,0.2764,0.0754,4.6,0.112,0,33.9,0.3075,0,10.5,0.4004,0,5.6,0.1678,0,10.2,0.4313,0,16,0.4798,0,0,0,0,11.3,0.7464,17.17236351,0.3825,6.7,0.7454,10.5,0.5339,8.592852392,0.1676,1.591836735,0.7365,11.8,0.3379,7.954822955,0.3019,12.9,0.2028,5.9,0.5819,0.4737,0.4482,8.741665955,0.718,59.35014536,0.1544,2.2,0.2958,2.7,0.3291,24.0273068,0.5224,1.333333333,0.7627,0,0,0.3975,0.3796,0.2258,0.0821
13,GA,Georgia,30137,1330137,0,1650,81,1,0,5.25,0.0761,0.538,0.4714,6.5,0.4567,0,35.2,0.385,0,12.3,0.6561,0,8.1,0.5414,0,10.4,0.5077,0,17.7,0.7205,1,1,0.1667,0.3497,20.8,0.9405,32.50920568,0.789,3.8,0.423,16.2,0.7536,14.05017921,0.5324,0.693240901,0.5984,16.6,0.6459,21.10726644,0.8885,14.2,0.2691,9.6,0.9325,0.6773,0.9177,9.301805999,0.725,45.21862135,0.2896,0.6,0.1554,8.5,0.5412,32.08092486,0.7206,0.5,0.6086,0,0,0.4343,0.4831,0.5555,0.6707
13,GA,Georgia,30139,1330139,0,3845,73,0.75,0,5.7,0.0893,0.4197,0.2461,6.1,0.3702,0,33.4,0.2826,0,10.3,0.3721,0,7.4,0.4245,0,9.7,0.256,0,16,0.4798,0,0,0,0,13.3,0.8117,21.59816186,0.5211,4.1,0.4656,17.9,0.7965,15.90985536,0.6568,0,0,15.8,0.6011,20.24336283,0.8746,15,0.3162,5.2,0.4561,0.55,0.6452,1.491232706,0.4286,62.97475925,0.1215,4.7,0.5539,19.1,0.7709,30.29689609,0.6834,0,0,0,0,0.3655,0.2962,0.2969,0.1748
13,GA,Georgia,30141,1330141,0,22457,76,1,0,4.8,0.0645,0.5322,0.4588,4.3,0.0816,0,36.8,0.5112,0,9.2,0.2209,0,5.5,0.1573,0,10.1,0.3953,0,16.8,0.5996,0,0,0,0,12.4,0.7844,10.83006619,0.1893,4,0.4518,10.9,0.5554,9.254136154,0.2008,0.557991232,0.5659,9.6,0.197,10.26735384,0.4444,11.3,0.1383,4.9,0.4067,0.3934,0.2561,11.47593436,0.7467,47.19101347,0.2698,2.9,0.3705,3.9,0.3821,27.88007554,0.628,1,0.6973,0,0,0.4421,0.503,0.3045,0.1863
13,GA,Georgia,30143,1330143,0,21145,52,0.75,0,5.6,0.0846,0.4173,0.2388,6.8,0.5269,0,31,0.1848,0,11.4,0.5354,0,7.9,0.5077,0,9.8,0.2874,0,15.3,0.3772,0,0,0,0,10.3,0.7047,17.16547764,0.3822,3.9,0.4372,13.3,0.6562,10.08118003,0.248,0.405716089,0.5234,17.6,0.6964,12.68218815,0.5953,24.3,0.8024,4.4,0.3298,0.5376,0.6138,2.433914595,0.5492,70.74471,0.0614,3.3,0.4149,11,0.6075,23.35456476,0.5021,0.333333333,0.458,0,0,0.3704,0.3079,0.2901,0.1644
13,GA,Georgia,30144,1330144,0,52252,61,0.75,0,5.4,0.0783,0.4142,0.2348,3.4,0.0293,0,28.4,0.1063,0,7.3,0.0573,0,4.1,0.0438,0,9.9,0.3207,0,16.4,0.5396,0,0,0,0,13.1,0.806,17.36146368,0.3887,3.8,0.423,6.4,0.2974,13.97053505,0.5268,2.8948895,0.8274,7.5,0.0908,5.949678396,0.1918,9.1,0.0762,5.9,0.5819,0.421,0.3191,34.93270693,0.8813,33.32688113,0.4073,2.4,0.3173,1.9,0.2919,43.9663555,0.8681,1,0.6973,0,0,0.4947,0.6376,0.2979,0.1762
13,GA,Georgia,30145,1330145,0,8378,69,0.75,0,5.7,0.0893,0.4197,0.2461,5.3,0.2126,0,34.8,0.3584,0,10,0.3272,0,7,0.3587,0,10.1,0.3953,0,17.5,0.6969,1,1,0.1667,0.3497,7.6,0.5621,14.56944989,0.2999,3.1,0.3254,15,0.7168,8.950666881,0.1856,0,0,17.9,0.7109,10.62465142,0.4674,18.9,0.5649,2.3,0.1373,0.397,0.264,1.514266514,0.4337,56.07758916,0.1836,1.2,0.1975,16,0.7154,14.12490922,0.2219,0.333333333,0.458,0,0,0.3157,0.182,0.2604,0.1223
13,GA,Georgia,30147,1330147,0,4365,73,0.75,0,4.7,0.0634,0.4067,0.2228,6.7,0.5042,0,37.1,0.5357,0,11.4,0.5354,0,8.3,0.5766,0,10.2,0.4313,0,17.5,0.6969,1,1,0.1667,0.3497,13.8,0.8269,25.64246858,0.6369,9.3,0.8717,16.2,0.7536,8.657243816,0.1708,0,0,16.5,0.6398,12.75322284,0.5996,12.9,0.2028,5.3,0.474,0.5176,0.5621,3.9870511,0.627,58.53855495,0.1624,3,0.381,17.9,0.7515,32.53880266,0.7295,0,0,0,0,0.3788,0.3294,0.366,0.2968
13,GA,Georgia,30148,1330148,0,453,20,0.25,0,10.6,0.3242,0.2871,0.0855,6.3,0.4138,0,31.5,0.2034,0,10.6,0.4152,0,7,0.3587,0,9.4,0.173,0,14.4,0.2541,0,0,0,0,12.3,0.7811,11.41732283,0.2063,6.1,0.6979,3.9,0.1502,7.181328546,0.1095,0,0,8.4,0.1313,6.666666667,0.2277,5.5,0.0325,2.5,0.1481,0.2485,0.0417,0.921425059,0.2735,78.69075917,0.017,13.6,0.9152,29.9,0.8983,8.450704225,0.0985,0.5,0.6086,0,0,0.4016,0.3918,0.1298,0.0176
13,GA,Georgia,30149,1330149,0,1569,20,0.25,0,5,0.0685,0.1592,0.0143,0.5,0.0003,0,21.8,0.0131,0,1.2,0.0013,0,1.6,0.0018,0,11.9,0.9011,1,25.1,0.9926,1,2,0.3333,0.5404,6.1,0.4557,4.06504065,0.0409,2.7,0.2762,1,0.0489,17.17171717,0.7298,0,0,6.5,0.0617,3.443526171,0.0971,0.5,0.019,0.9,0.09,0.1819,0.0133,3.605860012,0.6146,59.05773507,0.1571,0,0,0,0,100,0.9944,0,0,0,0,0.2523,0.0843,0.1631,0.0334
13,GA,Georgia,30152,1330152,0,40393,52,0.75,0,-999,-999,0.75,0.8165,3.8,0.0462,0,28.7,0.1137,0,7.8,0.0873,0,4.2,0.0489,0,9.3,0.1494,0,13.8,0.1803,0,0,0,0,7.3,0.5419,13.42502861,0.2639,3.1,0.3254,7,0.3346,7.896720694,0.1373,2.706380405,0.8176,6.8,0.0702,4.699937394,0.1365,10,0.0986,7.8,0.8407,0.3567,0.1826,20.69656107,0.8111,46.00467792,0.2824,1.5,0.2226,3.2,0.352,24.15026834,0.5261,1,0.6973,0,0,0.4131,0.4234,0.3556,0.2778
13,GA,Georgia,30153,1330153,0,18411,79,1,0,4.333333333,0.0571,0.5286,0.4501,5.9,0.3285,0,36.6,0.495,0,11.3,0.5201,0,7.6,0.4575,0,10.4,0.5077,0,17.8,0.7322,1,1,0.1667,0.3497,9.9,0.6864,29.27011986,0.7238,4.7,0.5454,13,0.6444,10.98816659,0.307,0.092565809,0.4121,14.2,0.5002,12.5074949,0.5863,13,0.2078,7.5,0.8126,0.5426,0.6269,2.860787742,0.5798,59.90518747,0.1494,5.7,0.6391,9.1,0.5583,37.02903027,0.7975,0.333333333,0.458,0,0,0.4546,0.5372,0.491,0.5456
13,GA,Georgia,30157,1330157,0,45123,65,0.75,0,5.133333333,0.0726,0.4113,0.2285,4.2,0.0732,0,37,0.5277,0,8.8,0.1758,0,5.7,0.1786,0,10.1,0.3953,0,17.6,0.7082,1,1,0.1667,0.3497,11.7,0.7608,13.91646031,0.2791,2.8,0.2875,9.8,0.4979,8.113658742,0.1457,0.237619365,0.4672,12,0.3518,12.4038382,0.5794,9.7,0.0903,8.1,0.8641,0.4324,0.3466,6.032016753,0.6791,60.80465201,0.1412,1.6,0.2322,4.3,0.3978,20.41598248,0.4111,0.666666667,0.618,0,0,0.3542,0.2685,0.2983,0.1768
13,GA,Georgia,30161,1330161,0,35058,90,1,0,5.4,0.0783,0.5392,0.473,7.6,0.7055,1,40.7,0.8087,1,14.5,0.8542,1,9.4,0.7429,1,10.9,0.6871,1,18.3,0.786,1,6,1,0.9102,13.5,0.8182,32.76147803,0.7936,6.4,0.7227,18.9,0.8189,17.82973766,0.7612,1.581015534,0.7355,16.5,0.6398,7.629989689,0.2833,19.2,0.5838,4.6,0.3594,0.6516,0.8729,4.993289489,0.6563,49.64074635,0.2454,10.9,0.8709,5.6,0.4477,40.75039083,0.8384,0.333333333,0.458,0,0,0.5024,0.6559,0.728,0.9064
13,GA,Georgia,30165,1330165,1,39975,76,1,0,4.9,0.0671,0.5336,0.4624,6.6,0.4802,0,38,0.6132,0,12.3,0.6561,0,8.1,0.5414,0,10.4,0.5077,0,17.4,0.6837,1,1,0.1667,0.3497,14.7,0.8504,29.28224052,0.7242,4.4,0.5068,18.4,0.8088,10.7013123,0.2889,4.428995469,0.8805,14.5,0.5195,10.3694939,0.4505,15.3,0.3345,7.5,0.8126,0.6177,0.8049,4.495483181,0.6431,57.87359233,0.1682,7.8,0.7678,7.7,0.517,41.03845897,0.841,0,0,0,0,0.4196,0.4417,0.5147,0.5923
13,GA,Georgia,30168,1330168,0,24241,72,0.75,0,4,0.0497,0.3998,0.2111,4,0.058,0,39.2,0.7106,1,11.6,0.564,0,5.4,0.1467,0,11.5,0.8408,1,18.3,0.786,1,3,0.5,0.6536,21.3,0.9448,31.98038682,0.7795,8.2,0.8322,16,0.7475,13.84682905,0.5181,6.79402834,0.9239,6.7,0.0673,13.21204891,0.6242,6.5,0.0393,8.1,0.8641,0.6341,0.8393,32.96530634,0.8729,39.8940545,0.3425,7.1,0.734,8.9,0.5524,57.73252015,0.9399,1.666666667,0.8026,0,0,0.6063,0.8469,0.6377,0.8025
13,GA,Georgia,30170,1330170,0,2994,20,0.25,0,3.8,0.0447,0.1474,0.0114,6.4,0.4347,0,34.1,0.3178,0,11.2,0.5047,0,8,0.5247,0,10.2,0.4313,0,17,0.6282,0,0,0,0,8.3,0.6049,19.68695652,0.4629,6.2,0.7067,14.9,0.7131,15.44214694,0.6259,0.286532951,0.4845,19.5,0.7794,16.86166552,0.7867,16.9,0.437,3.9,0.2673,0.5868,0.7356,1.553217063,0.4414,50.40247739,0.2379,5.6,0.6311,24,0.8387,13.51819757,0.2062,0,0,0,0,0.3365,0.2269,0.2435,0.1017
13,GA,Georgia,30171,1330171,0,3491,84,1,0,5.8,0.0913,0.5456,0.487,5.7,0.2882,0,33.1,0.2692,0,10,0.3272,0,7,0.3587,0,9.8,0.2874,0,16.6,0.5704,0,0,0,0,11.4,0.7499,14.38147471,0.2946,5.6,0.6484,8.1,0.4029,11.07704101,0.313,0,0,18.1,0.7201,8.53960396,0.3368,21,0.6812,2.7,0.1606,0.4307,0.3424,1.037128749,0.3111,61.39497993,0.1357,0,0,14.9,0.6942,14.15410385,0.2226,0,0,0,0,0.1948,0.0346,0.216,0.0732
13,GA,Georgia,30173,1330173,0,6221,55,0.75,0,5.2,0.0734,0.4117,0.2294,6.4,0.4347,0,38.3,0.6394,0,11.5,0.5502,0,8.5,0.6098,0,10.4,0.5077,0,18.2,0.7754,1,1,0.1667,0.3497,12.8,0.7968,40.71103008,0.8959,4.9,0.5698,15.8,0.7418,9.697732997,0.2252,0.300842359,0.4892,17.2,0.6769,18.0458158,0.8234,12.9,0.2028,10.4,0.9511,0.6373,0.8455,2.045213656,0.5114,51.83856194,0.2247,1.9,0.2635,19.7,0.78,40.14634146,0.8331,0,0,0,0,0.3732,0.3149,0.4349,0.4328
13,GA,Georgia,30175,1330175,0,6074,73,0.75,0,5.733333333,0.0902,0.4201,0.2465,6.5,0.4567,0,33.4,0.2826,0,11.2,0.5047,0,8.3,0.5766,0,10.2,0.4313,0,17.1,0.6422,0,0,0,0,11.3,0.7464,22.14777592,0.5382,7.3,0.7861,18.6,0.8128,12.41480039,0.4113,0.15452965,0.4343,19.3,0.7716,12.97973264,0.6115,20.1,0.6342,4.3,0.3166,0.6063,0.7808,1.061305999,0.3185,73.15616854,0.045,3.5,0.437,26.6,0.8666,25.0123335,0.5518,0.333333333,0.458,0,0,0.3824,0.339,0.3416,0.2518
13,GA,Georgia,30176,1330176,0,7050,93,1,0,12.75,0.4919,0.746,0.8079,6.5,0.4567,0,33.9,0.3075,0,11.2,0.5047,0,8.2,0.5596,0,10.1,0.3953,0,17.5,0.6969,1,1,0.1667,0.3497,9.6,0.6727,19.87889529,0.469,7,0.7668,17.9,0.7965,16.12903226,0.6698,0,0,16.3,0.6296,11.63886875,0.5308,18.3,0.5259,4.1,0.2904,0.5352,0.608,2.178479696,0.5263,62.07967125,0.1292,4.6,0.5448,14.7,0.6901,38.38561861,0.8141,0,0,0,0,0.3864,0.3493,0.5287,0.6202
13,GA,Georgia,30177,1330177,0,1049,74,0.75,0,-999,-999,0.75,0.8165,5.8,0.3082,0,30.7,0.1733,0,9.9,0.3123,0,7.1,0.3747,0,10,0.3568,0,16.8,0.5996,0,0,0,0,9.7,0.6781,32.20738413,0.7836,0,0,10.3,0.5244,17.92782305,0.7658,0,0,20,0.7969,29.95008319,0.964,11.9,0.1608,6.7,0.7131,0.5387,0.6168,3.558129166,0.6129,66.20957754,0.0935,1.8,0.2524,13.1,0.6542,16.19433198,0.28,0.5,0.6086,0,0,0.3574,0.2767,0.4275,0.4178
13,GA,Georgia,30178,1330178,0,3468,70,0.75,0,4.8,0.0645,0.4072,0.2232,5.3,0.2126,0,33.1,0.2692,0,9.8,0.2997,0,7,0.3587,0,10,0.3568,0,17.4,0.6837,1,1,0.1667,0.3497,24.5,0.965,23.62728785,0.583,0.1,0.1163,26.7,0.9288,10.42471042,0.2704,1.121562952,0.6769,16.3,0.6296,9.910714286,0.4226,14.6,0.2928,8,0.8568,0.5742,0.7055,1.290165133,0.3817,49.31866812,0.2485,9.5,0.8343,29.8,0.8973,16.14035088,0.2781,0.333333333,0.458,0,0,0.4426,0.5041,0.4456,0.4547
13,GA,Georgia,30179,1330179,0,16807,48,0.5,0,4.2,0.0542,0.2771,0.0759,5.2,0.1959,0,35.6,0.415,0,10,0.3272,0,7,0.3587,0,10.5,0.545,0,18.1,0.7656,1,1,0.1667,0.3497,18.1,0.9129,23.48166961,0.5788,4.1,0.4656,15.5,0.7323,4.931192661,0.0495,1.294348781,0.7031,13.9,0.481,15.06879472,0.7167,10.6,0.1161,4.8,0.3895,0.5146,0.5543,2.676128744,0.5672,55.30881948,0.1917,1.8,0.2524,12.4,0.6395,18.21366025,0.3427,0.666666667,0.618,0,0,0.3731,0.3146,0.3236,0.2184
13,GA,Georgia,30180,1330180,0,34274,45,0.5,0,3.95,0.0491,0.2746,0.0748,4.9,0.1522,0,34.6,0.346,0,10.1,0.3412,0,6.3,0.2527,0,10.3,0.4679,0,16.9,0.6143,0,0,0,0,10.2,0.6997,17.30091518,0.3868,7,0.7668,11.3,0.5731,10.22419863,0.2573,0.628250833,0.5833,11.9,0.3447,8.833333333,0.3542,13.6,0.2378,7.2,0.7801,0.4984,0.5128,6.763384279,0.6912,49.62994821,0.2455,2.5,0.3289,5.3,0.4367,29.16122088,0.6586,1.333333333,0.7627,0,0,0.4462,0.5137,0.2753,0.1422
13,GA,Georgia,30182,1330182,0,2666,58,0.75,0,3.8,0.0447,0.3974,0.2042,7,0.5757,0,34.7,0.352,0,12,0.6182,0,8.9,0.6728,1,10.3,0.4679,0,17.7,0.7205,1,2,0.3333,0.5404,16.2,0.8831,28.66853259,0.7117,5.7,0.659,24,0.9014,11.34356113,0.3317,1.911346076,0.7662,27.2,0.9346,18.51162791,0.8356,25.3,0.8274,1.7,0.1131,0.6964,0.9452,2.129794325,0.5216,61.29321946,0.1366,9.4,0.8314,28,0.8816,25.83333333,0.5739,0,0,0,0,0.4207,0.4451,0.5337,0.6294
13,GA,Georgia,30183,1330183,0,5282,53,0.75,0,5.7,0.0893,0.4197,0.2461,6.3,0.4138,0,31.6,0.2064,0,10.2,0.3566,0,7.2,0.3895,0,9.9,0.3207,0,15.6,0.4207,0,0,0,0,15.4,0.8669,20.90472927,0.5006,5.7,0.659,11.6,0.587,6.764888981,0.0959,0,0,13.5,0.4541,14.14893617,0.674,15.4,0.3402,3.6,0.2353,0.4413,0.3679,0.98285565,0.2938,74.17491973,0.0391,0.6,0.1554,5.2,0.4334,15.61618062,0.2631,0,0,0,0,0.1693,0.0225,0.1591,0.0313
13,GA,Georgia,30184,1330184,0,6847,82,1,0,10.74933333,0.3359,0.668,0.7063,5.5,0.2483,0,33.1,0.2692,0,10,0.3272,0,6.9,0.3431,0,9.8,0.2874,0,16.3,0.5238,0,0,0,0,9.7,0.6781,17.44640901,0.3915,6.6,0.7392,10.2,0.5196,9.0345095,0.1896,1.039805037,0.6647,19.6,0.7828,13.71894698,0.6521,17.1,0.4502,5.4,0.4912,0.5559,0.6606,2.16221739,0.5247,62.42013897,0.126,1.2,0.1975,13.5,0.6637,19.01665989,0.3685,0.5,0.6086,0,0,0.3556,0.2725,0.4098,0.381
13,GA,Georgia,30185,1330185,0,3892,20,0.25,0,3.4,0.0376,0.1438,0.0108,7,0.5757,0,36.3,0.47,0,12.7,0.7037,1,9.4,0.7429,1,10.7,0.6183,0,18.2,0.7754,1,3,0.5,0.6536,14.5,0.8455,29.09458549,0.7203,7.5,0.7975,22.6,0.884,9.232096635,0.1996,0,0,21.2,0.8334,14.23982869,0.6785,14.1,0.2635,6.5,0.6827,0.5905,0.7439,1.041670316,0.3126,66.19365314,0.0937,5.3,0.606,24.4,0.8435,21.93505633,0.458,0.666666667,0.618,0,0,0.4188,0.4394,0.4619,0.489
13,GA,Georgia,30187,1330187,0,8740,43,0.5,0,4.066666667,0.0529,0.2764,0.0754,5.5,0.2483,0,32.3,0.234,0,10.9,0.4592,0,6.5,0.2817,0,9.7,0.256,0,15.4,0.3925,0,0,0,0,7.6,0.5621,17.30201515,0.3868,5.4,0.6279,7.7,0.3786,11.05562252,0.3117,0,0,15,0.5514,9.742441209,0.4128,13.7,0.2427,4.4,0.3298,0.3804,0.2299,3.75742315,0.62,60.93299895,0.1403,1.4,0.2144,2.5,0.3204,12.90883786,0.19,1.333333333,0.7627,0,0,0.3211,0.1932,0.1246,0.0155
13,GA,Georgia,30188,1330188,0,52380,56,0.75,0,5.4,0.0783,0.4142,0.2348,4.1,0.0651,0,30.7,0.1733,0,7.7,0.0806,0,4.6,0.074,0,9.2,0.1293,0,14,0.2043,0,0,0,0,10,0.6909,11.47062006,0.208,4,0.4518,5.9,0.2671,11.72971979,0.3609,2.292856552,0.7935,10.6,0.2589,8.133290761,0.3126,14.5,0.287,6.8,0.7284,0.4359,0.3552,14.80887133,0.7737,48.75251452,0.2545,1.6,0.2322,2,0.2967,23.05442261,0.4932,0.666666667,0.618,0,0,0.3812,0.3362,0.2316,0.0885
13,GA,Georgia,30189,1330189,0,36859,51,0.75,0,5.533333333,0.0833,0.4166,0.2378,4.1,0.0651,0,31.2,0.1925,0,7.8,0.0873,0,4.7,0.0817,0,9.3,0.1494,0,14.3,0.2409,0,0,0,0,8.2,0.5998,9.109725492,0.1412,3.7,0.4104,5.9,0.2671,9.531228831,0.2158,1.722876879,0.7493,8.7,0.1462,6.287609571,0.2091,12.4,0.1804,4.9,0.4067,0.3326,0.1412,18.12328386,0.7964,47.96618241,0.2618,1.5,0.2226,1.7,0.2822,21.0328705,0.4303,0.333333333,0.458,0,0,0.3502,0.2575,0.1591,0.0313
13,GA,Georgia,30204,1330204,0,13493,64,0.75,0,5.64,0.0881,0.419,0.2426,6.2,0.3919,0,39.2,0.7106,1,12.9,0.7251,1,7.6,0.4575,0,11.1,0.7481,1,18.4,0.7949,1,4,0.6667,0.7602,13,0.8029,26.4084507,0.6576,9.5,0.8783,15.1,0.7198,18.26464668,0.7813,0.064128257,0.4031,16.7,0.6507,6.618556701,0.2255,17.9,0.5,5.1,0.4383,0.6058,0.7799,2.070748682,0.5147,50.8080231,0.2341,7.9,0.7727,10.9,0.6051,33.56255546,0.7472,1,0.6973,0,0,0.5102,0.6731,0.614,0.7676
13,GA,Georgia,30205,1330205,0,3061,71,0.75,0,4.333333333,0.0571,0.4036,0.2159,5.9,0.3285,0,30.7,0.1733,0,10.6,0.4152,0,6.8,0.3281,0,9.4,0.173,0,14.9,0.322,0,0,0,0,6.3,0.4707,11.25087352,0.2013,1.3,0.1561,6.3,0.29,8.197424893,0.1494,0,0,13.3,0.4404,10.5891126,0.4647,20.2,0.6396,2.6,0.1546,0.2967,0.0905,1.159618208,0.3467,45.46526355,0.2874,0.1,0.1423,4.7,0.414,9.532374101,0.1175,2.333333333,0.8528,0,0,0.3087,0.1681,0.1186,0.0135
13,GA,Georgia,30206,1330206,0,2958,74,0.75,0,4.466666667,0.0599,0.4049,0.2174,5.5,0.2483,0,35.1,0.3779,0,11.1,0.4912,0,6.9,0.3431,0,10,0.3568,0,16.4,0.5396,0,0,0,0,9,0.6419,9.792843691,0.1596,8.2,0.8322,14.1,0.6855,10.48565121,0.2751,0,0,12.7,0.4007,9.194673431,0.3768,15,0.3162,9.6,0.9325,0.462,0.4174,0.827244904,0.241,48.94423218,0.2523,4,0.4889,7.4,0.5075,7.712305026,0.0862,1.333333333,0.7627,0,0,0.3341,0.222,0.2142,0.0714
13,GA,Georgia,30213,1330213,0,29384,78,1,0,-999,-999,1,0.9934,3.8,0.0462,0,34.3,0.3284,0,10.7,0.4297,0,4.6,0.074,0,10.7,0.6183,0,15.7,0.4363,0,0,0,0,13.1,0.806,16.67308319,0.3671,4.5,0.5199,8.1,0.4029,15.28747648,0.6158,1.666666667,0.744,10.9,0.2787,4.242107707,0.1205,8.5,0.0652,7.7,0.832,0.4752,0.4521,10.19934037,0.7345,56.851561,0.1772,3.3,0.4149,1,0.2414,45.50788091,0.8798,3,0.8837,0,0,0.4759,0.593,0.5096,0.5827
13,GA,Georgia,30214,1330214,0,28913,84,1,0,3.777777778,0.0446,0.5223,0.4363,5.7,0.2882,0,32.1,0.2258,0,12.6,0.6923,1,5.8,0.1902,0,9.7,0.256,0,13.5,0.15,0,1,0.1667,0.3497,10.3,0.7047,14.73542042,0.3046,6.1,0.6979,8,0.3969,11.09680742,0.3143,2.308945393,0.7945,11.7,0.3311,8.75493362,0.3502,20.3,0.6454,4.5,0.3446,0.4884,0.4859,9.785629162,0.7304,49.2676386,0.2491,1.8,0.2524,7.8,0.5204,18.10951641,0.3392,2.333333333,0.8528,0,0,0.4206,0.4446,0.4291,0.4211
13,GA,Georgia,30215,1330215,0,33665,63,0.75,0,3.8,0.0447,0.3974,0.2042,4.9,0.1522,0,31.3,0.1961,0,10.6,0.4152,0,5.2,0.1262,0,9.5,0.1987,0,13.5,0.15,0,0,0,0,6.8,0.5076,10.90168387,0.1913,3.5,0.3811,4.3,0.173,7.217162809,0.1107,0.560416309,0.5666,9.4,0.1847,8.760719691,0.3505,15.6,0.3529,5.2,0.4561,0.3274,0.1332,5.728294332,0.6736,49.27494701,0.249,2.2,0.2958,0.3,0.1681,12.13513949,0.1719,2.666666667,0.868,0,0,0.3466,0.2492,0.1466,0.0247
13,GA,Georgia,30216,1330216,0,2159,76,1,1,-999,-999,1,0.9934,6.3,0.4138,0,40.9,0.8202,1,14.2,0.8332,1,8,0.5247,0,11,0.719,1,17.8,0.7322,1,4,0.6667,0.7602,14.4,0.8427,37.90766624,0.8681,4.9,0.5698,20.7,0.8539,8.405296488,0.1593,0,0,9.6,0.197,12.32032854,0.5736,18.8,0.5586,3.8,0.2556,0.4879,0.4846,0.845109471,0.2476,67.50027515,0.0838,1.2,0.1975,21,0.7991,34.40094899,0.7607,1.5,0.8005,0,0,0.4127,0.422,0.665,0.8383
13,GA,Georgia,30217,1330217,0,9433,85,1,0,3.8,0.0447,0.5224,0.4363,6.8,0.5269,0,36.2,0.4616,0,12.5,0.6807,1,8.8,0.6576,0,10.5,0.545,0,17.8,0.7322,1,2,0.3333,0.5404,12.7,0.7939,23.13729706,0.5685,4.7,0.5454,20.1,0.843,11.84359119,0.3689,0.245974955,0.47,21.2,0.8334,16.45600991,0.7741,17.1,0.4502,6.2,0.633,0.628,0.8264,1.180211443,0.353,65.18862492,0.1014,6,0.6628,30,0.8994,30.75869625,0.6936,0,0,0,0,0.3872,0.3514,0.5386,0.6394
13,GA,Georgia,30218,1330218,0,1974,96,1,0,-999,-999,1,0.9934,7.2,0.622,0,41.9,0.8694,1,15,0.8812,1,9.2,0.7166,1,11.1,0.7481,1,18.2,0.7754,1,5,0.8333,0.8437,13.9,0.8293,13.11653117,0.2553,5.9,0.6796,25.6,0.9191,7.076101469,0.1059,0,0,13.4,0.4479,17.0212766,0.7923,20.7,0.6664,2.5,0.1481,0.4844,0.4751,0.70567391,0.1982,56.2153775,0.1825,8.6,0.8029,14.4,0.6835,3.08310992,0.0418,2,0.8311,0,0,0.3914,0.3627,0.6687,0.843
13,GA,Georgia,30220,1330220,0,5533,64,0.75,0,3.4,0.0376,0.3938,0.1995,5,0.1665,0,36.4,0.4783,0,10.4,0.3856,0,6.4,0.2664,0,10.3,0.4679,0,17.4,0.6837,1,1,0.1667,0.3497,13.6,0.8212,17.76,0.4021,7.6,0.8037,10.7,0.5445,7.761121857,0.132,0.112507032,0.4184,14.5,0.5195,10.59131737,0.4648,9.4,0.083,5.5,0.51,0.4699,0.4377,1.548732355,0.44,59.78359935,0.1504,5.7,0.6391,7.4,0.5075,29.06118143,0.656,1.666666667,0.8026,0,0,0.4565,0.5418,0.3822,0.3266
13,GA,Georgia,30222,1330222,0,4042,62,0.75,0,3.6,0.0404,0.3952,0.2004,7.6,0.7055,1,43.5,0.9278,1,16.9,0.9482,1,9.6,0.7675,1,11.5,0.8408,1,18.4,0.7949,1,6,1,0.9102,17.1,0.8987,38.1511372,0.8708,11.5,0.9209,24.6,0.9082,16.42512077,0.6871,0.281834486,0.483,16.7,0.6507,15.71428571,0.7452,19,0.5712,4.5,0.3446,0.708,0.9569,0.715757104,0.2019,63.83495352,0.1135,14.6,0.9256,19.5,0.7771,42.88449266,0.859,1.333333333,0.7627,0,0,0.52,0.6939,0.6904,0.868
13,GA,Georgia,30223,1330223,0,36769,88,1,0,4.571428571,0.0611,0.5306,0.4574,7,0.5757,0,38,0.6132,0,15,0.8812,1,9.2,0.7166,1,11.3,0.7987,1,18.9,0.8376,1,4,0.6667,0.7602,15.4,0.8669,35.34793457,0.8346,4.8,0.558,20.4,0.8486,13.09803922,0.4612,0.712898832,0.6031,17.2,0.6769,13.80747326,0.6568,19.4,0.5958,5.5,0.51,0.6612,0.8919,4.522993386,0.6437,49.54844627,0.2462,9.1,0.8208,6.2,0.4686,39.25785522,0.8246,3,0.8837,0,0,0.5554,0.7655,0.7188,0.8971
13,GA,Georgia,30224,1330224,0,25197,77,1,0,4.72,0.0639,0.532,0.4587,6.2,0.3919,0,34.2,0.3228,0,11.9,0.6048,0,7.3,0.4066,0,10.3,0.4679,0,16.7,0.5852,0,0,0,0,13.1,0.806,22.89203789,0.5606,4.2,0.4801,14.3,0.6916,14.02688793,0.5308,0.253755991,0.4729,11.9,0.3447,7.361063169,0.2668,15.8,0.3647,6.1,0.6163,0.5134,0.5511,5.84611922,0.6755,44.4020843,0.2986,7.5,0.7543,5.7,0.4509,34.73458116,0.7657,2.666666667,0.868,0,0,0.5447,0.7448,0.4386,0.4401
13,GA,Georgia,30228,1330228,0,38569,54,0.75,0,3.8,0.0447,0.3974,0.2042,4.3,0.0816,0,39.7,0.7463,1,10.7,0.4297,0,5.5,0.1573,0,10.5,0.545,0,16.7,0.5852,0,1,0.1667,0.3497,11.4,0.7499,23.16073799,0.5692,6.4,0.7227,8.3,0.4149,9.482214934,0.2131,1.424966959,0.7186,9.8,0.2082,8.899184402,0.3582,10.3,0.1073,5.5,0.51,0.4572,0.4063,7.676482174,0.7046,40.93024913,0.3326,3.8,0.4672,7.3,0.5047,25.22535516,0.5573,3.666666667,0.9067,0,0,0.4962,0.6415,0.4004,0.3621
13,GA,Georgia,30230,1330230,0,9103,67,0.75,0,3.6,0.0404,0.3952,0.2004,7.1,0.5989,0,42.5,0.8948,1,14,0.8189,1,9.1,0.7023,1,11,0.719,1,18.6,0.8132,1,5,0.8333,0.8437,14.6,0.8481,29.9138368,0.739,6,0.6889,22,0.8751,12.61366589,0.4266,1.189436927,0.6875,16.5,0.6398,18.71801121,0.8405,16.2,0.3911,7.3,0.7914,0.6928,0.9402,1.25522044,0.373,63.02227345,0.121,7.1,0.734,17.6,0.7458,36.22807018,0.7873,1.333333333,0.7627,0,0,0.5034,0.6583,0.6606,0.8327
13,GA,Georgia,30233,1330233,0,23218,83,1,0,5.666666667,0.0885,0.5442,0.4843,6.8,0.5269,0,39.5,0.7325,1,13.1,0.7454,1,8.6,0.6266,0,10.5,0.545,0,18.2,0.7754,1,3,0.5,0.6536,12.2,0.7781,31.68173947,0.7747,5.4,0.6279,19.6,0.8327,13.80427334,0.5158,0.80681109,0.6236,16,0.6124,13.17675598,0.6224,15.5,0.3462,5.8,0.5645,0.6298,0.8308,2.196789644,0.528,55.14327506,0.1935,7,0.7285,13.6,0.6659,27.53320216,0.6199,2,0.8311,0,0,0.5096,0.6717,0.6601,0.8319
13,GA,Georgia,30234,1330234,0,1934,83,1,0,5.2,0.0734,0.5367,0.4672,6,0.3488,0,42,0.8746,1,14,0.8189,1,8.4,0.5936,0,11.4,0.8207,1,19.1,0.8527,1,4,0.6667,0.7602,9.9,0.6864,36.24503687,0.8478,6.8,0.753,11.9,0.5994,17.12385702,0.7272,0.126023945,0.4228,15.9,0.6067,6.98630137,0.2455,12.1,0.1689,10.5,0.953,0.6011,0.7689,3.250257201,0.5989,46.46450894,0.2778,0,0,15.4,0.7037,31.96159122,0.718,1.333333333,0.7627,0,0,0.4373,0.4909,0.6218,0.7794
13,GA,Georgia,30236,1330236,0,46434,58,0.75,0,4,0.0497,0.3998,0.2111,5.1,0.1812,0,41.6,0.8556,1,13,0.736,1,6.3,0.2527,0,10.9,0.6871,1,17.6,0.7082,1,4,0.6667,0.7602,17.9,0.9104,29.23950517,0.7232,6.3,0.7148,15.4,0.729,10.31838965,0.2633,5.153922333,0.8974,9.3,0.1788,10.03334473,0.4303,10.8,0.122,7.3,0.7914,0.5761,0.7101,19.14403171,0.8023,38.74374409,0.3541,7.1,0.734,3.2,0.352,47.46656852,0.8929,3,0.8837,0,0,0.5741,0.7979,0.6198,0.7764
13,GA,Georgia,30238,1330238,0,34713,51,0.75,0,4,0.0497,0.3998,0.2111,4.6,0.112,0,44.2,0.945,1,13.8,0.8042,1,6.2,0.2402,0,11.6,0.8587,1,18,0.755,1,4,0.6667,0.7602,16.9,0.8957,31.68507084,0.7748,8.2,0.8322,12,0.6036,9.987329507,0.2421,2.213469433,0.7882,12.3,0.3725,9.177120221,0.3758,8.2,0.0601,7.8,0.8407,0.5786,0.7155,18.34348593,0.7974,39.7885565,0.3439,6.5,0.6972,6,0.4622,41.95544554,0.8496,2.333333333,0.8528,0,0,0.5719,0.7942,0.6202,0.7772
13,GA,Georgia,30240,1330240,0,30014,85,1,0,3.825,0.0472,0.5236,0.4418,6.6,0.4802,0,42.3,0.887,1,13.3,0.7643,1,7.8,0.4911,0,10.7,0.6183,0,17.5,0.6969,1,3,0.5,0.6536,11.2,0.7422,29.62280549,0.7322,7.4,0.7922,12.8,0.6365,14.58421573,0.5701,0.424205069,0.5291,17.5,0.6918,6.371653293,0.2138,15,0.3162,5.9,0.5819,0.5806,0.7201,3.712453874,0.6181,54.11691574,0.2032,10.9,0.8709,5.3,0.4367,38.31793149,0.8133,0,0,0,0,0.4203,0.4439,0.5648,0.6875
13,GA,Georgia,30241,1330241,0,23176,63,0.75,0,3.6,0.0404,0.3952,0.2004,6.6,0.4802,0,46.1,0.9742,1,14.8,0.8702,1,8.3,0.5766,0,11.2,0.7745,1,18.8,0.8293,1,4,0.6667,0.7602,12.6,0.7909,35.64315353,0.8389,5.9,0.6796,19.6,0.8327,14.13878905,0.5389,2.64020781,0.8137,17.8,0.7059,5.145539906,0.154,12.2,0.1727,7.1,0.7677,0.6295,0.8301,3.991252145,0.6272,56.07124963,0.1837,8.4,0.7952,8,0.5264,52.63998175,0.9201,0,0,0,0,0.4361,0.4874,0.5695,0.6965
13,GA,Georgia,30248,1330248,0,23249,57,0.75,0,5.2,0.0734,0.4117,0.2294,4.4,0.091,0,36.8,0.5112,0,9.3,0.2325,0,5.7,0.1786,0,9.9,0.3207,0,16.8,0.5996,0,0,0,0,11.6,0.7577,16.85350561,0.3719,4.7,0.5454,8.6,0.4318,7.626672285,0.1262,1.135720637,0.679,8.7,0.1462,12.11621516,0.5615,10,0.0986,6,0.5991,0.4317,0.3448,6.218778178,0.6823,45.78886286,0.2844,0.7,0.1614,5.9,0.4583,22.1070615,0.4634,2.666666667,0.868,0,0,0.4168,0.4339,0.252,0.1116
13,GA,Georgia,30250,1330250,0,679,20,0.25,1,3.8,0.0447,0.1474,0.0114,3.7,0.0416,0,45.4,0.9663,1,10.5,0.4004,0,4.9,0.098,0,8.6,0.0493,0,17.9,0.7441,1,2,0.3333,0.5404,-999,-999,-999,-999,-999,-999,34.4,0.9683,-999,-999,35.3968254,0.9981,-999,-999,-999,-999,0,0,0,0,0.4916,0.4948,31.45392064,0.8656,8.787723785,0.7175,-999,-999,0,0,-999,-999,2,0.8311,0,0,0.4828,0.6095,0.414,0.3897
13,GA,Georgia,30251,1330251,0,2342,85,1,0,-999,-999,1,0.9934,6.6,0.4802,0,41,0.8256,1,13.6,0.7898,1,9,0.6883,1,11.2,0.7745,1,19,0.8449,1,5,0.8333,0.8437,31.8,0.9857,38.68169991,0.876,7.1,0.7734,27.6,0.9356,7.605344296,0.1254,0,0,18.4,0.7337,32.12669683,0.9717,19.2,0.5838,4.5,0.3446,0.633,0.837,0.994993298,0.2972,63.23780628,0.1188,10.7,0.8664,27.6,0.8775,35.90909091,0.7824,2,0.8311,0,0,0.5391,0.7336,0.8519,0.9849
13,GA,Georgia,30252,1330252,0,41428,42,0.5,0,4,0.0497,0.2748,0.0749,4.2,0.0732,0,35,0.3715,0,8.7,0.1649,0,5,0.1064,0,9.5,0.1987,0,15.2,0.3627,0,0,0,0,7.7,0.5685,7.86875,0.1115,5.9,0.6796,5,0.2116,4.98826121,0.0506,0.599065195,0.5764,10.3,0.2402,8.898115903,0.3581,11.3,0.1383,5.5,0.51,0.3445,0.1609,6.251181204,0.6828,44.9217255,0.2932,1,0.1816,0.6,0.2083,15.77149746,0.2677,3,0.8837,0,0,0.3596,0.2814,0.1293,0.0174
13,GA,Georgia,30253,1330253,0,49380,52,0.75,0,4,0.0497,0.3998,0.2111,4.2,0.0732,0,37.9,0.605,0,10.2,0.3566,0,5.2,0.1262,0,10.2,0.4313,0,16.3,0.5238,0,0,0,0,10.2,0.6997,19.85953518,0.4685,6.2,0.7067,9.5,0.4827,11.2214169,0.323,1.640351051,0.7418,8.7,0.1462,7.120164455,0.2529,11.1,0.1322,6.5,0.6827,0.4636,0.4215,20.31406747,0.8089,34.53434281,0.3943,2.7,0.3494,1.3,0.2597,41.25914618,0.8431,3.333333333,0.8955,0,0,0.5073,0.6668,0.3248,0.2209
13,GA,Georgia,30256,1330256,0,2826,70,0.75,0,4.7,0.0634,0.4067,0.2228,5.9,0.3285,0,33.8,0.3026,0,10.8,0.445,0,7.2,0.3895,0,9.7,0.256,0,16.1,0.4949,0,0,0,0,7.8,0.5742,17.30899256,0.3871,10,0.8907,12.9,0.6405,6.844968268,0.0982,0,0,13,0.4209,18.4,0.8328,10.2,0.1043,4.8,0.3895,0.4338,0.3501,1.043144616,0.3131,56.86997022,0.1771,1.8,0.2524,29.5,0.8942,17.87878788,0.3316,1,0.6973,0,0,0.3808,0.3353,0.227,0.0834
13,GA,Georgia,30257,1330257,0,4138,48,0.5,0,5.2,0.0734,0.2867,0.0848,6.2,0.3919,0,36.2,0.4616,0,11.6,0.564,0,7.5,0.4403,0,9.9,0.3207,0,16.3,0.5238,0,0,0,0,10.6,0.7176,19.60465116,0.4603,2.6,0.2638,8.1,0.4029,18.73721134,0.8016,0,0,9.9,0.2146,15.7239819,0.7459,17,0.4434,6.8,0.7284,0.4778,0.4585,1.801928993,0.4807,49.25400366,0.2493,0.3,0.1442,17.8,0.7494,24,0.5216,1.333333333,0.7627,0,0,0.4154,0.4298,0.2433,0.1014
13,GA,Georgia,30258,1330258,0,2622,54,0.75,0,4.55,0.0609,0.4054,0.2197,6.3,0.4138,0,34.5,0.3403,0,11.4,0.5354,0,7.6,0.4575,0,9.9,0.3207,0,16.4,0.5396,0,0,0,0,14.9,0.8553,22.85904698,0.5593,6.5,0.7306,17.2,0.7798,11.90184049,0.3732,0,0,17.1,0.6719,12.14511041,0.5631,20.8,0.671,5.3,0.474,0.5678,0.6912,0.689062696,0.1921,56.88792354,0.1769,3.1,0.3928,24.2,0.8414,17.15116279,0.3073,1,0.6973,0,0,0.3725,0.3131,0.306,0.1888
13,GA,Georgia,30259,1330259,0,3041,85,1,0,3.6,0.0404,0.5202,0.4305,5.7,0.2882,0,33.5,0.2873,0,10.1,0.3412,0,6.5,0.2817,0,9.5,0.1987,0,15.2,0.3627,0,0,0,0,7.8,0.5742,10.56228642,0.1817,3.8,0.423,9.1,0.4605,10.86025691,0.2987,0.128576021,0.4242,16.9,0.6623,16.85534591,0.7865,18.9,0.5649,3.4,0.2154,0.4591,0.4102,1.597554263,0.449,55.46363366,0.19,5,0.5802,6.9,0.4925,16.54072208,0.2903,1,0.6973,0,0,0.3856,0.347,0.2969,0.1748
13,GA,Georgia,30260,1330260,0,23244,67,0.75,0,4,0.0497,0.3998,0.2111,5.2,0.1959,0,38.6,0.6637,0,13.5,0.7813,1,6.3,0.2527,0,10.7,0.6183,0,17.5,0.6969,1,2,0.3333,0.5404,21,0.9426,28.87898089,0.7158,7.1,0.7734,20.6,0.8517,13.43937946,0.4879,12.77026173,0.9666,10.4,0.2459,11.16883117,0.5003,9.4,0.083,6.5,0.6827,0.625,0.8199,35.21149821,0.8825,29.44843679,0.4443,8.6,0.8029,0.3,0.1681,52.73432612,0.9205,2.333333333,0.8528,0,0,0.5816,0.8105,0.5955,0.7385
13,GA,Georgia,30263,1330263,0,53008,66,0.75,0,3.555555556,0.0402,0.3951,0.2004,5.5,0.2483,0,36.4,0.4783,0,11.1,0.4912,0,6.8,0.3281,0,10.3,0.4679,0,17,0.6282,0,0,0,0,11,0.7345,23.94930969,0.5922,4.8,0.558,14.5,0.6985,12.30378369,0.4021,1.782913594,0.7555,12.3,0.3725,8.977871444,0.3629,13.1,0.2132,7.2,0.7801,0.547,0.638,4.230770524,0.6346,58.34994268,0.1642,5.9,0.6549,2.2,0.3064,37.36849174,0.8017,2.333333333,0.8528,0,0,0.4878,0.6211,0.3649,0.2946
13,GA,Georgia,30265,1330265,0,31713,68,0.75,0,3.466666667,0.0392,0.3946,0.1998,4.3,0.0816,0,32.6,0.2469,0,8.6,0.1542,0,4.9,0.098,0,9.3,0.1494,0,14.6,0.2809,0,0,0,0,9.2,0.6524,11.46135092,0.2077,3.2,0.3395,6,0.2729,10.20439119,0.2564,1.64101641,0.7418,9.1,0.1685,7.528127068,0.2772,13.4,0.2272,5,0.4216,0.3565,0.1821,14.65279274,0.7723,47.82237461,0.2632,2.1,0.2854,1.8,0.2869,25.30054645,0.5593,2,0.8311,0,0,0.4283,0.4648,0.2117,0.0693
13,GA,Georgia,30268,1330268,0,9090,83,1,0,3.6,0.0404,0.5202,0.4305,5.8,0.3082,0,33.5,0.2873,0,12.2,0.643,0,6.7,0.3111,0,10.3,0.4679,0,16,0.4798,0,0,0,0,11,0.7345,25.76776835,0.6406,7,0.7668,19.7,0.8349,15.54746494,0.6332,4.114891017,0.8723,11.8,0.3379,13.17991632,0.6227,16.3,0.3968,4.7,0.3746,0.6214,0.8118,3.432677231,0.6076,64.72349936,0.105,11.5,0.8826,5.2,0.4334,33.81924198,0.7513,1.666666667,0.8026,0,0,0.5118,0.6763,0.4796,0.5231
13,GA,Georgia,30269,1330269,0,35069,66,0.75,0,3.6,0.0404,0.3952,0.2004,4.8,0.1385,0,27.9,0.0939,0,9.4,0.2446,0,4.7,0.0817,0,8.8,0.0706,0,12.4,0.0707,0,0,0,0,6.6,0.4941,11.18863762,0.1993,2.8,0.2875,2.3,0.0798,11.92016467,0.3745,1.240779919,0.6947,10.5,0.2522,5.865522175,0.1872,18.4,0.5328,4.1,0.2904,0.3392,0.1521,21.04742758,0.813,41.07128927,0.331,6.3,0.6834,1.1,0.2477,25.05292357,0.5529,2,0.8311,0,0,0.4942,0.6362,0.2472,0.1057
13,GA,Georgia,30273,1330273,0,14709,47,0.5,0,4,0.0497,0.2748,0.0749,4.2,0.0732,0,42.9,0.9088,1,12.3,0.6561,0,5.4,0.1467,0,11.1,0.7481,1,16.8,0.5996,0,2,0.3333,0.5404,10.3,0.7047,23.17751995,0.5698,3.8,0.423,12.6,0.6278,10.78834299,0.2941,5.23464434,0.8992,10.4,0.2459,12.83442706,0.6041,7.1,0.0454,5.3,0.474,0.4888,0.4869,20.49096959,0.8098,40.33533946,0.3386,3.1,0.3928,5.8,0.4547,29.57190767,0.6679,2.333333333,0.8528,0,0,0.5024,0.6559,0.4395,0.4421
13,GA,Georgia,30274,1330274,0,31893,63,0.75,0,4,0.0497,0.3998,0.2111,4.8,0.1385,0,45.4,0.9663,1,14.8,0.8702,1,6.4,0.2664,0,11.9,0.9011,1,18.7,0.8217,1,4,0.6667,0.7602,19,0.9236,36.82638948,0.855,9.6,0.8803,13.9,0.6779,15.91390397,0.657,3.20453803,0.8417,11.5,0.3187,6.247364299,0.2069,8.9,0.0724,6.1,0.6163,0.605,0.7778,29.7943895,0.8572,31.98852041,0.4207,9.4,0.8314,0.3,0.1681,59.10261412,0.944,2.666666667,0.868,0,0,0.5842,0.8143,0.6408,0.8062
13,GA,Georgia,30276,1330276,0,13866,53,0.75,0,3.8,0.0447,0.3974,0.2042,4.7,0.1251,0,33.5,0.2873,0,9.1,0.2089,0,5.7,0.1786,0,9.7,0.256,0,15.6,0.4207,0,0,0,0,9.3,0.6576,15.24333104,0.3205,3.8,0.423,10.4,0.5294,7.042600345,0.1045,0.836960161,0.6297,10.9,0.2787,12.51212415,0.5866,14.1,0.2635,6.8,0.7284,0.4522,0.3942,2.089849846,0.5173,55.42963211,0.1902,1.8,0.2524,5.3,0.4367,12.41665165,0.178,1.666666667,0.8026,0,0,0.3396,0.2339,0.2081,0.0658
13,GA,Georgia,30277,1330277,0,20270,48,0.5,0,3.533333333,0.0399,0.27,0.0704,4.8,0.1385,0,32.4,0.2382,0,8.9,0.1864,0,5.5,0.1573,0,9.2,0.1293,0,14.3,0.2409,0,0,0,0,6,0.4474,7.797567333,0.1098,2.7,0.2762,7.3,0.3535,6.81766055,0.0974,1.142675043,0.6803,9,0.163,9.644018484,0.4061,13.8,0.2479,4.7,0.3746,0.3156,0.1153,5.627313003,0.6713,49.86244508,0.2431,2,0.2749,3.7,0.374,11.36868064,0.1542,2.333333333,0.8528,0,0,0.3672,0.3001,0.1215,0.0146
13,GA,Georgia,30281,1330281,0,66140,53,0.75,0,4.033333333,0.0527,0.4014,0.2123,4.5,0.1016,0,38.3,0.6394,0,10.6,0.4152,0,5.6,0.1678,0,10.3,0.4679,0,16.5,0.5552,0,0,0,0,11.8,0.7643,22.76652835,0.5564,5.7,0.659,10.5,0.5339,11.33565575,0.3311,2.059417725,0.7784,10.7,0.2653,8.854792217,0.3556,11.1,0.1322,6.7,0.7131,0.5089,0.5387,10.84861728,0.7408,47.38467808,0.2677,3.2,0.4037,5.6,0.4477,40.5698447,0.8364,3,0.8837,0,0,0.5114,0.6754,0.3566,0.2793
13,GA,Georgia,30284,1330284,0,55,20,0.25,1,-999,-999,0.25,0.0472,6.1,0.3702,0,35.3,0.3931,0,11.9,0.6048,0,8.6,0.6266,0,10.4,0.5077,0,18.5,0.8042,1,1,0.1667,0.3497,11.7,0.7608,16.50485437,0.362,0,0,28.6,0.942,9.433962264,0.2105,0,0,0,0,56.66666667,0.9959,3.9,0.0252,28.2,0.999,0.4295,0.3392,10.38358104,0.7364,11.68131868,0.6679,3.6,0.4467,14.3,0.6811,42.85714286,0.8587,2.5,0.8668,0,0,0.6082,0.8492,0.3963,0.3538
13,GA,Georgia,30285,1330285,0,707,95,1,0,4.933333333,0.068,0.534,0.4629,6.1,0.3702,0,35,0.3715,0,11.3,0.5201,0,7.9,0.5077,0,10.1,0.3953,0,17.2,0.6568,0,0,0,0,12.6,0.7909,34.87654321,0.8281,0,0,11.9,0.5994,13.04347826,0.457,0,0,26,0.9221,16.12021858,0.7611,23.8,0.7886,2.3,0.1373,0.5284,0.5906,0.784292885,0.226,51.62290043,0.2267,0,0,43.7,0.9696,20.52238806,0.4145,1,0.6973,0,0,0.362,0.2876,0.3353,0.2407
13,GA,Georgia,30286,1330286,0,23490,75,1,0,4.7,0.0634,0.5317,0.4583,7.5,0.6855,1,38.1,0.6214,0,14.8,0.8702,1,9.4,0.7429,1,11,0.719,1,18.1,0.7656,1,5,0.8333,0.8437,11.7,0.7608,34.08985642,0.8156,5.7,0.659,17.3,0.7822,18.99987774,0.8125,0.328613541,0.4985,15.7,0.5947,10.67849326,0.4706,17.8,0.494,6.5,0.6827,0.6571,0.8847,2.061304927,0.5136,58.90168697,0.1589,10.3,0.8563,15.8,0.712,34.88291614,0.7676,0.333333333,0.458,0,0,0.4952,0.6391,0.7064,0.8853
13,GA,Georgia,30288,1330288,0,8929,75,1,0,4,0.0497,0.5248,0.4455,4.3,0.0816,0,40.5,0.7968,1,12.9,0.7251,1,5.3,0.1363,0,11,0.719,1,16.4,0.5396,0,3,0.5,0.6536,14.2,0.8373,22.72779634,0.5555,9.8,0.8861,19.1,0.8227,16.49253731,0.6911,7.619273677,0.9333,14,0.4877,9.534478467,0.399,12.4,0.1804,3.7,0.2453,0.6038,0.7749,32.73883044,0.8721,35.07658972,0.3893,7.3,0.7445,2.2,0.3064,32.074883,0.7203,2.666666667,0.868,0,0,0.5572,0.7692,0.6608,0.8329
13,GA,Georgia,30289,1330289,0,82,20,0.25,1,3.8,0.0447,0.1474,0.0114,7.3,0.644,0,32.5,0.2428,0,12.8,0.7144,1,7.6,0.4575,0,9.5,0.1987,0,13.3,0.1304,0,1,0.1667,0.3497,42.3,0.9949,21.15384615,0.5078,0,0,45.2,0.9881,4.761904762,0.0467,0,0,11.5,0.3187,45.45454545,0.9902,17.3,0.4628,17.3,0.9923,0.5302,0.5953,15.20876096,0.7771,27.00322581,0.4689,0,0,0,0,56.25,0.9354,1.666666667,0.8026,0,0,0.4263,0.4599,0.3541,0.2747
13,GA,Georgia,30290,1330290,0,8286,70,0.75,0,3.666666667,0.0433,0.3966,0.2031,4.6,0.112,0,29.5,0.1356,0,9.6,0.2721,0,4.7,0.0817,0,9.1,0.1116,0,12.8,0.0945,0,0,0,0,6.2,0.4637,6.637872244,0.0825,2.2,0.2244,4.9,0.2059,5.39573707,0.0582,0,0,6.9,0.073,6.503174951,0.22,15.2,0.328,5.8,0.5645,0.222,0.0261,8.922508363,0.7202,45.38647718,0.288,0,0,3.5,0.3656,13.13462168,0.1963,2,0.8311,0,0,0.343,0.241,0.1176,0.0131
13,GA,Georgia,30291,1330291,0,21010,91,1,0,8.888253968,0.2232,0.6116,0.6226,4.2,0.0732,0,36.8,0.5112,0,11.9,0.6048,0,5.3,0.1363,0,11.5,0.8408,1,17.6,0.7082,1,2,0.3333,0.5404,9.5,0.6674,27.59992598,0.6867,7.1,0.7734,8.8,0.4436,21.28971712,0.8778,0.414664981,0.5262,12.6,0.3938,7.706898273,0.2878,11.7,0.1525,8.6,0.8947,0.5704,0.6965,29.40326755,0.8553,41.93999381,0.3224,10.7,0.8664,1.4,0.2655,63.93143691,0.9583,3,0.8837,0,0,0.5931,0.8268,0.6716,0.8466
13,GA,Georgia,30292,1330292,0,5943,71,0.75,0,4.4,0.0577,0.4038,0.216,5.4,0.2301,0,34.2,0.3228,0,10.3,0.3721,0,7,0.3587,0,10.2,0.4313,0,17.3,0.6711,1,1,0.1667,0.3497,14.9,0.8553,21.12650383,0.5071,6.2,0.7067,15,0.7168,7.328244275,0.1145,0.171526587,0.4406,10.1,0.2273,22.10264901,0.9024,13.3,0.2226,7.1,0.7677,0.5461,0.6357,1.474312532,0.425,42.98526119,0.3129,2,0.2749,9.2,0.5613,12.57046223,0.1816,1.666666667,0.8026,0,0,0.3655,0.2962,0.3744,0.3118
13,GA,Georgia,30293,1330293,0,2981,83,1,0,3.6,0.0404,0.5202,0.4305,9,0.907,1,42.8,0.9051,1,17.6,0.9621,1,11.1,0.898,1,11.2,0.7745,1,17.9,0.7441,1,6,1,0.9102,10.5,0.7133,37.86891529,0.8675,2.5,0.2531,24.8,0.9106,21.19443197,0.8759,0,0,26.8,0.9302,14.54918033,0.6935,31.7,0.9175,6.7,0.7131,0.6875,0.9335,1.029359172,0.3085,55.163286,0.1933,12.5,0.9009,29.5,0.8942,25.02250225,0.5521,0.333333333,0.458,0,0,0.4724,0.5842,0.7146,0.8931
13,GA,Georgia,30294,1330294,0,39865,46,0.5,0,3.966666667,0.0493,0.2746,0.0748,4,0.058,0,40.6,0.8027,1,12.3,0.6561,0,4.9,0.098,0,11,0.719,1,16.2,0.5096,0,2,0.3333,0.5404,14.6,0.8481,18.23847407,0.4184,5.7,0.659,9.8,0.4979,9.849975406,0.2335,0.812119707,0.6245,11.2,0.2979,6.815554631,0.2359,11.8,0.1566,5.2,0.4561,0.4428,0.3716,18.97374905,0.8011,40.99898909,0.3317,2.9,0.3705,3.3,0.3563,24.39198345,0.5334,3,0.8837,0,0,0.4681,0.5736,0.3901,0.3414
13,GA,Georgia,30295,1330295,0,4159,84,1,0,5,0.0685,0.5342,0.4634,5.6,0.2682,0,34.3,0.3284,0,10.7,0.4297,0,6.7,0.3111,0,9.9,0.3207,0,16.3,0.5238,0,0,0,0,18.8,0.9212,20.6360593,0.4925,3.3,0.3533,10.7,0.5445,16.39810427,0.6854,0,0,10.5,0.2522,14.62869905,0.6971,15.7,0.3588,4,0.2781,0.4583,0.4085,1.856221594,0.4883,46.67886131,0.275,4,0.4889,14,0.6753,27.15968586,0.6096,1.333333333,0.7627,0,0,0.4714,0.5815,0.3634,0.2922
13,GA,Georgia,30296,1330296,0,25840,46,0.5,0,4,0.0497,0.2748,0.0749,4.5,0.1016,0,43.4,0.9248,1,14.1,0.8264,1,5.7,0.1786,0,11.4,0.8207,1,17.1,0.6422,0,3,0.5,0.6536,16.5,0.8885,24.17763158,0.5986,8.6,0.8482,11.2,0.5689,10.23169782,0.2578,2.34095714,0.7963,11.5,0.3187,7.002908312,0.2463,11.5,0.1454,7.6,0.8231,0.5492,0.6435,18.85481156,0.8006,43.30915744,0.3105,2.1,0.2854,3.6,0.3699,36.11691023,0.7856,2.666666667,0.868,0,0,0.4886,0.623,0.4987,0.5619
13,GA,Georgia,30297,1330297,0,27188,73,0.75,0,4,0.0497,0.3998,0.2111,5.7,0.2882,0,43,0.9122,1,14.8,0.8702,1,7.5,0.4403,0,11,0.719,1,19.4,0.8742,1,4,0.6667,0.7602,23.9,0.9621,45.90807175,0.933,9.2,0.8688,28.5,0.9413,13.79876797,0.5151,9.89873222,0.9519,12.7,0.4007,18.155902,0.8264,9.4,0.083,10.7,0.9563,0.7439,0.9833,42.1280485,0.911,26.46554929,0.4752,12.7,0.9039,1.5,0.2712,63.00247872,0.9554,2.666666667,0.868,0,0,0.6264,0.8716,0.7066,0.8854
13,GA,Georgia,30303,1330303,0,5934,99,1,0,4,0.0497,0.5248,0.4455,3.1,0.0218,0,31.4,0.1997,0,9,0.1979,0,4.4,0.0612,0,11.8,0.8893,1,22.7,0.9777,1,2,0.3333,0.5404,19.9,0.9329,70.20134228,0.9899,17.8,0.9717,13.6,0.667,49.84042553,0.9913,0.817686251,0.6259,9.9,0.2146,2.625622454,0.0768,2.8,0.0231,0.4,0.082,0.5575,0.6649,91.54323307,0.9993,1.844592346,0.8738,33.3,0.9833,0,0,72.52663623,0.9749,1.666666667,0.8026,0,0,0.662,0.9108,0.6404,0.8057
13,GA,Georgia,30305,1330305,0,22999,72,0.75,0,4,0.0497,0.3998,0.2111,4.1,0.0651,0,23.4,0.0249,0,7,0.0452,0,3.6,0.0251,0,8.4,0.0302,0,12,0.0491,0,0,0,0,5.4,0.3997,12.11984218,0.2255,1.2,0.1511,2.6,0.0907,31.69717138,0.9689,1.084219063,0.6716,6.1,0.0517,1.342190889,0.054,17.1,0.4502,4.6,0.3594,0.3423,0.1574,25.56313505,0.8362,47.95868923,0.2619,7.3,0.7445,0.1,0.1293,44.50653235,0.8723,2,0.8311,0,0,0.525,0.7048,0.2683,0.1327
13,GA,Georgia,30306,1330306,0,22246,73,0.75,0,4,0.0497,0.3998,0.2111,2.8,0.017,0,23.7,0.028,0,5.5,0.0169,0,2.8,0.0103,0,8.4,0.0302,0,12.7,0.0882,0,0,0,0,3.8,0.2602,12.12430387,0.2257,3.2,0.3395,2.1,0.0729,22.80354351,0.9051,0.248911014,0.471,4.5,0.0293,1.524532321,0.0566,9.1,0.0762,6.2,0.633,0.307,0.1035,27.58102352,0.8466,42.93978088,0.3134,4.6,0.5448,0,0,42.60518097,0.8564,1.666666667,0.8026,0,0,0.4805,0.6044,0.2298,0.0868
13,GA,Georgia,30307,1330307,0,18004,73,0.75,0,4,0.0497,0.3998,0.2111,2.9,0.0182,0,25.8,0.0557,0,6.2,0.0249,0,3,0.0127,0,8.8,0.0706,0,13.2,0.1217,0,0,0,0,4.7,0.3395,12.90515907,0.2493,4.5,0.5199,2.5,0.0868,20.10176557,0.8483,0.355574148,0.5077,7.7,0.0994,2.309936781,0.0697,10.6,0.1161,4.6,0.3594,0.3196,0.1215,27.78276353,0.8476,40.33667654,0.3386,6.7,0.7099,0.5,0.1976,41.03245818,0.8409,1.666666667,0.8026,0,0,0.5339,0.7234,0.264,0.1269
13,GA,Georgia,30308,1330308,0,15413,82,1,0,4,0.0497,0.5248,0.4455,2.9,0.0182,0,27,0.0758,0,7.3,0.0573,0,3.2,0.0157,0,9,0.096,0,14.3,0.2409,0,0,0,0,5,0.3652,21.75711449,0.5263,3.5,0.3811,5.9,0.2671,44.8354552,0.9885,0.645973614,0.5874,10.1,0.2273,1.000971091,0.0499,7.5,0.0504,3,0.1809,0.3624,0.193,71.83939992,0.9864,12.35450775,0.6573,16.3,0.9391,0.8,0.2276,70.99939743,0.9728,1.666666667,0.8026,0,0,0.6551,0.9033,0.3854,0.3328
13,GA,Georgia,30309,1330309,0,21845,86,1,0,4,0.0497,0.5248,0.4455,2.7,0.0157,0,23.8,0.0289,0,5.5,0.0169,0,2.8,0.0103,0,8.6,0.0493,0,13.3,0.1304,0,0,0,0,4.8,0.348,12.65730229,0.2415,2.2,0.2244,1.3,0.0533,38.52173539,0.9828,0.297665674,0.4879,5.8,0.0464,0.955718382,0.0494,8.7,0.0689,3.7,0.2453,0.2748,0.0652,44.72663437,0.9205,27.57837022,0.4632,9.5,0.8343,0.5,0.1976,53.99293286,0.9264,1.666666667,0.8026,0,0,0.5921,0.8256,0.3341,0.2386
13,GA,Georgia,30310,1330310,0,26912,89,1,0,3.988888889,0.0497,0.5248,0.4455,6.5,0.4567,0,40.5,0.7968,1,18.5,0.9749,1,8.1,0.5414,0,12.2,0.9313,1,18.4,0.7949,1,4,0.6667,0.7602,16.9,0.8957,41.78532504,0.9041,10,0.8907,16.3,0.7562,22.63487278,0.9028,0.764474424,0.6141,17,0.6673,4.507084715,0.1299,12.3,0.1766,6.9,0.7425,0.668,0.9034,38.34059578,0.8959,31.95158815,0.4211,27.8,0.9766,0.1,0.1293,59.49277915,0.9454,2,0.8311,0,0,0.5999,0.8375,0.7366,0.9142
13,GA,Georgia,30311,1330311,0,32218,86,1,0,4,0.0497,0.5248,0.4455,7.3,0.644,0,41.5,0.8503,1,20.5,0.9896,1,9,0.6883,1,12.6,0.9573,1,18.8,0.8293,1,5,0.8333,0.8437,15.6,0.8711,47.68353133,0.9424,13.2,0.9422,15,0.7168,22.19789685,0.8952,0.768576374,0.6151,21.6,0.8442,5.951288387,0.1919,17.8,0.494,6.3,0.6495,0.7162,0.9643,18.4464935,0.7979,54.92097341,0.1953,27.3,0.9758,0.4,0.1847,61.62236797,0.9523,2.666666667,0.868,0,0,0.5677,0.7872,0.7602,0.934
13,GA,Georgia,30312,1330312,0,19360,88,1,0,4,0.0497,0.5248,0.4455,3.8,0.0462,0,31.8,0.214,0,10.2,0.3566,0,4.7,0.0817,0,10.5,0.545,0,16.7,0.5852,0,0,0,0,8.8,0.6323,32.70609319,0.7926,3.7,0.4104,8.7,0.4381,32.73574395,0.972,0.262167534,0.4756,12.3,0.3725,2.459459459,0.0734,8.8,0.0709,4.6,0.3594,0.4597,0.4118,59.90120727,0.9653,16.28796354,0.5973,19.5,0.9564,0.1,0.1293,65.48137397,0.962,1.666666667,0.8026,0,0,0.6304,0.876,0.4333,0.4297
13,GA,Georgia,30313,1330313,0,9495,92,1,0,4,0.0497,0.5248,0.4455,2.1,0.0111,0,25.2,0.0465,0,5.9,0.0206,0,3.3,0.0172,0,10.2,0.4313,0,21.6,0.9619,1,1,0.1667,0.3497,10.2,0.6997,42.23880597,0.9082,12.9,0.9385,7.9,0.3908,38.06962921,0.982,0.096941923,0.4134,6.3,0.0563,1.757263355,0.0602,1.9,0.0212,0.6,0.0844,0.4555,0.4024,80.32833757,0.9936,5.101088647,0.789,19,0.9543,0,0,62.56113828,0.9544,1.666666667,0.8026,0,0,0.642,0.8895,0.5218,0.6062
13,GA,Georgia,30314,1330314,0,22020,86,1,0,3.984615385,0.0496,0.5248,0.4455,5.6,0.2682,0,38.2,0.63,0,15.6,0.9069,1,7,0.3587,0,13,0.9731,1,21.7,0.9637,1,3,0.5,0.6536,15.7,0.8733,53.46424602,0.9654,11.8,0.9255,16.7,0.7665,25.89047996,0.9405,0.37700682,0.5146,14.5,0.5195,4.154137432,0.1181,12,0.165,5.5,0.51,0.6298,0.8308,38.90787928,0.8982,34.17020642,0.3982,32.1,0.982,0.6,0.2083,69.53886693,0.9704,1.666666667,0.8026,0,0,0.6085,0.8496,0.6949,0.873
13,GA,Georgia,30315,1330315,0,33857,89,1,0,4,0.0497,0.5248,0.4455,6.1,0.3702,0,40.6,0.8027,1,17.3,0.9568,1,8.2,0.5596,0,12.2,0.9313,1,20,0.9088,1,4,0.6667,0.7602,15,0.8581,51.60125879,0.9586,11.3,0.9175,18.3,0.8065,23.7542395,0.9179,1.478372537,0.7244,15.2,0.5641,5.149861724,0.1541,11,0.1291,9.2,0.9204,0.6951,0.9434,37.50681528,0.8926,32.87408407,0.4113,26.3,0.9741,1,0.2414,65.83094556,0.9628,2.333333333,0.8528,0,0,0.6193,0.8627,0.753,0.928
13,GA,Georgia,30316,1330316,0,31110,63,0.75,0,4,0.0497,0.3998,0.2111,3.9,0.0516,0,34.2,0.3228,0,11.1,0.4912,0,4.8,0.0893,0,10.6,0.5818,0,16.3,0.5238,0,0,0,0,12.4,0.7844,23.69476682,0.5847,5.3,0.6166,11.6,0.587,17.05038617,0.7228,0.576084535,0.5705,12.7,0.4007,3.66953349,0.1029,12.4,0.1804,6.7,0.7131,0.5263,0.5851,26.56363784,0.8411,41.54283819,0.3266,7.8,0.7678,0.4,0.1847,37.06246735,0.7981,3,0.8837,0,0,0.5431,0.7416,0.3844,0.3309
13,GA,Georgia,30317,1330317,0,11970,56,0.75,0,4,0.0497,0.3998,0.2111,4,0.058,0,32.6,0.2469,0,10.7,0.4297,0,4.2,0.0489,0,10.1,0.3953,0,15,0.3345,0,0,0,0,8.8,0.6323,17.09053917,0.3797,5.2,0.6062,9.9,0.5036,17.15457233,0.7288,0.519792083,0.5566,10.3,0.2402,3.453372749,0.0975,11,0.1291,9.5,0.9298,0.4804,0.4653,26.17439111,0.8391,32.67260274,0.4135,10,0.8487,0.2,0.1491,32.3782235,0.7262,2,0.8311,0,0,0.544,0.7437,0.355,0.2762
13,GA,Georgia,30318,1330318,0,49736,87,1,0,4,0.0497,0.5248,0.4455,4.4,0.091,0,31.9,0.2181,0,11.6,0.564,0,5.3,0.1363,0,10.5,0.545,0,17.1,0.6422,0,0,0,0,11.2,0.7422,32.54485663,0.7895,6.5,0.7306,10.1,0.5149,24.12240574,0.9226,0.844725181,0.631,11,0.2852,2.968248305,0.0849,10,0.0986,5.5,0.51,0.531,0.5972,39.67285631,0.9008,35.64290185,0.3834,15.5,0.9327,1.1,0.2477,64.24898512,0.9593,2,0.8311,0,0,0.6079,0.8488,0.4729,0.5096
13,GA,Georgia,30319,1330319,0,38423,42,0.5,0,4,0.0497,0.2748,0.0749,3.6,0.0367,0,24.4,0.0357,0,6.7,0.0353,0,3.2,0.0157,0,8.4,0.0302,0,12.7,0.0882,0,0,0,0,7.3,0.5419,11.8962839,0.2193,2.7,0.2762,4.4,0.1785,24.89740884,0.9313,4.908083606,0.8922,8.2,0.1211,3.49908635,0.0986,14.9,0.3097,7.7,0.832,0.4401,0.3653,26.05111722,0.8385,40.79878736,0.3339,6.4,0.6903,0.3,0.1681,45.06412168,0.8764,1,0.6973,0,0,0.5149,0.6829,0.2808,0.1499
13,GA,Georgia,30322,1330322,0,2023,55,0.75,0,-999,-999,0.75,0.8165,0.7,0.002,0,19.3,0.006,0,1.6,0.0033,0,2,0.0038,0,11.4,0.8207,1,26.6,0.9959,1,2,0.3333,0.5404,5.9,0.44,-999,-999,14.4,0.9534,0,0,-999,-999,0,0,5.1,0.0363,0,0,0,0,0,0,0.1787,0.0128,50.86056383,0.9411,18.32658228,0.5708,-999,-999,-999,-999,-999,-999,2,0.8311,0,0,0.5858,0.8164,0.5465,0.654
13,GA,Georgia,30324,1330324,0,24267,69,0.75,0,4,0.0497,0.3998,0.2111,2.7,0.0157,0,24.6,0.0385,0,5.8,0.0194,0,2.8,0.0103,0,8.5,0.0397,0,13.5,0.15,0,0,0,0,7.7,0.5685,16.16557578,0.3498,2,0.2068,5,0.2116,30.93099062,0.9666,3.432460423,0.8502,7.7,0.0994,1.404409544,0.0548,10.1,0.1013,2.8,0.1675,0.3577,0.1844,41.89217559,0.91,34.03663172,0.3996,8.1,0.7826,0.4,0.1847,61.03452891,0.9505,1.333333333,0.7627,0,0,0.57,0.7912,0.2967,0.1744
13,GA,Georgia,30326,1330326,0,4802,61,0.75,0,9.047222222,0.2324,0.4912,0.3681,2.7,0.0157,0,22.1,0.0151,0,5.5,0.0169,0,2.5,0.0075,0,8.3,0.0235,0,12.5,0.0764,0,0,0,0,10.8,0.7267,13.04947159,0.2532,4.9,0.5698,3.8,0.1449,38.6161076,0.9829,2.106241289,0.7815,9.1,0.1685,0.942184154,0.049,15.1,0.322,1.1,0.0947,0.4093,0.2917,78.47596385,0.9923,9.308040201,0.7076,10.8,0.8688,0.8,0.2276,68.93491124,0.9693,1.5,0.8005,0,0,0.6523,0.9007,0.3901,0.3414
13,GA,Georgia,30327,1330327,0,22208,62,0.75,0,4,0.0497,0.3998,0.2111,4.7,0.1251,0,22.7,0.0194,0,7.9,0.0945,0,3.9,0.035,0,8.1,0.0135,0,10.2,0.0044,0,0,0,0,1.2,0.0798,5.952433288,0.0698,3.3,0.3533,0.7,0.0454,16.48402088,0.6908,0.314608791,0.4935,8,0.1116,0.537634409,0.0462,20.7,0.6664,4.2,0.3029,0.286,0.0766,13.73813563,0.7654,60.44276067,0.1444,4.3,0.5172,0.6,0.2083,22.86166843,0.4877,2,0.8311,0,0,0.422,0.4482,0.184,0.0461
13,GA,Georgia,30328,1330328,0,30348,57,0.75,0,4.066666667,0.0529,0.4014,0.2123,4.1,0.0651,0,23.5,0.0258,0,7.3,0.0573,0,3.8,0.0313,0,8.4,0.0302,0,11.8,0.04,0,0,0,0,4.9,0.3565,10.02070393,0.1668,1.8,0.1906,3.4,0.1255,21.26649245,0.8773,3.167660333,0.8402,6.8,0.0702,2.039336536,0.0648,15.4,0.3402,7.1,0.7677,0.38,0.2289,26.56123439,0.841,45.8171093,0.2842,9.6,0.8377,0.6,0.2083,41.83162552,0.8484,1.666666667,0.8026,0,0,0.546,0.7474,0.2971,0.1751
13,GA,Georgia,30329,1330329,0,28539,61,0.75,0,4,0.0497,0.3998,0.2111,3.5,0.0332,0,29,0.1217,0,7.7,0.0806,0,3.7,0.0282,0,9.1,0.1116,0,15.7,0.4363,0,0,0,0,22.1,0.9507,31.20157115,0.765,4.4,0.5068,16.1,0.7505,22.72874832,0.904,15.4153882,0.9765,7.1,0.0783,7.83976407,0.2949,9.9,0.0963,9.3,0.9237,0.6247,0.8192,38.22559438,0.8954,37.31228115,0.3684,12.2,0.8955,0.3,0.1681,74.66332873,0.9778,1.333333333,0.7627,0,0,0.5811,0.8096,0.46,0.4848
13,GA,Georgia,30331,1330331,0,54094,73,0.75,0,4,0.0497,0.3998,0.2111,5.4,0.2301,0,38.1,0.6214,0,16,0.9229,1,6.3,0.2527,0,11.7,0.8748,1,16.5,0.5552,0,2,0.3333,0.5404,11.9,0.7676,30.48190236,0.7517,9.8,0.8861,10.7,0.5445,19.42941665,0.827,0.218005652,0.4595,15.5,0.5824,5.434857815,0.1671,13.8,0.2479,7.1,0.7677,0.6002,0.7667,16.92920028,0.7887,53.86299208,0.2057,13.7,0.9162,0.9,0.2345,50.39856109,0.9086,2.333333333,0.8528,0,0,0.5581,0.7713,0.5724,0.7009
13,GA,Georgia,30332,1330332,0,2970,54,0.75,1,4,0.0497,0.3998,0.2111,0.7,0.002,0,16.6,0.002,0,1.7,0.0037,0,1.8,0.0027,0,9.7,0.256,0,23.1,0.9818,1,1,0.1667,0.3497,1.5,0.094,-999,-999,3.7,0.4104,0,0,-999,-999,0.856954515,0.6334,2.2,0.017,0,0,0,0,0,0,0.1444,0.0082,65.37516649,0.9764,10.92436975,0.6803,-999,-999,-999,-999,-999,-999,1.666666667,0.8026,0,0,0.6148,0.8576,0.3567,0.2795
13,GA,Georgia,30336,1330336,0,971,99,1,0,4,0.0497,0.5248,0.4455,3.6,0.0367,0,37.7,0.5876,0,11.7,0.5779,0,4.5,0.0672,0,10.7,0.6183,0,16.3,0.5238,0,0,0,0,13.2,0.8092,45.03311258,0.9275,21.4,0.9818,18.1,0.8013,87.14285714,0.9974,2.919708029,0.8284,0,0,0,0,0,0,0,0,0.5346,0.6063,49.76559694,0.9369,26.19664794,0.4783,0,0,0,0,93.12977099,0.9912,2,0.8311,0,0,0.4625,0.5576,0.4024,0.3663
13,GA,Georgia,30337,1330337,0,11505,92,1,0,4,0.0497,0.5248,0.4455,5.3,0.2126,0,38.6,0.6637,0,15,0.8812,1,6.8,0.3281,0,11.7,0.8748,1,18.2,0.7754,1,3,0.5,0.6536,13.7,0.824,43.84853502,0.9201,6,0.6889,9.6,0.4874,26.73679825,0.9468,0.807843137,0.6238,13.8,0.4748,6.503541533,0.2201,9.5,0.0858,8.7,0.8999,0.6172,0.8039,54.46170583,0.9513,19.92118822,0.5506,24.6,0.9708,0.1,0.1293,69.56759715,0.9704,2.666666667,0.868,0,0,0.6343,0.8812,0.696,0.8738
13,GA,Georgia,30338,1330338,0,33617,51,0.75,0,3.966666667,0.0493,0.3996,0.2109,3.9,0.0516,0,24.5,0.0369,0,7.2,0.0534,0,3.4,0.0193,0,8.3,0.0235,0,11.6,0.0322,0,0,0,0,3.7,0.2521,8.127129531,0.1176,3.4,0.3672,1.6,0.0592,17.24307926,0.7337,1.442017618,0.7201,7.6,0.095,1.539422858,0.0569,16,0.3791,7.7,0.832,0.3613,0.191,27.43987426,0.8459,41.08014451,0.3309,4.6,0.5448,0.4,0.1847,35.40983607,0.7753,0.666666667,0.618,0,0,0.4714,0.5815,0.2459,0.1042
13,GA,Georgia,30339,1330339,0,18304,83,1,0,4,0.0497,0.5248,0.4455,2.4,0.0132,0,25.4,0.0494,0,5.2,0.0149,0,2.5,0.0075,0,8.8,0.0706,0,13.2,0.1217,0,0,0,0,8.8,0.6323,8.146255654,0.1179,2.9,0.2997,1.8,0.0645,27.25729643,0.9498,1.957968934,0.7702,6.5,0.0617,2.046923629,0.065,11,0.1291,4.1,0.2904,0.3381,0.1501,35.27266033,0.8828,40.48153691,0.337,3,0.381,0.1,0.1293,67.74547449,0.9671,1.666666667,0.8026,0,0,0.5,0.6502,0.3114,0.1968
13,GA,Georgia,30340,1330340,0,29394,61,0.75,0,3.885714286,0.0479,0.399,0.2103,4.4,0.091,0,32.3,0.234,0,10.9,0.4592,0,5.2,0.1262,0,9.5,0.1987,0,17,0.6282,0,0,0,0,29.8,0.9817,35.02653525,0.8304,4.7,0.5454,23.2,0.8916,15.6976456,0.6431,18.64446621,0.9843,6.7,0.0673,17.40495529,0.8043,9.4,0.083,8.2,0.8713,0.6702,0.9068,46.42174304,0.926,29.66968252,0.4424,11.2,0.8776,1.5,0.2712,55.08189836,0.9312,0.333333333,0.458,0,0,0.5581,0.7713,0.4721,0.5082
13,GA,Georgia,30341,1330341,0,31793,54,0.75,0,3.933333333,0.0488,0.3994,0.2108,3.7,0.0416,0,30.2,0.1567,0,8.9,0.1864,0,4.2,0.0489,0,9.2,0.1293,0,16.2,0.5096,0,0,0,0,17.8,0.909,27.71878773,0.6896,3.7,0.4104,12.8,0.6365,20.55918299,0.8611,11.35607039,0.9608,7.8,0.1033,8.883035364,0.3572,8.8,0.0709,9.7,0.9358,0.5935,0.7515,43.6481087,0.9164,30.13777095,0.4376,7.2,0.7397,0.6,0.2083,52.60173193,0.9197,1,0.6973,0,0,0.5599,0.775,0.4343,0.4314
13,GA,Georgia,30342,1330342,0,29879,65,0.75,0,4,0.0497,0.3998,0.2111,3.3,0.0266,0,25.3,0.0481,0,6.6,0.0324,0,3.5,0.0222,0,8.7,0.06,0,13.3,0.1304,0,0,0,0,11.9,0.7676,14.84704728,0.3081,2.8,0.2875,9.4,0.4772,22.00910843,0.8923,5.907990315,0.9111,4.7,0.0317,4.809147469,0.1407,9,0.0742,6.4,0.6659,0.4556,0.4026,26.56393645,0.8411,46.54415394,0.2768,4.7,0.5539,0.2,0.1491,49.78808661,0.9056,1.333333333,0.7627,0,0,0.4985,0.6471,0.3152,0.2035
13,GA,Georgia,30344,1330344,0,31776,83,1,0,4,0.0497,0.5248,0.4455,5.1,0.1812,0,37.1,0.5357,0,14.4,0.8473,1,6.2,0.2402,0,11.3,0.7987,1,17.3,0.6711,1,3,0.5,0.6536,16.4,0.8866,35.392927,0.8354,7,0.7668,9.9,0.5036,23.27191739,0.9121,2.024871411,0.7754,14.7,0.5325,6.196307805,0.2041,12.4,0.1804,6,0.5991,0.6196,0.8083,34.86613979,0.881,38.12794168,0.3602,13.9,0.9183,2.5,0.3204,60.19689512,0.948,2.666666667,0.868,0,0,0.6137,0.8562,0.6909,0.8685
13,GA,Georgia,30345,1330345,0,23129,45,0.5,0,3.96,0.0492,0.2746,0.0748,4,0.058,0,28.1,0.0984,0,8.2,0.1174,0,4,0.0391,0,8.9,0.082,0,13.9,0.1921,0,0,0,0,20.2,0.936,18.65807754,0.4319,3.1,0.3254,16.5,0.7614,17.29096659,0.7359,12.46005064,0.9654,6.7,0.0673,11.87141948,0.5467,12.5,0.1844,6.6,0.6979,0.5652,0.6849,23.13105459,0.8232,46.72517979,0.2746,5.9,0.6549,0,0,50.36923372,0.9085,1,0.6973,0,0,0.4798,0.6029,0.3406,0.2499
13,GA,Georgia,30346,1330346,0,4696,58,0.75,0,-999,-999,0.75,0.8165,1.4,0.0085,0,22.3,0.0166,0,3.5,0.0093,0,1.5,0.0012,0,8.3,0.0235,0,12.9,0.1004,0,0,0,0,6,0.4474,2.625152625,0.029,1.5,0.1686,0.4,0.0434,46.09393439,0.9893,3.179442509,0.8407,6.7,0.0673,2.544603685,0.0752,7.9,0.0556,6.6,0.6979,0.3414,0.156,67.56335579,0.9804,12.90670352,0.6489,6.6,0.7035,0,0,94.77924589,0.9918,1,0.6973,0,0,0.5746,0.7987,0.4428,0.4492
13,GA,Georgia,30349,1330349,0,67602,82,1,0,4,0.0497,0.5248,0.4455,3.8,0.0462,0,39.1,0.7026,1,12.2,0.643,0,4.9,0.098,0,11.5,0.8408,1,17.2,0.6568,0,2,0.3333,0.5404,15.3,0.8647,22.99912346,0.5639,8.8,0.856,7.1,0.3413,16.95288577,0.7176,1.111549881,0.6754,11.8,0.3379,6.075506748,0.1981,9.5,0.0858,8.3,0.8775,0.5518,0.6503,23.92390476,0.8276,44.94093674,0.293,8.3,0.791,0.6,0.2083,47.36023695,0.8924,3,0.8837,0,0,0.5566,0.7678,0.601,0.7467
13,GA,Georgia,30350,1330350,0,34740,43,0.5,0,4,0.0497,0.2748,0.0749,3.4,0.0293,0,27.6,0.0881,0,7.4,0.0624,0,3.8,0.0313,0,9.5,0.1987,0,14.7,0.2946,0,0,0,0,13,0.8029,18.32047371,0.4209,4.4,0.5068,4.6,0.1894,20.60239044,0.8621,3.924174215,0.8673,6.4,0.0588,3.866940383,0.109,10.2,0.1043,5.6,0.5283,0.445,0.3766,18.52446185,0.7986,50.75138353,0.2347,6.3,0.6834,0.6,0.2083,63.65018122,0.9573,1,0.6973,0,0,0.5114,0.6754,0.2817,0.1514
13,GA,Georgia,30354,1330354,0,14857,69,0.75,0,4,0.0497,0.3998,0.2111,5.4,0.2301,0,38,0.6132,0,15.2,0.8907,1,7.3,0.4066,0,11.8,0.8893,1,19.1,0.8527,1,3,0.5,0.6536,23,0.9566,43.41659746,0.9171,8.3,0.8369,20.6,0.8517,23.47206917,0.9145,4.583562397,0.8847,16.8,0.6566,8.027968406,0.3066,11.2,0.1351,7.2,0.7801,0.724,0.9709,39.31140544,0.8995,35.01141862,0.3899,17.7,0.9482,2.2,0.3064,67.55868545,0.9667,3,0.8837,0,0,0.6278,0.8731,0.6772,0.8531
13,GA,Georgia,30360,1330360,0,14536,53,0.75,0,4,0.0497,0.3998,0.2111,4.1,0.0651,0,31,0.1848,0,9.4,0.2446,0,4.7,0.0817,0,9,0.096,0,15.3,0.3772,0,0,0,0,23.1,0.9575,25.03651025,0.6212,3.9,0.4372,17.8,0.7941,10.35369205,0.266,14.45192038,0.9733,5.5,0.0415,13.13155386,0.6199,9.1,0.0762,10,0.9433,0.573,0.7028,36.66247799,0.8886,33.69388585,0.4031,4.4,0.5277,0,0,41.86530458,0.8489,0.333333333,0.458,0,0,0.4466,0.5148,0.3572,0.2804
13,GA,Georgia,30363,1330363,0,2680,86,1,0,9.116296296,0.235,0.6175,0.6348,1.7,0.0099,0,26,0.0589,0,5,0.0137,0,2.6,0.0086,0,9.8,0.2874,0,17.8,0.7322,1,1,0.1667,0.3497,11.9,0.7676,40.08219178,0.8898,4.6,0.5327,1.3,0.0533,37.28623493,0.9811,0,0,1.9,0.0161,1.881014873,0.062,1.4,0.0205,0.6,0.0844,0.3408,0.1549,78.50264285,0.9924,4.824295011,0.7944,11.7,0.8866,0,0,63.83886256,0.958,2.5,0.8668,0,0,0.6426,0.89,0.5074,0.5786
13,GA,Georgia,30401,1330401,0,13500,87,1,0,9.666666667,0.2669,0.6335,0.6591,7.3,0.644,0,41.1,0.8303,1,14.9,0.8763,1,9.4,0.7429,1,11.3,0.7987,1,18.7,0.8217,1,5,0.8333,0.8437,17.4,0.9032,37.30379271,0.8607,7.4,0.7922,20.9,0.8577,14.96335079,0.5954,2.04563336,0.7775,19.7,0.787,14.80637813,0.7046,14.2,0.2691,7.5,0.8126,0.736,0.9792,2.055719887,0.5127,57.13860402,0.175,13.9,0.9183,19.4,0.7755,42.24995126,0.8527,0,0,0.333333333,0.6092,0.5491,0.7539,0.809,0.9665
13,GA,Georgia,30410,1330410,0,2168,65,0.75,0,10.6,0.3242,0.5371,0.4682,6.4,0.4347,0,40.6,0.8027,1,13.4,0.7728,1,8.2,0.5596,0,10.4,0.5077,0,18,0.755,1,3,0.5,0.6536,16.3,0.8847,27.36842105,0.6805,4.1,0.4656,9.9,0.5036,14,0.5289,1.178550383,0.6859,15.6,0.5888,9.179926561,0.3761,15.7,0.3588,6.4,0.6659,0.5739,0.7049,1.055414704,0.3168,52.65968987,0.2166,3.9,0.4784,34.4,0.9302,31.09243697,0.7006,0,0,0.333333333,0.6092,0.4645,0.5632,0.5975,0.7417
13,GA,Georgia,30411,1330411,0,4371,20,0.25,0,10.46666667,0.3186,0.2843,0.0835,5.9,0.3285,0,43.4,0.9248,1,13.5,0.7813,1,7.6,0.4575,0,9.8,0.2874,0,17.7,0.7205,1,3,0.5,0.6536,25.2,0.9683,34.71925393,0.8261,15.6,0.9615,17.2,0.7798,8.855744582,0.1811,0.019406171,0.394,11.3,0.3049,29.51739618,0.9622,11.2,0.1351,3.4,0.2154,0.5728,0.7023,0.664230885,0.1832,55.1149443,0.1938,13,0.9077,25.4,0.8536,38.4219554,0.8145,0,0,0.333333333,0.6092,0.5089,0.6702,0.5274,0.618
13,GA,Georgia,30412,1330412,0,80,20,0.25,1,11.2,0.3654,0.3077,0.1054,8.9,0.8975,1,35.3,0.3931,0,14.1,0.8264,1,10.1,0.8222,1,10,0.3568,0,15.8,0.4506,0,3,0.5,0.6536,1.5,0.094,16.92307692,0.3739,8.8,0.856,28.6,0.942,22.03389831,0.8927,0,0,23.1,0.8764,16.12903226,0.7612,36.9,0.9505,0,0,0.5747,0.707,1.999224019,0.5064,48.86071107,0.2532,37.9,0.9875,7.7,0.517,3.448275862,0.0439,0,0,0.333333333,0.6092,0.4167,0.4336,0.4749,0.5136
13,GA,Georgia,30413,1330413,0,1575,65,0.75,0,8.8,0.2172,0.4836,0.3542,8.6,0.8659,1,44.2,0.945,1,18.8,0.9782,1,10.8,0.8794,1,11.6,0.8587,1,18.1,0.7656,1,6,1,0.9102,10.3,0.7047,37.67876788,0.865,10.4,0.8995,21.1,0.8616,15.75757576,0.6469,0,0,15.4,0.5765,15.77181208,0.7476,22.3,0.7375,3.6,0.2353,0.6275,0.8253,0.618858849,0.1664,54.50564215,0.1993,0.9,0.174,28.1,0.8826,24.14330218,0.5258,0,0,0.333333333,0.6092,0.3653,0.2958,0.5964,0.74
13,GA,Georgia,30415,1330415,0,6780,86,1,0,-999,-999,1,0.9934,6.1,0.3702,0,34.2,0.3228,0,11.2,0.5047,0,7.8,0.4911,0,10.4,0.5077,0,17.6,0.7082,1,1,0.1667,0.3497,15.8,0.8756,21.39451728,0.5152,8.7,0.8521,11.7,0.5909,11.87248076,0.371,0.076911244,0.4072,15.9,0.6067,15.70200573,0.7447,14.7,0.2985,3.9,0.2673,0.5529,0.6532,1.282987198,0.3799,46.79264088,0.2738,2.6,0.3395,35.1,0.9336,26.08376194,0.5804,0,0,0.333333333,0.6092,0.4452,0.5113,0.6269,0.7869
13,GA,Georgia,30417,1330417,0,11090,76,1,0,10.64,0.3308,0.6654,0.7016,7.6,0.7055,1,41.6,0.8556,1,15.3,0.8948,1,9.7,0.7788,1,11.2,0.7745,1,19.1,0.8527,1,6,1,0.9102,16.8,0.894,38.89974594,0.8781,5.8,0.6688,22.3,0.8796,13.88555422,0.521,3.41022072,0.8493,16.3,0.6296,15.6626506,0.7429,15.6,0.3529,6.6,0.6979,0.7114,0.9603,1.977890237,0.504,45.48658695,0.2873,4.6,0.5448,32.3,0.9167,32.57184967,0.73,0,0,0.333333333,0.6092,0.5131,0.6794,0.8129,0.9682
13,GA,Georgia,30420,1330420,0,1460,92,1,0,10.5,0.3197,0.6598,0.6952,7.9,0.7645,1,39.1,0.7026,1,14.1,0.8264,1,9.1,0.7023,1,10.3,0.4679,0,17.1,0.6422,0,4,0.6667,0.7602,12.9,0.8,37.95546559,0.8687,11.7,0.9242,21.7,0.8702,22.23684211,0.8959,1.997896951,0.7738,22.6,0.8672,10.26392962,0.4442,25.2,0.8251,3.7,0.2453,0.7515,0.9871,1.526643849,0.4361,35.26674923,0.3877,13.3,0.9115,36,0.9381,30.10526316,0.6793,0,0,0.333333333,0.6092,0.566,0.7846,0.8068,0.9651
13,GA,Georgia,30421,1330421,0,3381,72,0.75,0,11.2,0.3654,0.5577,0.5137,7.5,0.6855,1,41.4,0.8459,1,14.7,0.8647,1,9.6,0.7675,1,10.9,0.6871,1,18.3,0.786,1,6,1,0.9102,12.6,0.7909,33.34557473,0.804,1.2,0.1511,18.2,0.8035,14.20064132,0.5429,0.349378882,0.5053,20.9,0.8243,16.5704864,0.7773,18.7,0.5522,5.4,0.4912,0.6243,0.8184,1.409173145,0.4111,40.10467996,0.3406,5,0.5802,53.2,0.9863,29.59427208,0.6684,0,0,0.333333333,0.6092,0.5137,0.6805,0.7307,0.9084
13,GA,Georgia,30423,1330423,0,120,20,0.25,1,10.6,0.3242,0.2871,0.0855,9.8,0.9553,1,43.6,0.9306,1,18.6,0.9764,1,12.8,0.9618,1,11.6,0.8587,1,19.7,0.8931,1,6,1,0.9102,5,0.3652,81.53153153,0.9949,17.2,0.9696,32.3,0.96,22.85714286,0.9058,0,0,27,0.9325,35.41666667,0.9788,13.1,0.2132,11.3,0.9651,0.7285,0.9747,4.204365848,0.6339,47.75076253,0.2638,6,0.6628,26.9,0.8705,65.67164179,0.9624,0,0,0.333333333,0.6092,0.5718,0.794,0.6911,0.8687
13,GA,Georgia,30425,1330425,0,1198,70,0.75,0,10.06666667,0.2908,0.5204,0.4317,7.9,0.7645,1,39.2,0.7106,1,15.3,0.8948,1,10.1,0.8222,1,11.1,0.7481,1,18.8,0.8293,1,6,1,0.9102,16.5,0.8885,28.12071331,0.6986,5.6,0.6484,16.6,0.7642,14.95798319,0.595,0,0,14.4,0.5127,17.12418301,0.7961,11.9,0.1608,3.9,0.2673,0.5332,0.6029,1.031281974,0.3091,42.3490269,0.3187,0,0,35.2,0.9341,14.1903172,0.2236,0,0,0.333333333,0.6092,0.3421,0.2388,0.5459,0.6527
13,GA,Georgia,30426,1330426,0,1100,20,0.25,0,8.2,0.188,0.219,0.032,7.9,0.7645,1,42.7,0.9017,1,17.7,0.9636,1,10.4,0.8481,1,11.9,0.9011,1,18.9,0.8376,1,6,1,0.9102,23.8,0.9616,25.09702458,0.623,11.5,0.9209,43.1,0.9859,11.50943396,0.3444,0,0,20.8,0.8215,18.77256318,0.842,12.8,0.1983,6.1,0.6163,0.6314,0.8337,0.679991906,0.1885,42.01344446,0.3218,8.1,0.7826,56.7,0.99,34.68634686,0.765,0,0,0.333333333,0.6092,0.5224,0.6994,0.6188,0.7749
13,GA,Georgia,30427,1330427,0,12864,49,0.5,0,11.3,0.377,0.4385,0.2726,6.2,0.3919,0,41.3,0.841,1,13.1,0.7454,1,7.9,0.5077,0,10.4,0.5077,0,18.2,0.7754,1,3,0.5,0.6536,17.1,0.8987,34.96300459,0.8296,6.3,0.7148,23,0.8893,11.41686932,0.337,3.542728765,0.8546,13.3,0.4404,20.41763341,0.8773,14.3,0.2748,7.9,0.8489,0.6965,0.9453,1.327979606,0.3916,50.30829585,0.2387,7.1,0.734,28.4,0.8854,30.08303677,0.679,0,0,0.333333333,0.6092,0.5054,0.6628,0.6336,0.7967
13,GA,Georgia,30428,1330428,0,2766,81,1,0,10.46666667,0.3186,0.6593,0.6949,9,0.907,1,42.6,0.8983,1,17.2,0.955,1,11.7,0.9274,1,11.2,0.7745,1,19.6,0.8875,1,6,1,0.9102,13.9,0.8293,42.78517452,0.9126,7.2,0.7807,20.1,0.843,12.73306048,0.4345,0,0,12.7,0.4007,29.88764045,0.9638,19.6,0.6075,4.1,0.2904,0.6062,0.7807,0.643390755,0.1751,53.69429411,0.2072,5.9,0.6549,38.6,0.9518,28.12920592,0.6339,0,0,0.333333333,0.6092,0.4617,0.5555,0.7353,0.913
13,GA,Georgia,30429,1330429,0,205,20,0.25,1,11,0.3521,0.3011,0.0981,5.3,0.2126,0,41.1,0.8303,1,13.1,0.7454,1,6.4,0.2664,0,10.7,0.6183,0,17.5,0.6969,1,3,0.5,0.6536,0,0,48.21428571,0.9449,21.1,0.9811,40,0.9813,8.181818182,0.1487,0,0,13.7,0.4673,26.66666667,0.9458,36.3,0.9472,9.5,0.9298,0.6346,0.8402,19.02462954,0.8014,27.90032154,0.4596,0,0,60,0.9924,42.22222222,0.8523,0,0,0.333333333,0.6092,0.5307,0.717,0.5772,0.7089
13,GA,Georgia,30434,1330434,0,5728,86,1,0,6.65,0.1198,0.5599,0.5174,7.9,0.7645,1,45,0.9603,1,18.2,0.9714,1,9.8,0.7902,1,11.9,0.9011,1,18.9,0.8376,1,6,1,0.9102,9.8,0.6824,37.71417053,0.8654,3.7,0.4104,22.3,0.8796,16.39389736,0.6851,1.25,0.696,11.5,0.3187,13.08363263,0.6175,15.5,0.3462,5.5,0.51,0.6011,0.7689,0.988940653,0.2956,51.14967102,0.2313,15.6,0.9335,25.1,0.8507,40.80303852,0.8387,0,0,0.333333333,0.6092,0.537,0.7292,0.7314,0.9094
13,GA,Georgia,30436,1330436,0,11961,70,0.75,0,10.6,0.3242,0.5371,0.4682,7.5,0.6855,1,42.1,0.879,1,14.7,0.8647,1,9.7,0.7788,1,11,0.719,1,19.2,0.8604,1,6,1,0.9102,20.1,0.9351,41.02868783,0.8982,8.1,0.8276,19.8,0.8366,14.32136915,0.5518,1.538879334,0.7314,17.7,0.7013,14.13816846,0.6736,16.1,0.3851,7,0.755,0.7296,0.9755,1.587395574,0.4473,43.31472807,0.3104,9.8,0.8435,32.2,0.9161,32.98618972,0.7371,0,0,0.333333333,0.6092,0.5519,0.7594,0.7783,0.9469
13,GA,Georgia,30438,1330438,0,74,-999,-999,-999,-999,-999,-999,-999,7.2,0.622,0,45.1,0.9622,1,16.4,0.9353,1,9.3,0.7305,1,12.2,0.9313,1,20.6,0.9339,1,5,0.8333,0.8437,4.2,0.2953,33.33333333,0.803,0,0,9.5,0.4827,61.9047619,0.9953,0,0,16.7,0.6507,5.882352941,0.1876,16.7,0.4241,0,0,0.3839,0.236,2.774737345,0.5744,45.38858988,0.2879,0,0,32.4,0.9173,35.29411765,0.7737,0,0,0.333333333,0.6092,0.4518,0.5297,0.5365,0.6355
13,GA,Georgia,30439,1330439,0,10877,65,0.75,0,10.46666667,0.3186,0.5343,0.4643,8.2,0.8138,1,41.3,0.841,1,16.7,0.9433,1,10.7,0.8728,1,11.4,0.8207,1,19.5,0.8812,1,6,1,0.9102,21.7,0.9477,44.5362195,0.9247,5.2,0.6062,22.8,0.8865,14.28753668,0.5499,1.594443901,0.7368,16.7,0.6507,14.31488203,0.6827,17.5,0.4747,5.5,0.51,0.697,0.9456,1.626980186,0.4539,42.69887418,0.3155,10.8,0.8688,39.8,0.9569,42.61803647,0.8565,0,0,0.333333333,0.6092,0.5801,0.808,0.782,0.9498
13,GA,Georgia,30441,1330441,0,1663,84,1,0,9.2,0.237,0.6185,0.6358,9,0.907,1,42.2,0.8831,1,17.9,0.9667,1,11.7,0.9274,1,11.6,0.8587,1,19.2,0.8604,1,6,1,0.9102,16,0.8796,31.65467626,0.774,5.6,0.6484,26.1,0.9235,16.39597834,0.6852,1.020408163,0.6616,25.8,0.9198,22.22222222,0.9038,21.7,0.7135,7.2,0.7801,0.789,0.9964,0.823297138,0.2391,54.88826669,0.1957,5.5,0.6227,29.5,0.8942,29.92805755,0.6759,0,0,0.333333333,0.6092,0.4624,0.5572,0.7749,0.9444
13,GA,Georgia,30442,1330442,0,7698,73,0.75,0,8.733333333,0.2152,0.4826,0.3517,8.9,0.8975,1,43.7,0.9331,1,18.6,0.9764,1,11.6,0.9237,1,12,0.9124,1,20.1,0.9141,1,6,1,0.9102,17.5,0.9048,50.91537575,0.9564,4.6,0.5327,22.1,0.8767,18.16323053,0.7764,3.440209165,0.8505,14.8,0.5382,10.32547699,0.4478,18.8,0.5586,7.9,0.8489,0.7291,0.9751,1.069134677,0.3209,46.8229581,0.2735,12.2,0.8955,33.4,0.9245,31.25,0.7038,0,0,0.333333333,0.6092,0.5325,0.721,0.7395,0.9165
13,GA,Georgia,30445,1330445,0,3285,74,0.75,0,10.6,0.3242,0.5371,0.4682,6.1,0.3702,0,39.4,0.7247,1,13.5,0.7813,1,8.2,0.5596,0,11.7,0.8748,1,20.4,0.9273,1,4,0.6667,0.7602,14.7,0.8504,41.40983607,0.9012,10,0.8907,18.9,0.8189,12.90594686,0.4476,1.388132825,0.7146,21.2,0.8334,16.58163265,0.7777,16.9,0.437,4.6,0.3594,0.7031,0.9523,1.002175193,0.2992,59.93059543,0.149,13.1,0.9091,30.2,0.9009,42.55874674,0.856,0,0,0.333333333,0.6092,0.5319,0.7193,0.725,0.9033
13,GA,Georgia,30446,1330446,0,1357,20,0.25,0,9.6,0.2597,0.2548,0.0575,7.9,0.7645,1,40.6,0.8027,1,15.8,0.9155,1,9.3,0.7305,1,10.9,0.6871,1,17.5,0.6969,1,6,1,0.9102,19.9,0.9329,30.61611374,0.7543,10.2,0.8954,15.1,0.7198,12.3252859,0.4037,0,0,17.6,0.6964,17.7377892,0.815,15.9,0.3714,7.6,0.8231,0.6412,0.8531,0.801994055,0.2322,48.09391136,0.2606,8.1,0.7826,38.2,0.9502,18.33333333,0.3466,0,0,0.333333333,0.6092,0.4545,0.5369,0.5894,0.7288
13,GA,Georgia,30448,1330448,0,81,20,0.25,1,9.961666667,0.2824,0.2662,0.0674,4.9,0.1522,0,39.9,0.7592,1,11.5,0.5502,0,7.4,0.4245,0,10.9,0.6871,1,19.4,0.8742,1,3,0.5,0.6536,8,0.5872,0,0,0,0,29.8,0.9485,18.86792453,0.8078,0,0,17.3,0.6821,17.64705882,0.812,28.8,0.8882,0,0,0.4726,0.4451,1.846242749,0.4867,51.49588355,0.2281,0,0,17.2,0.7387,20.83333333,0.4241,0,0,0.333333333,0.6092,0.3553,0.2716,0.3594,0.2842
13,GA,Georgia,30449,1330449,0,119,20,0.25,1,9.8,0.2715,0.2608,0.0625,6.6,0.4802,0,41.5,0.8503,1,14.9,0.8763,1,8.5,0.6098,0,11.6,0.8587,1,19.2,0.8604,1,4,0.6667,0.7602,15,0.8581,26.42857143,0.6579,1.9,0.1986,14.9,0.7131,16.66666667,0.7007,0,0,2.9,0.0194,5.769230769,0.1826,9.3,0.0802,0,0,0.3411,0.1553,0.581751999,0.1518,62.3837743,0.1263,0,0,42.9,0.9673,52.38095238,0.9185,0,0,0.333333333,0.6092,0.3962,0.3758,0.3385,0.2463
13,GA,Georgia,30450,1330450,0,2583,96,1,0,10.8,0.3371,0.6686,0.7071,6.7,0.5042,0,36.5,0.4862,0,13.5,0.7813,1,8.2,0.5596,0,10.9,0.6871,1,17.5,0.6969,1,3,0.5,0.6536,21.6,0.9469,37.18894009,0.8597,16.7,0.9669,26.6,0.928,13.96973225,0.5267,0,0,25.7,0.9183,21.12676056,0.8888,23,0.763,5.1,0.4383,0.7237,0.9707,1.614546209,0.4518,38.40712169,0.3576,5.2,0.5979,44.6,0.9723,24.91145218,0.5483,0,0,0.333333333,0.6092,0.5053,0.6626,0.7485,0.9242
13,GA,Georgia,30452,1330452,0,1567,20,0.25,0,10.4,0.31,0.28,0.0786,7.2,0.622,0,38.5,0.6554,0,14.9,0.8763,1,9,0.6883,1,11.3,0.7987,1,18.7,0.8217,1,4,0.6667,0.7602,18.9,0.9224,38.73015873,0.8765,5.5,0.6383,18,0.7994,15.2404238,0.6129,1.73370319,0.7505,16.6,0.6459,4.678362573,0.1356,20.7,0.6664,8.5,0.8892,0.6937,0.9415,1.641666566,0.4566,37.30173204,0.3685,4,0.4889,44.7,0.9726,17.76,0.3269,0,0,0.333333333,0.6092,0.4604,0.5519,0.583,0.7182
13,GA,Georgia,30453,1330453,0,9703,56,0.75,0,11.7,0.411,0.5805,0.5635,6.2,0.3919,0,45.4,0.9663,1,14,0.8189,1,8.5,0.6098,0,10.5,0.545,0,19.8,0.8984,1,3,0.5,0.6536,19.8,0.9321,47.59341842,0.9419,3.7,0.4104,28.5,0.9413,16.6779508,0.7025,4.514415781,0.8832,20.9,0.8243,24.81321274,0.9321,10.4,0.1103,3.6,0.2353,0.6913,0.938,1.792319859,0.479,42.2761132,0.3192,4.7,0.5539,44.2,0.9713,38.40553331,0.8143,0,0,0.333333333,0.6092,0.5353,0.726,0.7203,0.8992
13,GA,Georgia,30454,1330454,0,538,20,0.25,0,-999,-999,0.25,0.0472,9.2,0.922,1,38.8,0.6813,1,15.6,0.9069,1,11.7,0.9274,1,10.8,0.6526,0,19.5,0.8812,1,5,0.8333,0.8437,6.1,0.4557,39.69465649,0.8858,0,0,15.3,0.7257,3.99408284,0.0368,0,0,25.6,0.9171,6.167400881,0.2029,24,0.7934,16.4,0.991,0.5008,0.5194,0.83220424,0.2428,59.54823193,0.1527,0,0,40.2,0.9585,4.296875,0.0492,0,0,0.333333333,0.6092,0.2875,0.1314,0.3854,0.3328
13,GA,Georgia,30455,1330455,0,597,20,0.25,0,10.2,0.2966,0.2733,0.0728,7.5,0.6855,1,37.7,0.5876,0,14.5,0.8542,1,8.4,0.5936,0,10.3,0.4679,0,15.7,0.4363,0,2,0.3333,0.5404,14.7,0.8504,36.76470588,0.8542,9.9,0.8883,14.3,0.6916,12,0.3803,0,0,17.8,0.7059,7.853403141,0.296,28.3,0.8821,9.6,0.9325,0.6481,0.8668,0.660654033,0.1815,52.03189869,0.2229,0,0,35.2,0.9341,19.55555556,0.3859,0,0,0.333333333,0.6092,0.3334,0.2199,0.425,0.412
13,GA,Georgia,30456,1330456,0,2119,87,1,0,6.4,0.1087,0.5544,0.5049,7.9,0.7645,1,41.7,0.8602,1,16.9,0.9482,1,10.4,0.8481,1,11.9,0.9011,1,19.4,0.8742,1,6,1,0.9102,9.7,0.6781,47.55747126,0.9416,10.7,0.9054,26.6,0.928,17.26272352,0.7347,0,0,21.4,0.8391,19.50207469,0.859,15.2,0.328,7.4,0.8023,0.7016,0.951,0.965929161,0.2875,50.20843422,0.2397,9.5,0.8343,44.1,0.971,22.88557214,0.4885,0,0,0.333333333,0.6092,0.49,0.6264,0.7481,0.9238
13,GA,Georgia,30457,1330457,0,6424,71,0.75,0,10.66666667,0.3315,0.5408,0.4747,7.7,0.7262,1,41.8,0.8647,1,15,0.8812,1,10,0.8125,1,11.3,0.7987,1,19.4,0.8742,1,6,1,0.9102,16.1,0.8811,37.05936073,0.8579,10.5,0.9017,25.4,0.917,17.64285714,0.7527,0.072202166,0.4056,23.3,0.8807,16.2767546,0.767,22.9,0.7597,4.7,0.3746,0.7498,0.9861,1.403467339,0.4104,56.81760067,0.1775,8.9,0.8145,35.9,0.9377,34.90087598,0.768,0,0,0.333333333,0.6092,0.531,0.7176,0.7722,0.9424
13,GA,Georgia,30458,1330458,0,41139,82,1,0,10.32,0.3074,0.6537,0.6856,3.9,0.0516,0,32.5,0.2428,0,8.3,0.1261,0,5.4,0.1467,0,11.9,0.9011,1,23.1,0.9818,1,2,0.3333,0.5404,13.5,0.8182,45.38471486,0.93,8.3,0.8369,11.7,0.5909,14.14452957,0.5392,0.590154496,0.5739,12.3,0.3725,9.034482759,0.3665,9.8,0.0932,6,0.5991,0.572,0.7001,5.638738761,0.6717,38.58380739,0.3558,7.2,0.7397,8.3,0.5353,59.12555913,0.944,0,0,0.333333333,0.6092,0.5508,0.7574,0.6709,0.8459
13,GA,Georgia,30460,1330460,0,427,20,0.25,1,12.847,0.5008,0.3754,0.1714,1,0.0052,0,30.2,0.1567,0,2.7,0.0073,0,3.1,0.014,0,14.1,0.9911,1,31.5,0.9988,1,2,0.3333,0.5404,7.3,0.5419,-999,-999,32.2,0.9933,0,0,-999,-999,0,0,1,0.014,0,0,0,0,0,0,0.1936,0.0162,64.0076937,0.9737,0.294117647,0.9515,-999,-999,-999,-999,-999,-999,0,0,0.333333333,0.6092,0.6336,0.8802,0.402,0.3652
13,GA,Georgia,30461,1330461,0,13390,59,0.75,0,10.33333333,0.3078,0.5289,0.4511,5.6,0.2682,0,34.8,0.3584,0,11.2,0.5047,0,6.8,0.3281,0,10.4,0.5077,0,17.1,0.6422,0,0,0,0,9.4,0.6623,20.78381225,0.497,4,0.4518,8.9,0.4494,16.88594322,0.7144,0.552316662,0.5645,11.8,0.3379,11.66419019,0.5321,12.1,0.1689,6.1,0.6163,0.4995,0.5158,2.013816762,0.5082,47.63674116,0.2653,1.5,0.2226,20.7,0.7946,33.98573258,0.7542,0,0,0.333333333,0.6092,0.4506,0.5258,0.3732,0.3094
13,GA,Georgia,30464,1330464,0,78,99,1,0,-999,-999,1,0.9934,3.9,0.0516,0,39.7,0.7463,1,9.7,0.2864,0,5.8,0.1902,0,10.6,0.5818,0,19.3,0.8671,1,2,0.3333,0.5404,19.7,0.9311,52.45901639,0.9616,0,0,21.1,0.8616,6.451612903,0.0853,0,0,27.9,0.9405,3.448275862,0.0972,11.5,0.1454,4.9,0.4067,0.4429,0.372,2.651096351,0.5651,57.61659751,0.1706,21.4,0.9628,33.3,0.9235,57.14285714,0.938,0,0,0.333333333,0.6092,0.5956,0.831,0.6842,0.8615
13,GA,Georgia,30467,1330467,0,12600,75,1,0,9.85,0.2777,0.6388,0.6645,7.5,0.6855,1,39.9,0.7592,1,15.6,0.9069,1,9,0.6883,1,11.2,0.7745,1,17.9,0.7441,1,6,1,0.9102,12.6,0.7909,33.13750532,0.7998,8.2,0.8322,16.5,0.7614,14.44372852,0.5603,0.550458716,0.5643,15.8,0.6011,15.23397238,0.7242,18.3,0.5259,6.1,0.6163,0.6776,0.9181,0.865552106,0.2546,52.30496704,0.2202,9.8,0.8435,32.2,0.9161,26.68903803,0.5969,0,0,0.333333333,0.6092,0.4915,0.6299,0.7807,0.9488
13,GA,Georgia,30470,1330470,0,517,95,1,0,10.66666667,0.3315,0.6658,0.7019,6.9,0.5508,0,38.3,0.6394,0,12.7,0.7037,1,9,0.6883,1,10.6,0.5818,0,17.7,0.7205,1,3,0.5,0.6536,20.8,0.9405,41.2462908,0.8999,5.9,0.6796,16.1,0.7505,26.03773585,0.9417,0,0,13.4,0.4479,23.75,0.9228,18.7,0.5522,10.4,0.9511,0.7086,0.9578,0.821700472,0.2387,54.33699664,0.2011,15,0.9288,21.8,0.81,28.57142857,0.6439,0,0,0.333333333,0.6092,0.4902,0.6268,0.735,0.9128
13,GA,Georgia,30471,1330471,0,4702,81,1,0,10.06666667,0.2908,0.6454,0.6738,6.9,0.5508,0,40,0.7662,1,14.1,0.8264,1,8.8,0.6576,0,11,0.719,1,18.4,0.7949,1,4,0.6667,0.7602,19.1,0.9246,33.20102732,0.8009,6.8,0.753,21.6,0.8689,14.75359657,0.5808,1.478163494,0.7243,18.5,0.7383,11.71277222,0.5358,14.8,0.3039,5.9,0.5819,0.6812,0.9242,1.358419156,0.3989,47.85663208,0.263,6.6,0.7035,36.4,0.9406,29.44964871,0.6655,0,0,0.333333333,0.6092,0.5115,0.6758,0.7585,0.9328
13,GA,Georgia,30473,1330473,0,2972,75,1,0,10.7,0.3329,0.6664,0.7048,6.9,0.5508,0,38.6,0.6637,0,13.1,0.7454,1,8.8,0.6576,0,10.5,0.545,0,17.6,0.7082,1,2,0.3333,0.5404,15.9,0.8777,22.50922509,0.5493,6.2,0.7067,25.5,0.9179,13.11893823,0.4633,1.609395389,0.7382,18.7,0.7473,23.20596459,0.9162,20.8,0.671,5.9,0.5819,0.717,0.965,0.963386489,0.2868,47.16487973,0.2702,1.4,0.2144,48.6,0.9811,20.20942408,0.4052,0,0,0.333333333,0.6092,0.3953,0.3737,0.646,0.8141
13,GA,Georgia,30474,1330474,0,16594,67,0.75,0,10.5,0.3197,0.5348,0.4646,7.2,0.622,0,41.2,0.8358,1,14.4,0.8473,1,9,0.6883,1,10.9,0.6871,1,17.9,0.7441,1,5,0.8333,0.8437,16.1,0.8811,33.70022856,0.8093,9.1,0.8657,20.2,0.8449,16.01707199,0.663,2.713178295,0.8179,16.4,0.6349,13.53946068,0.6423,15.9,0.3714,6.9,0.7425,0.7273,0.9737,2.787413989,0.5753,49.98872091,0.2418,7.6,0.7589,16.7,0.7299,41.3354531,0.8439,0,0,0.333333333,0.6092,0.537,0.7292,0.7528,0.9278
13,GA,Georgia,30475,1330475,0,52,-999,-999,-999,6.028571429,0.0998,0.0998,0.0026,8.6,0.8659,1,42,0.8746,1,15.5,0.9033,1,11,0.8921,1,10.6,0.5818,0,17.9,0.7441,1,5,0.8333,0.8437,-999,-999,-999,-999,-999,-999,-999,-999,-999,-999,-999,-999,-999,-999,-999,-999,-999,-999,-999,-999,-999,-999,9.964768946,0.7319,39.35955056,0.3479,-999,-999,-999,-999,-999,-999,0,0,0.333333333,0.6092,0.4222,0.4488,0.4317,0.4264
13,GA,Georgia,30477,1330477,0,3070,55,0.75,0,8.3,0.1955,0.4728,0.3351,7.7,0.7262,1,45.7,0.9698,1,18.7,0.9777,1,9.6,0.7675,1,11.9,0.9011,1,18.5,0.8042,1,6,1,0.9102,13.3,0.8117,38.88276369,0.8779,6.4,0.7227,25.5,0.9179,21.18473896,0.8757,0.341038272,0.5023,15.1,0.5576,12.60583255,0.5914,18.2,0.5198,5.9,0.5819,0.6959,0.9445,1.633089445,0.4551,47.20387777,0.2696,17.2,0.9452,19.5,0.7771,37.5360924,0.8036,0,0,0.333333333,0.6092,0.5514,0.7584,0.737,0.9147
13,GA,Georgia,30501,1330501,0,28048,83,1,0,4.48,0.0602,0.5301,0.4543,5.9,0.3285,0,40.4,0.7905,1,12.3,0.6561,0,6.9,0.3431,0,10.3,0.4679,0,18.1,0.7656,1,2,0.3333,0.5404,25.8,0.9704,35.58782574,0.8381,2.7,0.2762,29.9,0.949,14.20035478,0.5428,17.36284618,0.9815,11.1,0.2923,13.66627416,0.6497,12,0.165,8.7,0.8999,0.6565,0.8835,23.58556227,0.8261,38.03559788,0.3608,14.3,0.9229,7.4,0.5075,59.3605003,0.9448,0.666666667,0.618,0,0,0.5972,0.8335,0.6779,0.8539
13,GA,Georgia,30504,1330504,0,22463,46,0.5,0,4.45,0.0597,0.2798,0.0784,5,0.1665,0,40.4,0.7905,1,11.1,0.4912,0,6.4,0.2664,0,10.2,0.4313,0,18.9,0.8376,1,2,0.3333,0.5404,25.3,0.9688,32.22389761,0.7839,3.6,0.3956,28.7,0.9427,7.453069508,0.1196,14.62273502,0.9738,9.3,0.1788,16.37702747,0.7711,13.3,0.2226,7.3,0.7914,0.6148,0.7981,15.94473255,0.7823,32.49470819,0.4149,5.1,0.5889,5.3,0.4367,45.34022799,0.8786,0.666666667,0.618,0,0,0.5313,0.7183,0.5338,0.6297
13,GA,Georgia,30506,1330506,0,41667,56,0.75,0,4.68,0.0632,0.4066,0.2228,5.7,0.2882,0,35.1,0.3779,0,9.9,0.3123,0,6.5,0.2817,0,9.4,0.173,0,15.1,0.3488,0,0,0,0,13,0.8029,15.00446357,0.3127,3.5,0.3811,12.7,0.6326,8.420070556,0.16,2.939608375,0.8293,12,0.3518,10.12418633,0.4358,17.8,0.494,5.7,0.5455,0.4946,0.5028,3.888058082,0.6243,43.9119796,0.3039,2.5,0.3289,10.3,0.5902,20.20425421,0.405,1,0.6973,0,0,0.4214,0.4466,0.2931,0.1691
13,GA,Georgia,30507,1330507,0,28399,52,0.75,0,4.25,0.0559,0.4029,0.2147,5.5,0.2483,0,42.3,0.887,1,12.3,0.6561,0,7.3,0.4066,0,10.5,0.545,0,18.8,0.8293,1,2,0.3333,0.5404,20.2,0.936,30.32934132,0.7483,3.8,0.423,35.8,0.9719,5.741762127,0.0667,12.62676056,0.9662,11.7,0.3311,13.31100269,0.6298,9.7,0.0903,6.9,0.7425,0.5906,0.7441,7.097026415,0.6967,55.98552864,0.1845,5.7,0.6391,17.7,0.7475,27.73658414,0.6241,0.666666667,0.618,0,0,0.5014,0.6533,0.5381,0.6383
13,GA,Georgia,30510,1330510,0,8291,55,0.75,0,4.1,0.0533,0.4016,0.2126,5.4,0.2301,0,34.1,0.3178,0,10.3,0.3721,0,7.6,0.4575,0,11.2,0.7745,1,19.2,0.8604,1,2,0.3333,0.5404,14.8,0.8528,27.16888375,0.6754,5,0.5821,27.3,0.9333,11.47064924,0.3415,3.820224719,0.8642,13.7,0.4673,17.58059156,0.8101,9.3,0.0802,5.6,0.5283,0.6135,0.7954,3.52866787,0.6119,59.42775201,0.1537,1.9,0.2635,39.6,0.9562,22.27613586,0.4688,0.666666667,0.618,0,0,0.4389,0.4952,0.5109,0.5853
13,GA,Georgia,30511,1330511,0,3186,74,0.75,0,4.2,0.0542,0.4021,0.2131,7.2,0.622,0,34.6,0.346,0,12.9,0.7251,1,9.3,0.7305,1,10.5,0.545,0,18.3,0.786,1,3,0.5,0.6536,15.7,0.8733,32.13732576,0.7823,1.1,0.1459,27,0.9309,14.48895545,0.5633,5.258669699,0.8996,10.2,0.2339,10.53307643,0.4611,13.5,0.2328,9.2,0.9204,0.6043,0.7761,2.889406103,0.5812,60.79040419,0.1413,6.9,0.7225,15.5,0.7061,22.3612197,0.4721,0.666666667,0.618,0,0,0.463,0.5593,0.5505,0.6617
13,GA,Georgia,30512,1330512,0,19490,71,0.75,0,5.4,0.0783,0.4142,0.2348,8.7,0.877,1,34,0.3125,0,14,0.8189,1,9.2,0.7166,1,9.5,0.1987,0,14.6,0.2809,0,3,0.5,0.6536,12.5,0.7875,22.67544487,0.5538,4.6,0.5327,10.9,0.5554,12.6016954,0.4256,0.967369333,0.6525,17.8,0.7059,16.13889229,0.7617,32.7,0.926,3.5,0.225,0.6126,0.7937,1.336013862,0.394,70.18259998,0.0648,4.6,0.5448,13.1,0.6542,23.52875489,0.5074,0.333333333,0.458,0,0,0.3747,0.3187,0.5002,0.5652
13,GA,Georgia,30513,1330513,0,11172,62,0.75,0,5.533333333,0.0833,0.4166,0.2378,8.1,0.7976,1,33.1,0.2692,0,13.4,0.7728,1,9.2,0.7166,1,9.7,0.256,0,15.5,0.4065,0,3,0.5,0.6536,13.1,0.806,24.62692859,0.6106,2.8,0.2875,10.6,0.5393,16.28691121,0.6791,0.04326008,0.3974,24.5,0.9018,13.45235624,0.6379,29,0.8906,4.5,0.3446,0.6095,0.7872,1.26683591,0.3755,77.8794623,0.0206,5.6,0.6311,9.6,0.5723,25.31087044,0.5596,0.333333333,0.458,0,0,0.3739,0.3168,0.4988,0.5622
13,GA,Georgia,30516,1330516,0,2054,20,0.25,0,3.8,0.0447,0.1474,0.0114,6.6,0.4802,0,34.9,0.3647,0,11.8,0.5913,0,8.2,0.5596,0,10.2,0.4313,0,17.2,0.6568,0,0,0,0,14.7,0.8504,43.71904548,0.9191,7.5,0.7975,34.2,0.9678,8.205430933,0.1501,2.304368699,0.7943,26.1,0.9232,24.05832321,0.9257,21.6,0.7093,6.2,0.633,0.767,0.9919,2.861405232,0.5799,33.17383705,0.4084,8.1,0.7826,51.4,0.9844,26.31578947,0.5866,0,0,0,0,0.4774,0.5967,0.4,0.3615
13,GA,Georgia,30517,1330517,0,11963,66,0.75,0,4.133333333,0.0537,0.4018,0.2129,4.5,0.1016,0,33.1,0.2692,0,8.7,0.1649,0,5.6,0.1678,0,9.4,0.173,0,15.6,0.4207,0,0,0,0,7.6,0.5621,13.84887541,0.2768,3.8,0.423,10.5,0.5339,6.487733994,0.0868,1.193058568,0.6882,9,0.163,7.759604412,0.2906,13.8,0.2479,7.3,0.7914,0.4064,0.2839,14.13624395,0.7683,45.20019708,0.2898,2.3,0.3059,7.9,0.5235,11.43295607,0.1558,0,0,0,0,0.2919,0.1385,0.1588,0.0312
13,GA,Georgia,30518,1330518,0,45211,65,0.75,0,4.133333333,0.0537,0.4018,0.2129,4.4,0.091,0,31.2,0.1925,0,8.9,0.1864,0,5.2,0.1262,0,9.1,0.1116,0,14.5,0.2671,0,0,0,0,16.1,0.8811,17.65463196,0.3982,3.3,0.3533,14.2,0.6884,7.462997165,0.1197,5.599793483,0.9061,8.1,0.1158,11.66553519,0.5322,9.4,0.083,6.4,0.6659,0.4744,0.45,20.35863178,0.809,34.93018333,0.3906,4,0.4889,10.1,0.5854,24.5021798,0.5365,0.666666667,0.618,0,0,0.4898,0.6257,0.3222,0.2155
13,GA,Georgia,30519,1330519,0,39812,55,0.75,0,4,0.0497,0.3998,0.2111,3.7,0.0416,0,30.2,0.1567,0,7.8,0.0873,0,4.4,0.0612,0,8.8,0.0706,0,13.9,0.1921,0,0,0,0,7.8,0.5742,8.570258444,0.1277,2.5,0.2531,8.7,0.4381,6.692352031,0.093,3.028215901,0.8336,6.7,0.0673,5.765540259,0.1824,9.8,0.0932,8.7,0.8999,0.3562,0.1814,21.36830924,0.8146,39.68427619,0.3448,2.4,0.3173,1.1,0.2477,24.99136561,0.5498,0,0,0,0,0.3249,0.2015,0.1485,0.0259
13,GA,Georgia,30520,1330520,0,4426,45,0.5,0,3.8,0.0447,0.2724,0.072,7.9,0.7645,1,38.4,0.6471,0,14,0.8189,1,10.3,0.8401,1,10.8,0.6526,0,18.6,0.8132,1,4,0.6667,0.7602,6.4,0.4789,36.63538408,0.8526,6,0.6889,19.4,0.8287,7.73145904,0.1307,0.546757164,0.5634,20.3,0.8068,18.73315364,0.8408,16.1,0.3851,8.1,0.8641,0.644,0.8587,2.70390243,0.5697,34.63511841,0.3933,3.3,0.4149,30.5,0.9032,27.84741144,0.6271,0,0,0,0,0.4155,0.43,0.5302,0.623
13,GA,Georgia,30521,1330521,0,4944,47,0.5,0,3.933333333,0.0488,0.2744,0.0747,7.1,0.5989,0,37.5,0.5708,0,12.3,0.6561,0,8.6,0.6266,0,10.1,0.3953,0,17.1,0.6422,0,0,0,0,15.9,0.8777,21.6475879,0.5226,7,0.7668,12.9,0.6405,10.91633466,0.3025,1.79614802,0.7563,17,0.6673,13.33005411,0.6305,18,0.5067,7.9,0.8489,0.652,0.8738,2.588247688,0.5603,39.90008598,0.3425,2.8,0.3601,38.2,0.9502,28.63559798,0.6461,0.333333333,0.458,0,0,0.4739,0.5882,0.3842,0.3302
13,GA,Georgia,30522,1330522,0,1092,20,0.25,0,5.52,0.0831,0.1666,0.0162,8.6,0.8659,1,34.2,0.3228,0,14.2,0.8332,1,9.4,0.7429,1,9.6,0.2268,0,14.3,0.2409,0,3,0.5,0.6536,16.5,0.8885,15.29888551,0.3224,7.5,0.7975,17.3,0.7822,17.00356718,0.7203,0,0,13.8,0.4748,16.77852349,0.784,28.5,0.8848,5.2,0.4561,0.6111,0.7902,0.246624342,0.0394,85.46608658,0.0007,4.2,0.5078,24.1,0.8401,6.236080178,0.0673,0.333333333,0.458,0,0,0.2733,0.1102,0.3926,0.3462
13,GA,Georgia,30523,1330523,0,12904,62,0.75,0,4.666666667,0.063,0.4065,0.2226,7.5,0.6855,1,31,0.1848,0,12,0.6182,0,8.2,0.5596,0,9.6,0.2268,0,15.1,0.3488,0,1,0.1667,0.3497,13.5,0.8182,21.68350717,0.5238,2.5,0.2531,10.9,0.5554,16.89908968,0.715,1.146486308,0.6808,18.8,0.751,12.41921397,0.5805,25.3,0.8274,2.7,0.1606,0.5866,0.7349,1.447663255,0.4195,71.36683571,0.0571,5.5,0.6227,13.4,0.6617,18.35758421,0.3475,0.666666667,0.618,0,0,0.3895,0.3575,0.4162,0.3945
13,GA,Georgia,30525,1330525,0,7364,69,0.75,0,5.533333333,0.0833,0.4166,0.2378,8.5,0.8538,1,33.9,0.3075,0,14,0.8189,1,9.9,0.8025,1,10.2,0.4313,0,16.7,0.5852,0,3,0.5,0.6536,17.6,0.9063,30.9102816,0.7594,3.2,0.3395,14.4,0.6949,14.87460815,0.5891,1.365603029,0.7118,24,0.8941,13.37281796,0.6333,26.4,0.8509,4.3,0.3166,0.6696,0.9059,0.708992487,0.1996,85.79015213,0.0005,5.6,0.6311,13.2,0.6564,33.43711083,0.7452,0.333333333,0.458,0,0,0.3844,0.344,0.5353,0.633
13,GA,Georgia,30527,1330527,0,4043,71,0.75,0,4.8,0.0645,0.4072,0.2232,6.6,0.4802,0,38.2,0.63,0,11.2,0.5047,0,7.9,0.5077,0,9.8,0.2874,0,16.2,0.5096,0,0,0,0,11.3,0.7464,22.71359111,0.5549,4.5,0.5199,11.8,0.5952,8.465450194,0.1618,0.152905199,0.4337,14.5,0.5195,6.835443038,0.2371,19.1,0.5771,9.2,0.9204,0.5266,0.5858,3.092306039,0.5918,37.74031304,0.3638,6.6,0.7035,11.6,0.6214,22.53521127,0.4773,0.666666667,0.618,0,0,0.4823,0.6085,0.3544,0.2753
13,GA,Georgia,30528,1330528,0,22679,65,0.75,0,4.8,0.0645,0.4072,0.2232,6.5,0.4567,0,31.6,0.2064,0,11,0.4747,0,7.8,0.4911,0,10,0.3568,0,16.4,0.5396,0,0,0,0,10.6,0.7176,18.81108474,0.4366,3.6,0.3956,16.5,0.7614,10.39619165,0.2686,0.867219917,0.6354,18.6,0.7429,9.161704077,0.3746,19.6,0.6075,4.7,0.3746,0.5315,0.5987,2.104258374,0.5189,67.46144765,0.084,1.9,0.2635,22.7,0.8218,25.45321942,0.5633,0.666666667,0.618,0,0,0.4099,0.4142,0.309,0.1935
13,GA,Georgia,30529,1330529,0,10920,50,0.75,0,4.05,0.0528,0.4014,0.2123,7,0.5757,0,34,0.3125,0,12.5,0.6807,1,8.6,0.6266,0,10.3,0.4679,0,17.7,0.7205,1,2,0.3333,0.5404,19.1,0.9246,26.64921938,0.6631,5.4,0.6279,19.1,0.8227,12.47918154,0.4163,2.937610743,0.8292,16.4,0.6349,11.70172084,0.5352,14.9,0.3097,5.6,0.5283,0.6292,0.8296,7.095385184,0.6966,49.01192537,0.2517,7,0.7285,17.3,0.74,39.1634981,0.8237,0,0,0.333333333,0.6092,0.55,0.7554,0.5844,0.7199
13,GA,Georgia,30530,1330530,0,6752,72,0.75,0,3.914285714,0.0487,0.3994,0.2108,6.6,0.4802,0,35.2,0.385,0,12,0.6182,0,8.7,0.6428,0,10.4,0.5077,0,18.2,0.7754,1,1,0.1667,0.3497,13.4,0.8153,25.91839698,0.6449,4.7,0.5454,22.2,0.8782,11.41822341,0.3371,0.369913687,0.5125,17.9,0.7109,12.77423921,0.6009,17.6,0.4816,5.8,0.5645,0.6091,0.7862,2.38463394,0.5447,43.87130246,0.3043,4.1,0.4988,35.6,0.9363,22.91917973,0.4894,0,0,0,0,0.3962,0.3758,0.4306,0.4243
13,GA,Georgia,30531,1330531,0,11279,65,0.75,0,4.133333333,0.0537,0.4018,0.2129,7.5,0.6855,1,33.9,0.3075,0,13.3,0.7643,1,9.4,0.7429,1,10.5,0.545,0,18.3,0.786,1,4,0.6667,0.7602,19.8,0.9321,30.03481767,0.7419,4.6,0.5327,25.7,0.9201,11.31238916,0.3293,11.28903122,0.9604,16.3,0.6296,12.25358423,0.5697,14.7,0.2985,8.5,0.8892,0.6804,0.9231,6.593892339,0.6887,54.82538783,0.1965,8.6,0.8029,16.6,0.7283,26.55321448,0.593,0.666666667,0.618,0,0,0.5182,0.6901,0.6466,0.815
13,GA,Georgia,30533,1330533,0,25296,65,0.75,0,5.2,0.0734,0.4117,0.2294,5.9,0.3285,0,32.9,0.2604,0,10.3,0.3721,0,7.4,0.4245,0,10.4,0.5077,0,18.1,0.7656,1,1,0.1667,0.3497,11,0.7345,27.7786432,0.6905,3.7,0.4104,15,0.7168,11.59440891,0.3512,0.903003635,0.6422,16.4,0.6349,7.661624144,0.2852,18.1,0.5132,3.6,0.2353,0.5214,0.5718,1.225945939,0.3662,75.5310802,0.0318,3.4,0.4265,18.1,0.7549,31.24351256,0.7037,1,0.6973,0,0,0.4258,0.4585,0.4024,0.3663
13,GA,Georgia,30534,1330534,0,26685,81,1,0,4.6,0.0612,0.5306,0.4574,5.5,0.2483,0,33,0.2648,0,9.7,0.2864,0,6.6,0.2966,0,9.6,0.2268,0,15.5,0.4065,0,0,0,0,12.5,0.7875,16.02610092,0.3454,4.4,0.5068,13.9,0.6779,11.11690343,0.3161,0.783947066,0.6184,14,0.4877,9.632772291,0.4052,18.2,0.5198,5.8,0.5645,0.5229,0.5762,1.957955163,0.5015,69.52559888,0.0695,2,0.2749,11.3,0.614,18.71312166,0.3592,1,0.6973,0,0,0.3595,0.2812,0.3287,0.2279
13,GA,Georgia,30535,1330535,0,7042,49,0.5,0,4.6,0.0612,0.2806,0.0809,6.7,0.5042,0,31.2,0.1925,0,11.2,0.5047,0,8.2,0.5596,0,10.3,0.4679,0,17.9,0.7441,1,1,0.1667,0.3497,11.5,0.7537,28.85518722,0.7151,1.6,0.176,18.5,0.8109,11.5193133,0.3453,0.639352818,0.5859,18.2,0.7246,10.00619579,0.4292,24.1,0.7967,4,0.2781,0.5616,0.6757,4.05549154,0.6292,53.63330625,0.2078,5.3,0.606,12.8,0.648,24.61220269,0.5396,0.666666667,0.618,0,0,0.4641,0.5622,0.4171,0.3959
13,GA,Georgia,30536,1330536,0,8363,43,0.5,0,5.9,0.0949,0.2974,0.095,7.7,0.7262,1,35.8,0.4297,0,12.9,0.7251,1,9,0.6883,1,9.9,0.3207,0,16,0.4798,0,3,0.5,0.6536,15.3,0.8647,24.41528808,0.6052,4.8,0.558,13.9,0.6779,12.59508484,0.425,1.22364914,0.6924,18.3,0.7296,15.85879874,0.7507,22.7,0.7523,6.9,0.7425,0.6798,0.9223,1.039893686,0.3119,79.11964558,0.0154,2.9,0.3705,17.4,0.7419,23.91806117,0.519,0.333333333,0.458,0,0,0.3452,0.2459,0.4792,0.5224
13,GA,Georgia,30537,1330537,0,1249,69,0.75,0,5.8,0.0913,0.4207,0.2469,10.1,0.9662,1,34.9,0.3647,0,16.6,0.9405,1,11.4,0.9149,1,10,0.3568,0,15.6,0.4207,0,3,0.5,0.6536,8.6,0.6218,45.16752577,0.9283,7,0.7668,4.8,0.2006,14.16526138,0.5405,0.804828974,0.6233,13.2,0.4337,2.713987474,0.0788,35.4,0.943,3.9,0.2673,0.5404,0.6208,1.793048153,0.4792,79.99207846,0.0117,2.6,0.3395,10.4,0.5928,16.20745543,0.2804,0,0,0,0,0.2434,0.0753,0.3992,0.3595
13,GA,Georgia,30538,1330538,0,2854,83,1,0,4.2,0.0542,0.5271,0.4475,6.9,0.5508,0,32.9,0.2604,0,11.5,0.5502,0,8.5,0.6098,0,10.2,0.4313,0,17.1,0.6422,0,0,0,0,15.6,0.8711,17.17417783,0.3825,6.7,0.7454,14.7,0.7062,6.749622926,0.0952,0,0,19.3,0.7716,12.84651792,0.6045,19.2,0.5838,8.3,0.8775,0.5638,0.6814,3.915476925,0.625,44.44030103,0.2983,5,0.5802,32.4,0.9173,20.99076406,0.4289,0.333333333,0.458,0,0,0.4725,0.5844,0.4283,0.4192
13,GA,Georgia,30540,1330540,0,17297,68,0.75,0,5.2,0.0734,0.4117,0.2294,7.6,0.7055,1,36.4,0.4783,0,13,0.736,1,9.2,0.7166,1,10.1,0.3953,0,16.8,0.5996,0,3,0.5,0.6536,23,0.9566,29.34162512,0.7255,4.3,0.494,20.7,0.8539,12.74039997,0.4351,5.041791685,0.8947,21.1,0.8304,14.9321267,0.7108,23.4,0.7761,4.9,0.4067,0.7084,0.9575,1.23364947,0.3679,77.38712094,0.0228,5.8,0.6464,22.9,0.8243,27.92190776,0.6292,0,0,0,0,0.3558,0.2731,0.5284,0.6195
13,GA,Georgia,30541,1330541,0,1603,20,0.25,0,5.5,0.0824,0.1662,0.0161,7.5,0.6855,1,32.9,0.2604,0,12.5,0.6807,1,8.8,0.6576,0,9.7,0.256,0,15.9,0.4655,0,2,0.3333,0.5404,8.7,0.6272,16.75567423,0.3694,6.5,0.7306,11.6,0.587,9.426847662,0.21,2.578018996,0.81,32.4,0.9654,14.07678245,0.6702,44.1,0.9729,1.6,0.1093,0.6052,0.7783,0.138551499,0.0126,84.18884559,0.0018,6.5,0.6972,4.9,0.4225,15.88628763,0.2709,0,0,0,0,0.2007,0.0386,0.3434,0.255
13,GA,Georgia,30542,1330542,0,31946,68,0.75,0,4.222222222,0.0557,0.4028,0.2139,4.7,0.1251,0,37,0.5277,0,9.2,0.2209,0,5.6,0.1678,0,9.5,0.1987,0,15.6,0.4207,0,0,0,0,11.8,0.7643,12.68077744,0.2423,3.6,0.3956,11.1,0.5647,7.601595876,0.1252,2.282534635,0.7928,10.6,0.2589,8.689662481,0.3456,14,0.2586,5.3,0.474,0.4222,0.3224,12.21406692,0.7535,39.49123994,0.3467,2.1,0.2854,8,0.5264,20.26668809,0.4066,0.666666667,0.618,0,0,0.4195,0.4413,0.2444,0.1029
13,GA,Georgia,30543,1330543,0,4487,48,0.5,0,4.2,0.0542,0.2771,0.0759,6,0.3488,0,38.5,0.6554,0,11.3,0.5201,0,7.8,0.4911,0,10.3,0.4679,0,17.8,0.7322,1,1,0.1667,0.3497,13.5,0.8182,26.85551164,0.6677,4.2,0.4801,32.8,0.9619,5.773809524,0.0674,3.715670436,0.8607,12.5,0.3875,8.873720137,0.3565,15.4,0.3402,5.2,0.4561,0.5396,0.6191,2.451138043,0.5507,49.12639054,0.2506,1.8,0.2524,17.3,0.74,12.15917465,0.1722,0.666666667,0.618,0.333333333,0.6092,0.4562,0.541,0.3964,0.354
13,GA,Georgia,30545,1330545,0,936,99,1,0,10.27222222,0.3051,0.6526,0.6845,7.2,0.622,0,29.1,0.1239,0,11.7,0.5779,0,6.9,0.3431,0,8.9,0.082,0,12.9,0.1004,0,0,0,0,19.3,0.927,22.92787944,0.5614,2.1,0.2157,1.6,0.0592,22.93447293,0.9075,0.352526439,0.5064,20.8,0.8215,5.365853659,0.1638,28.4,0.8833,8.4,0.8831,0.5929,0.7498,0.939176538,0.279,88.23376476,0,11.5,0.8826,2.8,0.3336,27.20763723,0.6108,1,0.6973,0,0,0.4005,0.3892,0.4559,0.4757
13,GA,Georgia,30546,1330546,0,6496,65,0.75,0,5.4,0.0783,0.4142,0.2348,9.6,0.946,1,32.6,0.2469,0,14.6,0.8596,1,9.6,0.7675,1,9.3,0.1494,0,13.6,0.1596,0,3,0.5,0.6536,11.3,0.7464,23.48850412,0.579,4.6,0.5327,9.2,0.4662,15.41195477,0.6239,0,0,17.8,0.7059,12.02185792,0.5556,39.4,0.9604,3.7,0.2453,0.5415,0.6239,0.888286896,0.2623,80.04667011,0.0115,3.6,0.4467,12.2,0.6355,19.4469766,0.3823,0,0,0,0,0.2483,0.0802,0.3981,0.3575
13,GA,Georgia,30547,1330547,0,3268,89,1,0,4.066666667,0.0529,0.5264,0.4466,7.3,0.644,0,34.9,0.3647,0,12.9,0.7251,1,9.8,0.7902,1,10.8,0.6526,0,18.7,0.8217,1,3,0.5,0.6536,18.3,0.9155,31.29095675,0.7669,1.6,0.176,20,0.8407,12.36777868,0.407,0,0,14.4,0.5127,12.12920237,0.5625,18,0.5067,7.1,0.7677,0.5456,0.6343,2.299513096,0.537,56.00591852,0.1842,6.3,0.6834,25.6,0.8565,21.2858384,0.4387,0.333333333,0.458,0,0,0.4511,0.5275,0.5655,0.6892
13,GA,Georgia,30548,1330548,0,15870,44,0.5,0,3.933333333,0.0488,0.2744,0.0747,5.2,0.1959,0,32.2,0.2297,0,9.5,0.2575,0,5.8,0.1902,0,9.1,0.1116,0,14,0.2043,0,0,0,0,6.8,0.5076,8.106604632,0.1171,4.3,0.494,6.7,0.3155,8.155006859,0.1474,0.647109577,0.5877,9.6,0.197,7.511322214,0.2758,19.4,0.5958,6.3,0.6495,0.3887,0.2463,9.918307901,0.7316,41.16448088,0.33,1,0.1816,3.8,0.378,9.742620329,0.1215,0,0,0.333333333,0.6092,0.336,0.2261,0.1368,0.0208
13,GA,Georgia,30549,1330549,0,22500,47,0.5,0,4.15,0.054,0.277,0.0758,5.1,0.1812,0,32.3,0.234,0,9.7,0.2864,0,6.4,0.2664,0,9.7,0.256,0,16.3,0.5238,0,0,0,0,10.9,0.7304,15.60422059,0.3311,2.6,0.2638,15.9,0.7444,8.382044778,0.1584,1.379107981,0.7135,13.9,0.481,8.583238062,0.3392,14.1,0.2635,6.6,0.6979,0.4723,0.4441,5.670016493,0.6723,46.86155012,0.273,5.7,0.6391,12.8,0.648,23.45635618,0.5057,0,0,0.333333333,0.6092,0.4782,0.5985,0.2796,0.148
13,GA,Georgia,30552,1330552,0,1697,83,1,0,5.2,0.0734,0.5367,0.4672,8.8,0.8878,1,33.2,0.2737,0,14.3,0.8406,1,10.2,0.8312,1,10.1,0.3953,0,15.8,0.4506,0,3,0.5,0.6536,16.5,0.8885,29.64763062,0.7328,4.3,0.494,8.7,0.4381,14.94505495,0.5942,0,0,18.3,0.7296,18.27586207,0.8296,20.9,0.6764,7.5,0.8126,0.6196,0.8083,0.695017936,0.1946,84.13234905,0.0019,2.2,0.2958,6.5,0.4785,23.38235294,0.5029,0.333333333,0.458,0,0,0.276,0.1142,0.5108,0.5851
13,GA,Georgia,30553,1330553,0,7232,56,0.75,0,3.9,0.048,0.399,0.2103,8,0.7815,1,38,0.6132,0,14.2,0.8332,1,9.7,0.7788,1,10.6,0.5818,0,17.1,0.6422,0,3,0.5,0.6536,14,0.8324,28.19328256,0.7005,3.9,0.4372,15.8,0.7418,13.59436179,0.5,1.565995526,0.7341,18.5,0.7383,8.108899297,0.3111,21.5,0.7042,5.1,0.4383,0.6138,0.7962,4.225181764,0.6344,38.37999989,0.3581,3.7,0.4571,22.1,0.8147,32.26097414,0.7239,0,0,0,0,0.4269,0.4616,0.5304,0.6234
13,GA,Georgia,30554,1330554,0,8535,43,0.5,0,4.16,0.0541,0.277,0.0758,6.1,0.3702,0,37.7,0.5876,0,11,0.4747,0,8.1,0.5414,0,10.4,0.5077,0,18.1,0.7656,1,1,0.1667,0.3497,16.1,0.8811,20.00984494,0.4736,3.8,0.423,19.7,0.8349,10.28408189,0.2614,1.008811135,0.6594,19.6,0.7828,9.986719788,0.427,15.2,0.328,3.6,0.2353,0.5306,0.5965,2.296969072,0.5368,57.43420244,0.1722,4.7,0.5539,23,0.8258,21.83147632,0.4546,0.666666667,0.618,0,0,0.4516,0.5291,0.3878,0.3369
13,GA,Georgia,30555,1330555,0,2061,85,1,0,5.5,0.0824,0.5412,0.4782,7.8,0.7465,1,31.6,0.2064,0,12.5,0.6807,1,8.7,0.6428,0,9.7,0.256,0,15.4,0.3925,0,2,0.3333,0.5404,14.5,0.8455,28.24905976,0.7021,4.1,0.4656,16.4,0.7584,15.32808399,0.6185,0.574458683,0.57,24.5,0.9018,27.96892342,0.9545,24.2,0.7996,5.7,0.5455,0.7162,0.9643,1.497315536,0.4299,70.06945319,0.0654,5.7,0.6391,15.6,0.7082,24.68879668,0.5421,0,0,0,0,0.3407,0.2363,0.5548,0.6695
13,GA,Georgia,30557,1330557,0,4975,20,0.25,0,-999,-999,0.25,0.0472,7.1,0.5989,0,34.9,0.3647,0,12.3,0.6561,0,8.5,0.6098,0,10.1,0.3953,0,16.4,0.5396,0,0,0,0,15,0.8581,24.06163572,0.5956,9.1,0.8657,14.8,0.7095,8.827717133,0.1795,0.697149887,0.5995,25,0.9092,10.62034739,0.4671,25.8,0.8384,3.9,0.2673,0.629,0.829,2.152747241,0.5238,43.58388757,0.3073,2.3,0.3059,45.4,0.9743,19.2,0.3749,0,0,0,0,0.3552,0.2713,0.2869,0.1589
13,GA,Georgia,30558,1330558,0,5456,46,0.5,0,4.05,0.0528,0.2764,0.0754,6.8,0.5269,0,34.6,0.346,0,12.1,0.6309,0,9.2,0.7166,1,10.7,0.6183,0,18.9,0.8376,1,2,0.3333,0.5404,19,0.9236,38.80455408,0.8773,2,0.2068,29.1,0.9449,10.56097561,0.2799,0.555004955,0.5652,22.3,0.8609,14.43494777,0.6879,15,0.3162,5.2,0.4561,0.6119,0.7919,2.231045461,0.5315,51.11913736,0.2317,8,0.7779,36,0.9381,27.7747403,0.6253,0,0,0.333333333,0.6092,0.5305,0.7164,0.531,0.6243
13,GA,Georgia,30559,1330559,0,4333,47,0.5,0,5.7,0.0893,0.2947,0.0934,8.2,0.8138,1,33.6,0.2921,0,13.6,0.7898,1,9.8,0.7902,1,10.1,0.3953,0,16.4,0.5396,0,3,0.5,0.6536,14.7,0.8504,22.55913978,0.5505,10,0.8907,19.7,0.8349,12.16350947,0.3923,0.742358079,0.6096,25.3,0.9133,12.29178633,0.5719,25.4,0.8296,3.4,0.2154,0.6659,0.9,0.925965243,0.2749,70.73989545,0.0614,2.9,0.3705,12.5,0.6415,17.83375315,0.3295,0,0,0,0,0.2397,0.0714,0.4296,0.422
13,GA,Georgia,30560,1330560,0,4599,47,0.5,0,5.666666667,0.0885,0.2942,0.0932,7.8,0.7465,1,32.4,0.2382,0,12.9,0.7251,1,8.6,0.6266,0,9.6,0.2268,0,14.6,0.2809,0,2,0.3333,0.5404,15.2,0.863,22.25481978,0.5412,8.5,0.8444,14.9,0.7131,10.67193676,0.287,0.411968777,0.5253,27.5,0.9371,17.21404304,0.7987,27.7,0.8739,3.4,0.2154,0.6599,0.8899,0.790180836,0.2281,72.58289216,0.0487,0.7,0.1614,12.6,0.6436,13.25966851,0.1998,0.333333333,0.458,0,0,0.2485,0.0804,0.401,0.3631
13,GA,Georgia,30562,1330562,0,1128,20,0.25,1,10.32875,0.3078,0.2789,0.0779,7.7,0.7262,1,35,0.3715,0,13.8,0.8042,1,9.6,0.7675,1,10.5,0.545,0,17.7,0.7205,1,4,0.6667,0.7602,24.9,0.9669,49.01960784,0.9486,7.4,0.7922,21.1,0.8616,16.41651032,0.6865,3.364171573,0.848,29.3,0.9504,9.625668449,0.4049,23.7,0.7856,10.3,0.9496,0.8194,0.9987,4.725750284,0.6496,68.1010843,0.0795,2.6,0.3395,30.9,0.9062,29.73523422,0.6717,0,0,0,0,0.3781,0.3278,0.5412,0.6443
13,GA,Georgia,30563,1330563,0,5373,45,0.5,0,4.466666667,0.0599,0.2799,0.0785,6.3,0.4138,0,30.8,0.1769,0,10.6,0.4152,0,7.5,0.4403,0,9.8,0.2874,0,16.3,0.5238,0,0,0,0,14.3,0.8402,12.89779424,0.2489,4.3,0.494,24.1,0.9027,8.266843972,0.1526,7.100271003,0.9277,15.7,0.5947,10.0071736,0.4294,19.9,0.624,7.3,0.7914,0.6006,0.7677,3.066812254,0.5906,57.53910382,0.1711,1.4,0.2144,15.5,0.7061,13.18624936,0.1976,0.333333333,0.458,0,0,0.334,0.2217,0.267,0.1312
13,GA,Georgia,30564,1330564,0,4463,74,0.75,0,5.133333333,0.0726,0.4113,0.2285,6.2,0.3919,0,36.2,0.4616,0,10.7,0.4297,0,7.5,0.4403,0,9.8,0.2874,0,16.2,0.5096,0,0,0,0,12,0.7712,19.02145474,0.4425,5.1,0.5944,17.6,0.7892,10.96173733,0.3052,0,0,13.6,0.4604,18.18181818,0.827,15.5,0.3462,6.6,0.6979,0.5234,0.5776,1.822108008,0.4836,53.20690838,0.2118,4,0.4889,23.4,0.831,23.41296928,0.5042,1,0.6973,0,0,0.4595,0.5495,0.3389,0.247
13,GA,Georgia,30565,1330565,0,4758,20,0.25,0,3.9,0.048,0.149,0.0121,5.7,0.2882,0,33.3,0.278,0,10.5,0.4004,0,7.3,0.4066,0,10,0.3568,0,17.2,0.6568,0,0,0,0,23.4,0.9596,28.9154013,0.7165,3.7,0.4104,15.6,0.7358,12.02124685,0.3822,5.042016807,0.8947,10.8,0.2721,15.18867925,0.7223,12.2,0.1727,4.6,0.3594,0.5626,0.6786,2.581271933,0.56,47.25481375,0.2691,7.3,0.7445,36.1,0.9387,20.11730205,0.4027,0,0,0,0,0.4164,0.4327,0.2808,0.1499
13,GA,Georgia,30566,1330566,0,7906,69,0.75,0,4.4,0.0577,0.4038,0.216,5.1,0.1812,0,37.8,0.5965,0,10.1,0.3412,0,6.3,0.2527,0,9.8,0.2874,0,16.8,0.5996,0,0,0,0,14.4,0.8427,29.31395653,0.7248,4.7,0.5454,17.5,0.787,10.91851322,0.3026,3.813618083,0.864,14.5,0.5195,10.69261881,0.4714,13.1,0.2132,6.5,0.6827,0.5953,0.7554,19.9734601,0.8072,34.02174984,0.3997,5.8,0.6464,4.2,0.3941,33.70998117,0.7496,0.666666667,0.618,0,0,0.5164,0.686,0.4144,0.3904
13,GA,Georgia,30567,1330567,0,2981,50,0.75,0,4.2,0.0542,0.4021,0.2131,6.3,0.4138,0,33.5,0.2873,0,11.5,0.5502,0,8.1,0.5414,0,10,0.3568,0,17.5,0.6969,1,1,0.1667,0.3497,7.9,0.5811,33.12269616,0.7995,4.5,0.5199,11.8,0.5952,7.142857143,0.108,0.964066608,0.6517,15.5,0.5824,17.84810127,0.8179,13.6,0.2378,10.4,0.9511,0.5845,0.7299,7.041698978,0.6955,48.462965,0.257,0.3,0.1442,14.4,0.6835,18.13053989,0.34,0.333333333,0.458,0.333333333,0.6092,0.4553,0.539,0.4579,0.4799
13,GA,Georgia,30568,1330568,0,1877,73,0.75,0,12.20571429,0.4581,0.604,0.6097,8.8,0.8878,1,34.2,0.3228,0,14.6,0.8596,1,10.6,0.8648,1,10.3,0.4679,0,17,0.6282,0,3,0.5,0.6536,12.3,0.7811,22.01550388,0.5344,5.5,0.6383,22,0.8751,27.31277533,0.95,0,0,20.8,0.8215,36.72727273,0.9808,34.3,0.9363,0.5,0.0833,0.6601,0.8904,1.793131486,0.4793,73.02813189,0.0459,1.7,0.2412,11.3,0.614,15.31986532,0.2545,0,0,0,0,0.2336,0.0653,0.5548,0.6695
13,GA,Georgia,30571,1330571,0,3682,66,0.75,0,4.8,0.0645,0.4072,0.2232,7.8,0.7465,1,30.8,0.1769,0,12.8,0.7144,1,8.1,0.5414,0,9.4,0.173,0,13.5,0.15,0,2,0.3333,0.5404,12.3,0.7811,14.80196589,0.307,2.3,0.2343,7.3,0.3535,17.91692498,0.7652,0,0,20.9,0.8243,5.80474934,0.1841,40.2,0.963,0.8,0.0876,0.45,0.3885,0.820653798,0.2383,80.75460187,0.0091,1.8,0.2524,2.4,0.3156,15.73288059,0.2666,0.666666667,0.618,0,0,0.2429,0.0746,0.3067,0.1901
13,GA,Georgia,30572,1330572,0,1260,83,1,0,5.5,0.0824,0.5412,0.4782,8.5,0.8538,1,33.1,0.2692,0,13.8,0.8042,1,8.8,0.6576,0,9.3,0.1494,0,13.8,0.1803,0,2,0.3333,0.5404,14.1,0.835,31.04265403,0.7617,2.8,0.2875,10.4,0.5294,25.84745763,0.9402,0,0,24.3,0.8991,7.619047619,0.2827,41.1,0.966,9.1,0.9167,0.6418,0.8544,0.144587893,0.0136,86.37361808,0.0003,5.6,0.6311,8,0.5264,18.26280624,0.3441,0.333333333,0.458,0,0,0.2819,0.1225,0.4989,0.5623
13,GA,Georgia,30573,1330573,0,163,-999,-999,-999,5,0.0685,0.0685,0.0021,7.6,0.7055,1,33.8,0.3026,0,13.1,0.7454,1,8.9,0.6728,1,9.7,0.256,0,15,0.3345,0,3,0.5,0.6536,30.4,0.9831,0,0,0,0,2.2,0.0761,19.56521739,0.831,0,0,30.4,0.9564,0,0,34.8,0.9392,0,0,0.3786,0.2259,2.135920753,0.5222,80.30079681,0.0105,0,0,9.1,0.5583,37.5,0.8029,0.333333333,0.458,0,0,0.336,0.2261,0.2769,0.1447
13,GA,Georgia,30575,1330575,0,1375,20,0.25,0,4.2,0.0542,0.1521,0.0126,5.9,0.3285,0,36.1,0.4532,0,11.3,0.5201,0,7.8,0.4911,0,10.2,0.4313,0,18.3,0.786,1,1,0.1667,0.3497,9.8,0.6824,26.55555556,0.6607,2.8,0.2875,38.9,0.9791,4.714828897,0.0461,11.85935638,0.9629,21.6,0.8442,26.08125819,0.9417,18.4,0.5328,6.8,0.7284,0.6666,0.9013,3.161850474,0.5952,43.46186174,0.3087,0.7,0.1614,13.8,0.6703,20.14388489,0.4034,0,0,0.333333333,0.6092,0.3926,0.3663,0.4075,0.3766
13,GA,Georgia,30576,1330576,0,2521,57,0.75,0,5.4,0.0783,0.4142,0.2348,7.9,0.7645,1,32,0.2224,0,12.7,0.7037,1,8.8,0.6576,0,9.9,0.3207,0,15.7,0.4363,0,2,0.3333,0.5404,22.7,0.9547,27.79605263,0.6909,4.4,0.5068,19.3,0.8267,10.94779524,0.3043,0.595474395,0.5754,15.9,0.6067,16.40271493,0.772,25.2,0.8251,2.1,0.1281,0.6191,0.8074,1.380789296,0.4051,77.28276783,0.0232,8.6,0.8029,12.6,0.6436,11.69398907,0.162,0.333333333,0.458,0,0,0.3564,0.2742,0.4642,0.4927
13,GA,Georgia,30577,1330577,0,22230,72,0.75,0,4.45,0.0597,0.4048,0.2171,7,0.5757,0,33.1,0.2692,0,12.4,0.6687,1,8.4,0.5936,0,10.3,0.4679,0,17,0.6282,0,1,0.1667,0.3497,12.9,0.8,25.64768133,0.6371,7.5,0.7975,18.3,0.8065,14.05549418,0.5329,0.433324736,0.5312,19.7,0.787,7.649383864,0.2845,18.8,0.5586,6.9,0.7425,0.6478,0.8662,3.148315167,0.5946,61.90557875,0.1309,8.1,0.7826,18.3,0.7583,32.39952873,0.7267,0.333333333,0.458,0,0,0.493,0.6335,0.5166,0.5963
13,GA,Georgia,30581,1330581,0,73,20,0.25,1,5.2,0.0734,0.1617,0.0149,7.9,0.7645,1,33.3,0.278,0,13.6,0.7898,1,9.4,0.7429,1,10.3,0.4679,0,16.1,0.4949,0,3,0.5,0.6536,12.8,0.7968,100,0.9974,0,0,65.6,0.998,0,0,0,0,0,0,0,0,45.4,0.9757,6.4,0.6659,0.4434,0.373,2.691334445,0.5688,59.83478261,0.15,0,0,27.3,0.8746,27.27272727,0.6124,0.333333333,0.458,0,0,0.3805,0.3343,0.344,0.2561
13,GA,Georgia,30582,1330582,0,4567,67,0.75,0,5.4,0.0783,0.4142,0.2348,7.6,0.7055,1,31.8,0.214,0,12.2,0.643,0,8.2,0.5596,0,9.8,0.2874,0,16.2,0.5096,0,1,0.1667,0.3497,12.8,0.7968,24.34883721,0.6033,3.3,0.3533,10.3,0.5244,11.50760719,0.3442,0.062240664,0.4024,16.7,0.6507,6.815816857,0.236,26.8,0.8583,3.6,0.2353,0.5005,0.5184,1.214298478,0.363,70.44347537,0.0633,2.1,0.2854,14.4,0.6835,23.0227519,0.4922,0,0,0,0,0.2696,0.1054,0.3021,0.1829
13,GA,Georgia,30601,1330601,0,20835,68,0.75,0,3.833333333,0.0472,0.3986,0.21,4.7,0.1251,0,37.4,0.5626,0,12.5,0.6807,1,6.9,0.3431,0,12.2,0.9313,1,23.4,0.9842,1,3,0.5,0.6536,15.8,0.8756,60.08032794,0.9797,5.8,0.6688,18.5,0.8109,16.70640512,0.7037,3.252974466,0.8435,13.1,0.4271,8.61755995,0.3413,7.5,0.0504,7.5,0.8126,0.6514,0.8726,14.53397737,0.7711,45.04231998,0.2915,13.9,0.9183,13.9,0.6729,65.40417142,0.9619,0,0,0.333333333,0.6092,0.6036,0.8429,0.6448,0.8124
13,GA,Georgia,30602,1330602,0,2409,70,0.75,0,3.8,0.0447,0.3974,0.2042,1.1,0.0066,0,28.9,0.1191,0,3,0.0081,0,3.9,0.035,0,14.8,0.9955,1,35.5,0.9997,1,2,0.3333,0.5404,3.9,0.2694,-999,-999,16,0.9635,0,0,-999,-999,1.050135501,0.6664,6.1,0.0517,1.5,0.0562,0,0,0,0,0.2509,0.0444,56.36684516,0.9566,14.97040573,0.616,-999,-999,-999,-999,-999,-999,0,0,0,0,0.3932,0.368,0.2892,0.1627
13,GA,Georgia,30605,1330605,0,39952,64,0.75,0,3.814285714,0.0471,0.3986,0.21,3.4,0.0293,0,29.3,0.1304,0,7.3,0.0573,0,4.7,0.0817,0,11.1,0.7481,1,21.7,0.9637,1,2,0.3333,0.5404,10.7,0.7223,41.21656205,0.8996,5,0.5821,8.4,0.4211,19.66966004,0.8348,0.92449923,0.6452,10.4,0.2459,2.853739876,0.0822,9.7,0.0903,4.8,0.3895,0.4913,0.4942,11.46435728,0.7465,47.18953585,0.2699,8.8,0.8108,2.6,0.3249,67.87795063,0.9674,0.333333333,0.458,0.333333333,0.6092,0.5981,0.8348,0.5198,0.6022
13,GA,Georgia,30606,1330606,0,40225,65,0.75,0,3.846153846,0.0473,0.3986,0.21,4.5,0.1016,0,30.4,0.1636,0,9.3,0.2325,0,5.3,0.1363,0,10.5,0.545,0,18.1,0.7656,1,1,0.1667,0.3497,12.5,0.7875,32.52793108,0.7892,4.8,0.558,9.7,0.4927,15.80705319,0.6497,3.825111276,0.8644,11.9,0.3447,4.980197185,0.1474,13.5,0.2328,5.1,0.4383,0.5305,0.596,16.61377328,0.7864,46.16513896,0.281,8.5,0.7989,1.5,0.2712,54.76099842,0.93,0,0,0,0,0.4382,0.4936,0.4123,0.3859
13,GA,Georgia,30607,1330607,0,10895,62,0.75,0,3.96,0.0492,0.3996,0.2109,5.7,0.2882,0,37.8,0.5965,0,13.1,0.7454,1,7.6,0.4575,0,11,0.719,1,19.4,0.8742,1,3,0.5,0.6536,24.6,0.9654,40.15414258,0.8905,4.1,0.4656,17.4,0.7844,10.68640646,0.2878,6.07183287,0.9136,10.9,0.2787,15.03978265,0.7154,11.3,0.1383,7.2,0.7801,0.622,0.8128,6.113244482,0.6803,51.26665507,0.2301,5.5,0.6227,8.6,0.5443,37.68115942,0.8053,0,0,0.333333333,0.6092,0.4988,0.6482,0.5814,0.7158
13,GA,Georgia,30609,1330609,0,1956,20,0.25,1,3.8,0.0447,0.1474,0.0114,1,0.0052,0,28.2,0.1012,0,2.5,0.0068,0,4.2,0.0489,0,15.9,0.9992,1,38,0.9999,1,2,0.3333,0.5404,1.7,0.1037,-999,-999,21.2,0.9813,-999,-999,-999,-999,0,0,2.4,0.0175,6.355932203,0.213,0,0,0,0,0.1879,0.0147,69.85154073,0.9836,9.073529412,0.7119,-999,-999,-999,-999,-999,-999,0,0,0,0,0.4239,0.4533,0.255,0.1153
13,GA,Georgia,30619,1330619,0,1440,77,1,0,4.1,0.0533,0.5266,0.4468,6.5,0.4567,0,33.8,0.3026,0,11.6,0.564,0,8.2,0.5596,0,10.2,0.4313,0,17,0.6282,0,0,0,0,5.7,0.4236,25.15337423,0.6245,0.8,0.1325,9.6,0.4874,20.1320132,0.8489,0,0,20.9,0.8243,9.152542373,0.374,21.5,0.7042,8,0.8568,0.5276,0.5884,0.770675096,0.2211,61.45171753,0.1352,3.2,0.4037,24.2,0.8414,18.76172608,0.3607,0.333333333,0.458,0.333333333,0.6092,0.4328,0.4787,0.3785,0.3192
13,GA,Georgia,30620,1330620,0,12486,62,0.75,0,3.733333333,0.0442,0.3971,0.2037,4.2,0.0732,0,37.3,0.5528,0,8.7,0.1649,0,5.6,0.1678,0,9.9,0.3207,0,16.9,0.6143,0,0,0,0,14.3,0.8402,16.07382788,0.3471,3.1,0.3254,16.8,0.77,8.696065387,0.1729,2.876998954,0.8265,13.2,0.4337,14.70758541,0.7009,11.4,0.142,5.9,0.5819,0.5141,0.553,8.936625616,0.7205,38.67178122,0.3549,1.3,0.2054,8,0.5264,14.0969163,0.2211,0.333333333,0.458,0.333333333,0.6092,0.4422,0.5033,0.315,0.2031
13,GA,Georgia,30621,1330621,0,5109,46,0.5,0,3.866666667,0.0475,0.2738,0.0744,5.1,0.1812,0,31,0.1848,0,9.3,0.2325,0,5.6,0.1678,0,9.4,0.173,0,14.3,0.2409,0,0,0,0,5.9,0.44,7.094918504,0.0929,2.7,0.2762,6.5,0.3031,5.778120185,0.0675,0.320384461,0.4958,7.4,0.0874,10.89494163,0.4848,15.6,0.3529,5.8,0.5645,0.3165,0.1166,1.541593544,0.4389,43.6893768,0.3063,1.5,0.2226,7,0.4959,10.24229075,0.1312,0.333333333,0.458,0.333333333,0.6092,0.3803,0.3337,0.1312,0.0184
13,GA,Georgia,30622,1330622,0,10344,59,0.75,0,3.866666667,0.0475,0.3988,0.2101,5,0.1665,0,30,0.1506,0,9.5,0.2575,0,5.3,0.1363,0,9.3,0.1494,0,14.1,0.2152,0,0,0,0,11.5,0.7537,13.53872486,0.2675,3.4,0.3672,9,0.455,13.42577308,0.4866,1.148095408,0.6811,11.8,0.3379,6.354810238,0.2128,18.5,0.5393,5.1,0.4383,0.4539,0.3989,7.858200016,0.7065,42.75838753,0.3148,5.1,0.5889,6.6,0.4823,31.46186441,0.7077,0.333333333,0.458,0.333333333,0.6092,0.5525,0.7603,0.3423,0.2532
13,GA,Georgia,30623,1330623,0,154,99,1,1,3.6,0.0404,0.5202,0.4305,5.9,0.3285,0,37.5,0.5708,0,12.3,0.6561,0,6.9,0.3431,0,10.4,0.5077,0,16.1,0.4949,0,0,0,0,0,0,10.44776119,0.178,0,0,61.4,0.997,12.28070175,0.4004,0,0,0,0,35,0.9778,16.4,0.4039,0,0,0.2957,0.089,1.744581888,0.4723,34.2861267,0.3967,0,0,3.4,0.3609,37.93103448,0.8083,0.333333333,0.458,0,0,0.3566,0.2747,0.1986,0.0572
13,GA,Georgia,30624,1330624,0,2611,84,1,0,3.6,0.0404,0.5202,0.4305,8.4,0.8412,1,38.4,0.6471,0,15.2,0.8907,1,11.5,0.9186,1,11.3,0.7987,1,19.6,0.8875,1,5,0.8333,0.8437,17.1,0.8987,36.34964604,0.8492,6,0.6889,28.8,0.9432,13.54700855,0.4961,1.105898123,0.6743,14.5,0.5195,16.09756098,0.7603,18.1,0.5132,8.8,0.9048,0.7248,0.9716,1.82575497,0.4841,46.58574375,0.2762,8.1,0.7826,40.6,0.9598,25.8780037,0.5751,0,0,0,0,0.4397,0.4976,0.6858,0.8631
13,GA,Georgia,30625,1330625,0,2438,20,0.25,0,5.8,0.0913,0.1706,0.0172,6.8,0.5269,0,34.7,0.352,0,12,0.6182,0,7.6,0.4575,0,9.6,0.2268,0,15,0.3345,0,0,0,0,14.6,0.8481,11.20277898,0.1998,9.7,0.8831,12.3,0.6163,6.253177428,0.0793,2.308033733,0.7944,17.5,0.6918,11.3430127,0.5123,31.5,0.9159,3.2,0.1975,0.5738,0.7047,1.074294375,0.3223,52.42559037,0.219,7.4,0.7497,6.1,0.4659,21.5285253,0.4454,0.333333333,0.458,0,0,0.38,0.3328,0.2637,0.1263
13,GA,Georgia,30627,1330627,0,2273,20,0.25,0,3.5,0.0393,0.1446,0.011,7.8,0.7465,1,39,0.6954,1,15.6,0.9069,1,10,0.8125,1,10.9,0.6871,1,18.2,0.7754,1,6,1,0.9102,14,0.8324,45.78163772,0.9322,7,0.7668,18.8,0.8169,14.94427558,0.5941,1.009214568,0.6595,16.1,0.6182,12.16494845,0.5644,17.9,0.5,5.7,0.5455,0.683,0.9266,0.845639563,0.2478,69.2499917,0.0711,3.7,0.4571,37.2,0.9448,20.24665982,0.4061,0,0,0.333333333,0.6092,0.3909,0.3612,0.5522,0.6651
13,GA,Georgia,30628,1330628,0,6556,44,0.5,0,3.7,0.0437,0.2718,0.0716,6.1,0.3702,0,36.9,0.5192,0,11.7,0.5779,0,7.9,0.5077,0,10.3,0.4679,0,17.6,0.7082,1,1,0.1667,0.3497,16.6,0.8904,29.26763233,0.7237,6.9,0.7596,13.9,0.6779,8.532989311,0.165,3.238750358,0.843,14.1,0.4943,8.924889543,0.3597,13.9,0.2532,5.6,0.5283,0.5695,0.6943,2.676876092,0.5674,40.34809824,0.3385,3.5,0.437,24.8,0.8477,12.3801584,0.1773,0,0,0.333333333,0.6092,0.4253,0.4568,0.3931,0.3473
13,GA,Georgia,30629,1330629,0,4531,47,0.5,0,3.6,0.0404,0.2702,0.0706,7.7,0.7262,1,37.5,0.5708,0,14,0.8189,1,9.6,0.7675,1,10.6,0.5818,0,17.9,0.7441,1,4,0.6667,0.7602,14.6,0.8481,33.2688588,0.8018,10,0.8907,23.1,0.8904,13.4723788,0.4902,0.679526523,0.5957,17.8,0.7059,15.59112029,0.7401,18.3,0.5259,5.6,0.5283,0.7017,0.9511,1.61916041,0.4527,47.03663832,0.2714,4,0.4889,30.4,0.9026,29.01098901,0.6551,0,0,0.333333333,0.6092,0.4828,0.6095,0.5978,0.7421
13,GA,Georgia,30630,1330630,0,2438,77,1,0,10.21428571,0.3031,0.6516,0.6834,7,0.5757,0,35.7,0.4217,0,13.4,0.7728,1,8.7,0.6428,0,10.7,0.6183,0,17.5,0.6969,1,2,0.3333,0.5404,5.9,0.44,26.70060157,0.6645,4.3,0.494,23.8,0.8989,23.0638779,0.9093,0,0,18.1,0.7201,12.40560949,0.5795,24.4,0.8048,4.7,0.3746,0.5886,0.7398,1.501795972,0.4308,52.06311773,0.2226,13.5,0.9138,11.6,0.6214,34.20776495,0.7579,0,0,0.333333333,0.6092,0.508,0.6682,0.658,0.8296
13,GA,Georgia,30631,1330631,0,1767,68,0.75,0,5,0.0685,0.4092,0.2248,8.8,0.8878,1,42,0.8746,1,19.3,0.9824,1,10.4,0.8481,1,11.5,0.8408,1,17.3,0.6711,1,6,1,0.9102,10.2,0.6997,31.4849045,0.771,6.9,0.7596,28.1,0.9385,11.26760563,0.3265,0,0,22.3,0.8609,11.95286195,0.5512,25.1,0.8226,4.1,0.2904,0.602,0.7711,0.444363477,0.1024,67.96750801,0.0802,14.7,0.9265,39.7,0.9566,31.67808219,0.7121,0,0,0.333333333,0.6092,0.4839,0.6123,0.6296,0.7911
13,GA,Georgia,30633,1330633,0,8474,43,0.5,0,3.714285714,0.0441,0.272,0.0717,6.7,0.5042,0,36.4,0.4783,0,11.8,0.5913,0,8.6,0.6266,0,10.2,0.4313,0,17.5,0.6969,1,1,0.1667,0.3497,12,0.7712,27.4028169,0.6812,9.1,0.8657,18.8,0.8169,9.911894273,0.2373,0.292568754,0.4865,21,0.8273,15.36423841,0.7303,14.3,0.2748,4.8,0.3895,0.6081,0.7844,2.025493437,0.5095,43.62202729,0.3069,1.2,0.1975,38.2,0.9502,23.21144674,0.4983,0,0,0,0,0.3518,0.262,0.367,0.2989
13,GA,Georgia,30634,1330634,0,2281,81,1,0,3.2,0.0353,0.5176,0.4274,7.8,0.7465,1,38,0.6132,0,14.9,0.8763,1,10.4,0.8481,1,11.2,0.7745,1,19.6,0.8875,1,5,0.8333,0.8437,12.4,0.7844,40.99538225,0.8977,13.7,0.9474,32,0.9591,14.68336813,0.5764,4.37994723,0.8792,28.4,0.9447,6.083086053,0.1984,20,0.6293,2.8,0.1675,0.6984,0.9473,1.675989466,0.4619,44.19243836,0.3012,9.5,0.8343,41.1,0.9616,13.61867704,0.2087,0,0,0,0,0.3954,0.3739,0.6481,0.8171
13,GA,Georgia,30635,1330635,0,16109,85,1,0,3,0.033,0.5165,0.4268,8,0.7815,1,37.9,0.605,0,15.5,0.9033,1,9.6,0.7675,1,11,0.719,1,17.9,0.7441,1,5,0.8333,0.8437,12.8,0.7968,33.14797233,0.8,7,0.7668,18.5,0.8109,14.87532976,0.5892,1.418690006,0.718,21.3,0.8359,9.377487661,0.3889,21.2,0.6904,5.5,0.51,0.6907,0.9374,1.803818505,0.4811,56.74716018,0.1781,9.5,0.8343,21,0.7991,28.42748596,0.6406,0,0,0.333333333,0.6092,0.5061,0.6642,0.718,0.8965
13,GA,Georgia,30641,1330641,0,1810,81,1,0,3.6,0.0404,0.5202,0.4305,6.2,0.3919,0,34,0.3125,0,10.8,0.445,0,7.3,0.4066,0,9.5,0.1987,0,15.7,0.4363,0,0,0,0,11.3,0.7464,16.5781084,0.3641,1.7,0.1834,11,0.5602,16.10512129,0.6682,0,0,11.2,0.2979,12.06185567,0.5583,23.2,0.7698,2.3,0.1373,0.4286,0.3373,0.939893001,0.2791,41.61836066,0.3259,2.6,0.3395,14.5,0.6859,8.866995074,0.1054,0.333333333,0.458,0,0,0.3134,0.1773,0.2363,0.0936
13,GA,Georgia,30642,1330642,0,11001,89,1,0,6.433333333,0.1123,0.5562,0.5102,8.2,0.8138,1,38.6,0.6637,0,16.1,0.9258,1,9,0.6883,1,10.4,0.5077,0,15.5,0.4065,0,3,0.5,0.6536,13.3,0.8117,27.80944625,0.6913,5.9,0.6796,10.7,0.5445,13.63271852,0.503,0.887447734,0.6394,13.4,0.4479,8.13133539,0.3124,30.5,0.9067,5.4,0.4912,0.6028,0.7724,1.757218022,0.4742,55.73829141,0.187,7.1,0.734,13,0.6524,23.94797246,0.5202,0.333333333,0.458,0.333333333,0.6092,0.5193,0.6923,0.6571,0.8283
13,GA,Georgia,30643,1330643,0,16382,89,1,0,3.8,0.0447,0.5224,0.4363,8.3,0.8276,1,36.6,0.495,0,14.9,0.8763,1,9.8,0.7902,1,10.5,0.545,0,16.9,0.6143,0,3,0.5,0.6536,11.9,0.7676,30.38339782,0.7495,4.5,0.5199,17.7,0.7916,15.60988479,0.6374,0.615889961,0.5803,21.5,0.8414,10.31446541,0.4472,22.8,0.7558,3.6,0.2353,0.6326,0.836,3.263314551,0.5996,34.92897761,0.3906,5.9,0.6549,19.3,0.774,27.28055077,0.6131,0,0,0,0,0.4332,0.48,0.6015,0.7477
13,GA,Georgia,30646,1330646,0,6946,51,0.75,0,3.8,0.0447,0.3974,0.2042,6.1,0.3702,0,36.9,0.5192,0,11.7,0.5779,0,7.8,0.4911,0,10.2,0.4313,0,17.1,0.6422,0,0,0,0,13.2,0.8092,22.41428983,0.5461,6,0.6889,16.2,0.7536,9.659418896,0.2229,1.193092622,0.6882,18.6,0.7429,9.570855202,0.4015,17.2,0.4564,8.3,0.8775,0.6187,0.8065,3.899749515,0.6246,38.51386529,0.3564,4,0.4889,28,0.8816,36.33417357,0.7888,0,0,0,0,0.4486,0.5209,0.3829,0.3278
13,GA,Georgia,30648,1330648,0,2988,20,0.25,0,3.7,0.0437,0.1468,0.0113,7.5,0.6855,1,36.6,0.495,0,14.3,0.8406,1,9.3,0.7305,1,10.8,0.6526,0,17.9,0.7441,1,4,0.6667,0.7602,12.2,0.7781,22.11122211,0.537,7.3,0.7861,22.5,0.883,14.10472973,0.5366,0,0,16.2,0.6242,14.91097923,0.7098,22.8,0.7558,5.6,0.5283,0.6139,0.7964,1.105765975,0.3308,59.25150307,0.1553,2.6,0.3395,45.6,0.975,19.80886186,0.3935,0,0,0.333333333,0.6092,0.4005,0.3892,0.4893,0.5419
13,GA,Georgia,30650,1330650,0,11708,80,1,0,4.366666667,0.0576,0.5288,0.4504,5.9,0.3285,0,35.2,0.385,0,11.7,0.5779,0,6.6,0.2966,0,10,0.3568,0,15.3,0.3772,0,0,0,0,10.7,0.7223,12.25010634,0.2302,2,0.2068,11.1,0.5647,13.17655002,0.4682,0.159829515,0.4361,16.1,0.6182,10.94890511,0.4875,19.3,0.5897,6.3,0.6495,0.4973,0.51,1.373320657,0.4029,52.21733926,0.221,5.1,0.5889,15.1,0.6981,26.55217966,0.593,0.333333333,0.458,0,0,0.4231,0.451,0.3528,0.2724
13,GA,Georgia,30655,1330655,0,24136,56,0.75,0,3.6,0.0404,0.3952,0.2004,6.3,0.4138,0,37.6,0.5798,0,12.4,0.6687,1,7.9,0.5077,0,10.7,0.6183,0,18.2,0.7754,1,2,0.3333,0.5404,15.5,0.8695,28.99608056,0.7183,6.9,0.7596,16.7,0.7665,11.41983586,0.3373,0.50435207,0.5523,14.5,0.5195,13.03831032,0.6153,14.1,0.2635,7.3,0.7914,0.6193,0.8077,4.970918832,0.6559,50.03183905,0.2415,5.5,0.6227,7.1,0.4989,39.28687196,0.825,0.666666667,0.618,0,0,0.4946,0.6373,0.5464,0.6537
13,GA,Georgia,30656,1330656,0,15133,61,0.75,0,3.65,0.0431,0.3966,0.2031,6,0.3488,0,36.5,0.4862,0,11.8,0.5913,0,7.3,0.4066,0,10.1,0.3953,0,16.9,0.6143,0,0,0,0,11.1,0.7383,16.24642406,0.352,4.7,0.5454,11,0.5602,9.332773815,0.2041,0.069662139,0.4046,11.1,0.2923,11.56751027,0.5264,17.8,0.494,6.1,0.6163,0.4734,0.4472,3.349975001,0.6033,48.7475471,0.2545,2.7,0.3494,3.4,0.3609,21.88651437,0.4561,0.333333333,0.458,0.333333333,0.6092,0.4416,0.5017,0.288,0.1604
13,GA,Georgia,30660,1330660,0,1191,74,0.75,0,4,0.0497,0.3998,0.2111,8.3,0.8276,1,41.3,0.841,1,17.1,0.9524,1,10.2,0.8312,1,11.2,0.7745,1,18,0.755,1,6,1,0.9102,18.3,0.9155,35.44407895,0.8363,3.6,0.3956,21.1,0.8616,10.20408163,0.2562,3.225806452,0.8425,15.6,0.5888,12.41830065,0.5803,15.4,0.3402,9.7,0.9358,0.6553,0.8806,0.452649742,0.1051,62.82705466,0.1232,7.2,0.7397,36.2,0.9393,30.7486631,0.6934,0,0,0.333333333,0.6092,0.4586,0.5471,0.6372,0.8022
13,GA,Georgia,30662,1330662,0,8537,60,0.75,0,3.6,0.0404,0.3952,0.2004,7.8,0.7465,1,37.1,0.5357,0,13.3,0.7643,1,9.6,0.7675,1,10.8,0.6526,0,18.5,0.8042,1,4,0.6667,0.7602,15.9,0.8777,37.85377358,0.8673,5.4,0.6279,20.8,0.8559,15.91225089,0.6569,0.276974952,0.4812,21.2,0.8334,14.39864483,0.686,16.9,0.437,7.1,0.7677,0.7091,0.9583,3.103293671,0.5923,38.26058254,0.359,6.7,0.7099,26.3,0.8635,36.98507463,0.7971,0,0,0,0,0.4745,0.5895,0.6271,0.7873
13,GA,Georgia,30663,1330663,0,3032,78,1,0,4.5,0.0603,0.5302,0.4544,7,0.5757,0,37.1,0.5357,0,13.1,0.7454,1,8.5,0.6098,0,10.4,0.5077,0,16.8,0.5996,0,1,0.1667,0.3497,15.7,0.8733,29.30875576,0.7247,4.9,0.5698,21.5,0.8676,8.284939992,0.1537,0,0,16.9,0.6623,19.02332362,0.8481,16.5,0.4107,4.5,0.3446,0.5455,0.6339,1.122846447,0.3362,52.68640455,0.2164,6.5,0.6972,20.3,0.789,34.41502989,0.7607,0.333333333,0.458,0,0,0.4654,0.566,0.501,0.5667
13,GA,Georgia,30665,1330665,0,80,20,0.25,0,6.6,0.1161,0.183,0.0207,7.1,0.5989,0,47.8,0.9868,1,20.2,0.988,1,10.4,0.8481,1,13.3,0.9814,1,20.9,0.944,1,5,0.8333,0.8437,13,0.8029,79.22077922,0.9941,0,0,36.8,0.9747,21.27659574,0.8774,0,0,15.6,0.5888,16,0.7559,10.4,0.1103,23.4,0.9975,0.6102,0.7883,1.880054946,0.4915,62.04603763,0.1295,0,0,23.8,0.8363,40.74074074,0.8382,0,0,0.333333333,0.6092,0.415,0.4286,0.5203,0.6033
13,GA,Georgia,30666,1330666,0,8659,51,0.75,0,3.8,0.0447,0.3974,0.2042,5.2,0.1959,0,38.4,0.6471,0,10.4,0.3856,0,6.5,0.2817,0,10.1,0.3953,0,16.7,0.5852,0,0,0,0,11,0.7345,20.54063994,0.4891,3,0.3122,14.7,0.7062,6.411712735,0.0841,0.756473669,0.6124,13.4,0.4479,9.998051062,0.4278,11.9,0.1608,5.2,0.4561,0.4431,0.3725,5.047133218,0.6581,40.6553443,0.3353,2.4,0.3173,9.5,0.5694,21.63419599,0.4484,0,0,0.333333333,0.6092,0.4197,0.4421,0.2547,0.1152
13,GA,Georgia,30667,1330667,0,1035,20,0.25,0,4,0.0497,0.1499,0.0122,6.3,0.4138,0,34,0.3125,0,12.4,0.6687,1,7,0.3587,0,9.6,0.2268,0,15.2,0.3627,0,1,0.1667,0.3497,12.4,0.7844,14.38596491,0.2948,5.5,0.6383,14.3,0.6916,13.0044843,0.4541,0.498132005,0.5505,15.1,0.5576,14.09574468,0.6714,16.6,0.4177,6.1,0.6163,0.5677,0.6909,0.405953092,0.0893,60.90847068,0.1405,2.2,0.2958,14.6,0.6879,22.95597484,0.4905,0,0,0,0,0.2434,0.0753,0.282,0.1517
13,GA,Georgia,30668,1330668,0,1924,67,0.75,0,3.733333333,0.0442,0.3971,0.2037,9.5,0.9399,1,40.3,0.7839,1,17.8,0.9653,1,10.7,0.8728,1,10.6,0.5818,0,16,0.4798,0,4,0.6667,0.7602,9.2,0.6524,27.21212121,0.6766,0.9,0.1365,16.9,0.7728,16.81476418,0.7098,0.631711939,0.5842,15.3,0.5703,12.24764468,0.5692,33.2,0.9296,4.1,0.2904,0.5892,0.7412,0.545663325,0.1388,64.7655443,0.1047,11.7,0.8866,20.7,0.7946,18.92950392,0.3659,0,0,0.333333333,0.6092,0.4143,0.4265,0.5329,0.6281
13,GA,Georgia,30669,1330669,0,3313,68,0.75,0,5.05,0.0713,0.4106,0.2278,8.8,0.8878,1,42.7,0.9017,1,18.3,0.9725,1,11,0.8921,1,11.6,0.8587,1,18.8,0.8293,1,6,1,0.9102,19.8,0.9321,43.76367615,0.9196,6.1,0.6979,21,0.8599,18.29017674,0.7824,0.518638574,0.5564,15.8,0.6011,16.66666667,0.7794,20.1,0.6342,5.5,0.51,0.7273,0.9737,0.505458545,0.1235,65.81980078,0.0969,7.9,0.7727,22.8,0.8229,33.72274143,0.7498,0.333333333,0.458,0.333333333,0.6092,0.519,0.6917,0.7008,0.8793
13,GA,Georgia,30673,1330673,0,7897,85,1,0,3.75,0.0444,0.5222,0.4361,8.3,0.8276,1,42.9,0.9088,1,17.5,0.9603,1,9.8,0.7902,1,11.1,0.7481,1,17.5,0.6969,1,6,1,0.9102,13.8,0.8269,37.90379461,0.868,3.2,0.3395,15.2,0.7226,21.5217003,0.8827,2.137002342,0.7836,17.5,0.6918,8.541043536,0.3369,23.1,0.7663,4.8,0.3895,0.6608,0.8912,0.71178076,0.2005,61.99686601,0.13,11.9,0.89,17.1,0.7368,33.55637337,0.747,0,0,0.333333333,0.6092,0.4734,0.587,0.7061,0.885
13,GA,Georgia,30677,1330677,0,17065,45,0.5,0,4.25,0.0559,0.2779,0.077,4.5,0.1016,0,29.8,0.1451,0,8.6,0.1542,0,4.9,0.098,0,9.2,0.1293,0,13.6,0.1596,0,0,0,0,6.1,0.4557,10.09885848,0.169,2.8,0.2875,5.4,0.2362,9.758035392,0.2287,1.234567901,0.6938,10.2,0.2339,5.443298969,0.1675,14.5,0.287,5.2,0.4561,0.3215,0.1241,2.374626308,0.5441,53.21209457,0.2117,1.5,0.2226,5.4,0.4409,16.33495503,0.2842,0.333333333,0.458,0.333333333,0.6092,0.3958,0.3749,0.144,0.0234
13,GA,Georgia,30678,1330678,0,1294,87,1,0,7.15,0.139,0.5695,0.543,8,0.7815,1,40.6,0.8027,1,17.3,0.9568,1,9.6,0.7675,1,11.1,0.7481,1,16.7,0.5852,0,5,0.8333,0.8437,19.9,0.9329,31.81489516,0.7765,4.7,0.5454,23.1,0.8904,9.991603694,0.2423,0,0,16.1,0.6182,12.95971979,0.6105,24.7,0.8123,3.1,0.1889,0.5617,0.6759,0.553194006,0.1415,59.73667565,0.1509,9.2,0.8242,24.7,0.8468,15.25423729,0.2526,0.333333333,0.458,0.333333333,0.6092,0.469,0.5756,0.6596,0.8312
13,GA,Georgia,30680,1330680,0,37837,67,0.75,0,3.776470588,0.0446,0.3973,0.2042,5.4,0.2301,0,39.5,0.7325,1,10.5,0.4004,0,7,0.3587,0,10.3,0.4679,0,17.6,0.7082,1,2,0.3333,0.5404,13.9,0.8293,24.37131675,0.6042,5,0.5821,14.2,0.6884,9.684636366,0.2244,2.290370799,0.7933,14.2,0.5002,11.94730108,0.5509,12.5,0.1844,7.4,0.8023,0.576,0.7098,8.820829727,0.719,39.67230946,0.3449,3.9,0.4784,6.9,0.4925,28.56083086,0.6438,0,0,0.333333333,0.6092,0.4697,0.5775,0.508,0.5794
13,GA,Georgia,30683,1330683,0,6749,52,0.75,0,3.8,0.0447,0.3974,0.2042,5.7,0.2882,0,33.8,0.3026,0,11,0.4747,0,7,0.3587,0,10.2,0.4313,0,16.9,0.6143,0,0,0,0,14.9,0.8553,22.50109441,0.5489,4.9,0.5698,15.4,0.729,14.96232508,0.5953,2.177942539,0.7858,16.9,0.6623,13.99819766,0.6666,18.1,0.5132,5.7,0.5455,0.6472,0.8648,2.752315879,0.573,42.06514844,0.3213,4.1,0.4988,27.1,0.8724,28.05012901,0.6319,0,0,0,0,0.4139,0.4254,0.3736,0.3102
13,GA,Georgia,30701,1330701,0,40053,85,1,0,5.55,0.0839,0.542,0.4797,6.4,0.4347,0,37.9,0.605,0,12.1,0.6309,0,8.6,0.6266,0,10.6,0.5818,0,18.5,0.8042,1,1,0.1667,0.3497,16.4,0.8866,30.98553099,0.7605,3.1,0.3254,22.9,0.8879,10.68475797,0.2877,6.150412623,0.9152,14.7,0.5325,11.66684051,0.5325,13.1,0.2132,6,0.5991,0.5941,0.7534,5.863916199,0.6759,39.24413157,0.349,8.1,0.7826,8.2,0.5323,40.29072194,0.8339,0,0,0,0,0.4534,0.5342,0.5292,0.6211
13,GA,Georgia,30705,1330705,0,33566,75,1,0,5.32,0.0775,0.5388,0.4727,6.2,0.3919,0,36.1,0.4532,0,11.3,0.5201,0,8.8,0.6576,0,10.6,0.5818,0,18.8,0.8293,1,1,0.1667,0.3497,14.7,0.8504,28.20642776,0.7011,6.1,0.6979,28.7,0.9427,10.0680817,0.2471,3.203999497,0.8416,12.1,0.3586,12.07396909,0.5589,14.2,0.2691,6.5,0.6827,0.615,0.7988,2.671610275,0.5669,61.7092904,0.133,4.2,0.5078,33.6,0.9255,31.3715752,0.7061,0,0,0,0,0.4056,0.4023,0.5059,0.5761
13,GA,Georgia,30707,1330707,0,16483,76,1,0,5.533333333,0.0833,0.5416,0.4793,6.4,0.4347,0,37.3,0.5528,0,11.6,0.564,0,8.3,0.5766,0,10.3,0.4679,0,17.5,0.6969,1,1,0.1667,0.3497,13.3,0.8117,26.53862415,0.6602,3.2,0.3395,12.7,0.6326,12.37662541,0.4078,0,0,19.1,0.7636,14.24748311,0.6789,17.8,0.494,4.3,0.3166,0.5105,0.5439,1.606159559,0.4504,52.32487078,0.22,2.2,0.2958,13.3,0.6588,23.9601455,0.5206,0,0,0,0,0.3065,0.1643,0.3843,0.3305
13,GA,Georgia,30708,1330708,0,293,20,0.25,1,4.8,0.0645,0.1572,0.0139,7.2,0.622,0,35.1,0.3779,0,11.7,0.5779,0,9.6,0.7675,1,10.4,0.5077,0,18.3,0.786,1,2,0.3333,0.5404,42.3,0.9949,9.543568465,0.1526,13.5,0.9453,52.6,0.994,17.43589744,0.7428,0,0,25.7,0.9183,7.432432432,0.2707,10,0.0986,7.9,0.8489,0.5966,0.7584,0.382026924,0.0817,84.20526927,0.0018,0,0,36.3,0.94,34.73684211,0.7658,0,0,0,0,0.2556,0.088,0.3502,0.2679
13,GA,Georgia,30710,1330710,0,6661,59,0.75,0,5.3,0.0768,0.4134,0.2343,6.2,0.3919,0,35.2,0.385,0,11.2,0.5047,0,8.1,0.5414,0,10.1,0.3953,0,17.5,0.6969,1,1,0.1667,0.3497,10.9,0.7304,22.31855685,0.5433,4.7,0.5454,16.4,0.7584,6.167071575,0.0768,0.359227661,0.5093,11.7,0.3311,9.040074557,0.3669,15.3,0.3345,6.7,0.7131,0.4909,0.4927,1.634515705,0.4555,49.74222167,0.2443,0.4,0.1471,16.7,0.7299,18.62011638,0.356,0,0,0,0,0.2761,0.1143,0.2978,0.1759
13,GA,Georgia,30711,1330711,0,3569,52,0.75,0,4.9,0.0671,0.4086,0.2241,6.9,0.5508,0,35.3,0.3931,0,11.6,0.564,0,9.3,0.7305,1,10.5,0.545,0,18.2,0.7754,1,2,0.3333,0.5404,9.8,0.6824,22.57468432,0.5509,4.1,0.4656,29.7,0.9481,12.06384558,0.3854,0,0,19.6,0.7828,16.49294911,0.7751,18.1,0.5132,5,0.4216,0.5525,0.6519,0.98540022,0.2944,61.24430839,0.1373,8.3,0.791,38.5,0.9513,17.95800145,0.3343,0,0,0,0,0.3583,0.2788,0.4238,0.4099
13,GA,Georgia,30720,1330720,0,26895,66,0.75,0,5.333333333,0.0777,0.4138,0.2346,6.3,0.4138,0,35,0.3715,0,11.8,0.5913,0,7.5,0.4403,0,9.9,0.3207,0,17.3,0.6711,1,1,0.1667,0.3497,19.2,0.926,26.98110332,0.6707,4.9,0.5698,27.1,0.932,12.03703704,0.3835,9.469085757,0.9482,10.5,0.2522,10.47329709,0.457,15.6,0.3529,7.3,0.7914,0.6284,0.8275,12.75646176,0.7578,60.28787262,0.1461,7,0.7285,3.6,0.3699,45.26168426,0.8781,0,0,0,0,0.4115,0.4185,0.4576,0.4794
13,GA,Georgia,30721,1330721,0,53601,70,0.75,0,5.290909091,0.0768,0.4134,0.2343,6.3,0.4138,0,38.1,0.6214,0,13,0.736,1,8.3,0.5766,0,10.5,0.545,0,19.4,0.8742,1,2,0.3333,0.5404,16.8,0.894,33.99020283,0.814,6.2,0.7067,38.6,0.9785,11.49229459,0.3431,13.21512675,0.9686,10.5,0.2522,9.678472336,0.4085,12,0.165,6.4,0.6659,0.6196,0.8083,8.476577062,0.7148,43.93305095,0.3037,5.9,0.6549,19.8,0.7814,38.50790842,0.8155,0,0,0,0,0.4672,0.5711,0.5385,0.6392
13,GA,Georgia,30725,1330725,0,4647,48,0.5,0,5.4,0.0783,0.2892,0.0875,6.9,0.5508,0,36.9,0.5192,0,12,0.6182,0,8.8,0.6576,0,10.4,0.5077,0,17.6,0.7082,1,1,0.1667,0.3497,6.7,0.5012,17.33453399,0.3879,7.7,0.809,21.7,0.8702,7.885714286,0.1369,1.041666667,0.6651,17.2,0.6769,8.342303552,0.3251,22,0.7258,7.1,0.7677,0.5866,0.7349,4.041816998,0.6286,55.22407661,0.1927,5,0.5802,6,0.4622,18.24020552,0.3434,0,0,0,0,0.3153,0.1811,0.3383,0.246
13,GA,Georgia,30726,1330726,0,56,-999,-999,-999,5.4,0.0783,0.0783,0.0022,6.2,0.3919,0,36.8,0.5112,0,10.3,0.3721,0,7.1,0.3747,0,9.5,0.1987,0,15,0.3345,0,0,0,0,-999,-999,-999,-999,-999,-999,-999,-999,-999,-999,-999,-999,-999,-999,-999,-999,-999,-999,-999,-999,-999,-999,9.493976151,0.7269,49.0156658,0.2516,-999,-999,0,0,-999,-999,0,0,0,0,0.1957,0.0352,0.0125,0
13,GA,Georgia,30728,1330728,0,19612,72,0.75,0,5.45,0.0818,0.4159,0.2365,7.2,0.622,0,38.2,0.63,0,12.9,0.7251,1,9.5,0.7561,1,10.7,0.6183,0,18.3,0.786,1,3,0.5,0.6536,11,0.7345,31.19574489,0.7649,6,0.6889,19.8,0.8366,12.66326328,0.43,0.529572148,0.5589,19.1,0.7636,10.8378442,0.481,17.5,0.4747,6.6,0.6979,0.6431,0.8573,2.035328504,0.5107,56.04305971,0.184,6.8,0.7159,17,0.7351,31.50883672,0.7088,0,0,0,0,0.4078,0.4085,0.539,0.6402
13,GA,Georgia,30730,1330730,0,1993,90,1,0,4.7,0.0634,0.5317,0.4583,6.8,0.5269,0,34.5,0.3403,0,11.8,0.5913,0,8.3,0.5766,0,10.1,0.3953,0,17,0.6282,0,0,0,0,13.1,0.806,25.11848341,0.6236,6.7,0.7454,27.9,0.9374,12.89092296,0.4462,0,0,11.6,0.3249,17.3216885,0.8023,20.4,0.6507,5.8,0.5645,0.5901,0.743,0.840023178,0.2459,58.64130053,0.1612,3.4,0.4265,23.3,0.8297,16.54778887,0.2905,0,0,0,0,0.2791,0.1189,0.33,0.2305
13,GA,Georgia,30731,1330731,0,2428,94,1,0,5.35,0.078,0.539,0.4729,8,0.7815,1,36.7,0.5029,0,13.6,0.7898,1,10,0.8125,1,10.2,0.4313,0,17.3,0.6711,1,4,0.6667,0.7602,7.6,0.5621,23.50907519,0.5795,6.6,0.7392,10.9,0.5554,14.88062188,0.5896,0,0,12.4,0.3801,12.53381425,0.5878,20.4,0.6507,4.6,0.3594,0.5004,0.5181,0.523859866,0.131,63.94414785,0.1126,3.6,0.4467,15.4,0.7037,23.30978809,0.501,0,0,0,0,0.2707,0.1072,0.4646,0.4933
13,GA,Georgia,30733,1330733,0,2080,62,0.75,0,5.8,0.0913,0.4207,0.2469,7,0.5757,0,37,0.5277,0,12.3,0.6561,0,9.1,0.7023,1,10.4,0.5077,0,17.7,0.7205,1,2,0.3333,0.5404,12.7,0.7939,43.1547619,0.9155,9,0.8618,32.3,0.96,14.67283543,0.5757,0.793231095,0.6201,22.2,0.8588,10.35911602,0.4499,17.6,0.4816,6.7,0.7131,0.723,0.9702,2.122776006,0.521,52.85553154,0.2148,4.5,0.5366,30.6,0.9042,29.25531915,0.661,0,0,0,0,0.4054,0.4018,0.5398,0.6419
13,GA,Georgia,30734,1330734,0,3466,87,1,0,5.6,0.0846,0.5423,0.4805,6.5,0.4567,0,35.1,0.3779,0,11.4,0.5354,0,8.4,0.5936,0,10.1,0.3953,0,16.8,0.5996,0,0,0,0,14.4,0.8427,34.42350333,0.8211,4,0.4518,19.2,0.8247,11.51079137,0.3445,0.43956044,0.5333,21.1,0.8304,27.43475493,0.9512,17.5,0.4747,11.7,0.969,0.7043,0.9535,1.101250184,0.3297,64.30602527,0.1089,2.2,0.2958,33.9,0.9271,25.54144884,0.5658,0,0,0,0,0.3182,0.1873,0.4053,0.3722
13,GA,Georgia,30735,1330735,0,6153,81,1,0,5.6,0.0846,0.5423,0.4805,6.8,0.5269,0,37.5,0.5708,0,12.2,0.643,0,9.5,0.7561,1,10.8,0.6526,0,19.1,0.8527,1,2,0.3333,0.5404,14.3,0.8402,30.98109275,0.7604,5.1,0.5944,23.5,0.8956,9.266017843,0.2016,4.788129111,0.8897,19.5,0.7794,16.74723757,0.7829,18.2,0.5198,2.7,0.1606,0.6425,0.8562,1.912152707,0.496,44.62102145,0.2964,6.7,0.7099,30.1,0.9002,19.63164504,0.3884,0,0,0,0,0.3987,0.3835,0.5652,0.6886
13,GA,Georgia,30736,1330736,0,41029,55,0.75,0,5.4,0.0783,0.4142,0.2348,5.4,0.2301,0,36.2,0.4616,0,9.3,0.2325,0,6.6,0.2966,0,9.9,0.3207,0,16.2,0.5096,0,0,0,0,11.3,0.7464,15.64413552,0.3327,3.9,0.4372,9.7,0.4927,9.96626327,0.2411,0.405846177,0.5235,13.1,0.4271,9.693216189,0.4095,16,0.3791,5.7,0.5455,0.4535,0.3979,5.733662448,0.6737,45.97406038,0.2827,2.7,0.3494,12.6,0.6436,19.22307543,0.3755,0,0,0,0,0.3321,0.2173,0.2125,0.0696
13,GA,Georgia,30738,1330738,0,3799,20,0.25,0,5.55,0.0839,0.1669,0.0163,7.2,0.622,0,35.8,0.4297,0,12.2,0.643,0,8.6,0.6266,0,10,0.3568,0,16.3,0.5238,0,0,0,0,12.5,0.7875,15.87773871,0.3405,5.2,0.6062,17.8,0.7941,13.91189135,0.5227,0,0,19.8,0.7904,12.06791995,0.5586,23.6,0.7815,4.3,0.3166,0.5498,0.6446,0.895838092,0.2645,69.64607029,0.0684,4,0.4889,12.1,0.6331,13.21585903,0.1985,0,0,0,0,0.2362,0.0677,0.1821,0.0447
13,GA,Georgia,30739,1330739,0,5571,65,0.75,0,5.266666667,0.0764,0.4132,0.2342,5.3,0.2126,0,35.3,0.3931,0,9.4,0.2446,0,6.4,0.2664,0,9.5,0.1987,0,15.8,0.4506,0,0,0,0,6.4,0.4789,12.95752896,0.2507,7.9,0.8182,12.9,0.6405,10.09326425,0.249,0,0,15.4,0.5765,12.39809783,0.5788,14.2,0.2691,7.8,0.8407,0.4702,0.4383,3.473718534,0.6094,40.23961962,0.3393,0.7,0.1614,4.7,0.414,25.34722222,0.5605,0,0,0,0,0.2978,0.1486,0.2053,0.0631
13,GA,Georgia,30740,1330740,0,8600,49,0.5,0,5.466666667,0.0819,0.291,0.0886,6,0.3488,0,35,0.3715,0,10.9,0.4592,0,7.4,0.4245,0,9.9,0.3207,0,17,0.6282,0,0,0,0,11.5,0.7537,22.02183199,0.5345,2.7,0.2762,15.4,0.729,10.81853747,0.2961,0.76373491,0.6138,14.9,0.5456,6.441183785,0.2172,18.6,0.5455,3.7,0.2453,0.4757,0.4534,2.405161769,0.5465,60.30934383,0.146,4.6,0.5448,20.6,0.7932,15.96946565,0.273,0,0,0,0,0.3291,0.2101,0.188,0.0486
13,GA,Georgia,30741,1330741,0,29290,62,0.75,0,5.4,0.0783,0.4142,0.2348,7.6,0.7055,1,38.2,0.63,0,12.9,0.7251,1,9.9,0.8025,1,10.8,0.6526,0,18.5,0.8042,1,4,0.6667,0.7602,14.5,0.8455,31.57745178,0.7726,5.3,0.6166,21,0.8599,15.72515057,0.6451,0.335793358,0.5009,23.9,0.8923,12.59075908,0.5905,20.8,0.671,5,0.4216,0.6816,0.9246,15.15899008,0.7765,40.80028161,0.3339,6.2,0.677,12.7,0.6456,34.52576873,0.7626,0,0,0,0,0.4565,0.5418,0.6154,0.7697
13,GA,Georgia,30742,1330742,0,7460,73,0.75,0,5.4,0.0783,0.4142,0.2348,6.9,0.5508,0,36.6,0.495,0,11,0.4747,0,8.2,0.5596,0,10.4,0.5077,0,17.5,0.6969,1,1,0.1667,0.3497,12.1,0.7749,23.62019357,0.5828,8.2,0.8322,13.2,0.652,16.54109589,0.6938,0.330033003,0.4989,18.6,0.7429,8.829819737,0.354,19.4,0.5958,7.7,0.832,0.6559,0.8821,40.64175211,0.9048,15.89087137,0.6027,14.2,0.9219,0.7,0.2191,47.9075996,0.8954,0,0,0,0,0.5063,0.6647,0.5328,0.6279
13,GA,Georgia,30746,1330746,0,1223,79,1,0,-999,-999,1,0.9934,7.8,0.7465,1,39.2,0.7106,1,13.9,0.8114,1,10.5,0.8565,1,10.7,0.6183,0,18.4,0.7949,1,5,0.8333,0.8437,5.4,0.3997,34.43902439,0.8215,4,0.4518,16.8,0.77,16.18357488,0.673,0,0,34.8,0.9729,12.1085595,0.561,15.8,0.3647,1.7,0.1131,0.5128,0.5496,1.449388997,0.4199,52.04290979,0.2227,7.7,0.7633,24.6,0.8457,33.11827957,0.7394,0,0,0,0,0.4273,0.4625,0.7123,0.8907
13,GA,Georgia,30747,1330747,0,16859,82,1,0,5.1,0.0719,0.536,0.4659,8,0.7815,1,38.5,0.6554,0,14.3,0.8406,1,10.5,0.8565,1,10.9,0.6871,1,19.3,0.8671,1,5,0.8333,0.8437,12.3,0.7811,36.13193403,0.8465,6.4,0.7227,25.9,0.9219,16.97369627,0.7187,0,0,18.9,0.7552,12.55656109,0.5888,17.7,0.4882,5.5,0.51,0.6333,0.8376,1.348828738,0.3972,59.45021836,0.1535,8,0.7779,20.3,0.789,31.38381201,0.7063,0,0,0,0,0.4034,0.397,0.636,0.8003
13,GA,Georgia,30750,1330750,0,4125,82,1,0,5.5,0.0824,0.5412,0.4782,4.7,0.1251,0,30.4,0.1636,0,8,0.1016,0,5.6,0.1678,0,10.1,0.3953,0,17.8,0.7322,1,1,0.1667,0.3497,10,0.6909,19.38352104,0.4534,3.9,0.4372,9.4,0.4772,10.22290546,0.2571,0.137741047,0.4274,9.4,0.1847,6.878306878,0.2395,14.8,0.3039,4.4,0.3298,0.3801,0.2291,2.200253651,0.5284,67.26049269,0.0854,2.4,0.3173,3,0.3431,17.98107256,0.3351,0,0,0,0,0.2299,0.0613,0.2796,0.148
13,GA,Georgia,30751,1330751,0,91,-999,-999,-999,4.8,0.0645,0.0645,0.002,6.9,0.5508,0,34.9,0.3647,0,11.2,0.5047,0,9.1,0.7023,1,10.8,0.6526,0,18.8,0.8293,1,2,0.3333,0.5404,0,0,34.7826087,0.8271,0,0,39.1,0.9796,0,0,0,0,39.1,0.9819,40,0.9856,65.2,0.9929,0,0,0.4767,0.4558,10.15143127,0.734,36.70993297,0.3738,0,0,40,0.9577,0,0,0,0,0,0,0.2951,0.1439,0.2855,0.1569
13,GA,Georgia,30752,1330752,0,9800,94,1,0,5.5,0.0824,0.5412,0.4782,6.8,0.5269,0,35.6,0.415,0,11.3,0.5201,0,8.7,0.6428,0,10.4,0.5077,0,18.1,0.7656,1,1,0.1667,0.3497,13,0.8029,26.68646081,0.664,3.4,0.3672,19.9,0.8386,12.45949926,0.4149,0.698187163,0.5998,19.3,0.7716,17.08387097,0.7948,18.4,0.5328,5.2,0.4561,0.6243,0.8184,2.399608604,0.546,56.79410664,0.1777,5,0.5802,24,0.8387,33.86408871,0.7518,0,0,0,0,0.4135,0.4243,0.5177,0.5983
13,GA,Georgia,30753,1330753,0,6697,66,0.75,0,4.8,0.0645,0.4072,0.2232,7.6,0.7055,1,36.9,0.5192,0,12.9,0.7251,1,10.2,0.8312,1,10.8,0.6526,0,19.5,0.8812,1,4,0.6667,0.7602,18.7,0.9201,34.46795915,0.8222,2.6,0.2638,26.1,0.9235,15.04796163,0.6013,5.775500699,0.9087,15.6,0.5888,15.85204756,0.7505,13.1,0.2132,6.3,0.6495,0.6642,0.897,2.6601603,0.5658,55.55357718,0.1888,2.7,0.3494,29.8,0.8973,32.29166667,0.7244,0,0,0,0,0.3894,0.3572,0.5594,0.6777
13,GA,Georgia,30755,1330755,0,9590,47,0.5,0,5.4,0.0783,0.2892,0.0875,6.1,0.3702,0,36.4,0.4783,0,10.8,0.445,0,7.9,0.5077,0,10.2,0.4313,0,17.8,0.7322,1,1,0.1667,0.3497,15.4,0.8669,22.6269882,0.5522,7.4,0.7922,22,0.8751,9.873772791,0.2348,0.938757264,0.6473,15.5,0.5824,13.73600746,0.6531,13.4,0.2272,8.5,0.8892,0.632,0.8349,4.744791969,0.65,47.71332814,0.2643,3.6,0.4467,20,0.7845,27.24935733,0.6118,0,0,0,0,0.3939,0.3698,0.4105,0.3828
13,GA,Georgia,30756,1330756,0,74,20,0.25,1,-999,-999,0.25,0.0472,6.3,0.4138,0,31.5,0.2034,0,10.9,0.4592,0,7.1,0.3747,0,9.4,0.173,0,16.4,0.5396,0,0,0,0,43.4,0.9954,82.51748252,0.9951,0,0,79.1,0.9988,14.58333333,0.5698,0,0,11.9,0.3447,8.620689655,0.3416,6.3,0.0377,32.9,0.9993,0.5282,0.5901,8.421678847,0.7143,47.3071066,0.2686,16.9,0.9433,72.2,0.9975,63.38028169,0.9564,0,0,0,0,0.5543,0.7635,0.3502,0.2679
13,GA,Georgia,30757,1330757,0,1787,20,0.25,0,-999,-999,0.25,0.0472,7.2,0.622,0,35.7,0.4217,0,12.3,0.6561,0,8.7,0.6428,0,10.3,0.4679,0,17.3,0.6711,1,1,0.1667,0.3497,15.5,0.8695,27.1102284,0.6739,18.8,0.9749,28.5,0.9413,11.39401655,0.3354,0,0,18.2,0.7246,26.2195122,0.9426,26,0.8428,0.5,0.0833,0.6388,0.8484,2.019870703,0.5088,57.5532044,0.1711,13.9,0.9183,33.9,0.9271,29.0684624,0.6563,0,0,0,0,0.4545,0.5369,0.4456,0.4547
13,GA,Georgia,30802,1330802,0,6321,89,1,0,4.4,0.0577,0.5288,0.4504,5.8,0.3082,0,36.5,0.4862,0,11,0.4747,0,6.4,0.2664,0,9.5,0.1987,0,14.9,0.322,0,0,0,0,10.5,0.7133,16.9023457,0.3732,5.9,0.6796,8.8,0.4436,11.40408701,0.3362,0.067351406,0.4039,20.6,0.8152,13.83801384,0.6585,22.8,0.7558,3.8,0.2556,0.5435,0.6294,1.03684475,0.3109,65.69359927,0.0978,0.8,0.1672,27.6,0.8775,14.16758545,0.223,0,0,0.666666667,0.797,0.3533,0.2661,0.3365,0.2429
13,GA,Georgia,30803,1330803,0,741,20,0.25,0,6.8,0.1234,0.1867,0.0219,7.4,0.665,0,40.5,0.7968,1,14.5,0.8542,1,9.6,0.7675,1,10.9,0.6871,1,18.3,0.786,1,5,0.8333,0.8437,20.3,0.9368,27.20812183,0.6765,10.7,0.9054,20,0.8407,7,0.1031,0,0,17.6,0.6964,16.47727273,0.7747,15.1,0.322,10.4,0.9511,0.6207,0.8104,0.706956271,0.1987,56.8393718,0.1774,0.3,0.1442,26.5,0.8656,20.46979866,0.4125,0,0,0.333333333,0.6092,0.3439,0.2428,0.4797,0.5233
13,GA,Georgia,30805,1330805,0,2734,58,0.75,0,5.266666667,0.0764,0.4132,0.2342,6.6,0.4802,0,37.9,0.605,0,13.4,0.7728,1,8.5,0.6098,0,10.7,0.6183,0,18.4,0.7949,1,2,0.3333,0.5404,16.2,0.8831,41.94352159,0.9055,7,0.7668,20.4,0.8486,12.64120495,0.4285,1.949229374,0.7697,13.5,0.4541,29.33753943,0.9615,19.4,0.5958,8.4,0.8831,0.7497,0.986,1.80939336,0.482,45.65082446,0.2857,3.3,0.4149,57.1,0.9903,20.75892857,0.4224,0,0,0.333333333,0.6092,0.4578,0.5448,0.5764,0.7071
13,GA,Georgia,30807,1330807,0,92,20,0.25,0,6.4,0.1087,0.1794,0.0196,8.5,0.8538,1,42.9,0.9088,1,18.3,0.9725,1,10.8,0.8794,1,11.8,0.8893,1,17.9,0.7441,1,6,1,0.9102,4.9,0.3565,20.48192771,0.4872,2.5,0.2531,19.4,0.8287,24,0.9212,0,0,17.3,0.6821,20.51282051,0.8786,9.6,0.0881,3.6,0.2353,0.4731,0.4463,6.824660524,0.692,50.69433539,0.2352,15.8,0.935,20.4,0.7906,15.78947368,0.2682,0,0,0.333333333,0.6092,0.5043,0.6603,0.5091,0.5818
13,GA,Georgia,30808,1330808,0,4615,79,1,0,4.8,0.0645,0.5322,0.4588,7.8,0.7465,1,40.8,0.8143,1,15.6,0.9069,1,10.6,0.8648,1,11.3,0.7987,1,19.7,0.8931,1,6,1,0.9102,16,0.8796,39.98075535,0.8886,8.1,0.8276,17.8,0.7941,7.587488386,0.1246,0,0,15.8,0.6011,24.3622449,0.9283,21.1,0.6859,5.3,0.474,0.6204,0.8096,1.504699171,0.4314,52.67458656,0.2165,1.7,0.2412,46,0.9757,22.26748133,0.4685,0,0,0.666666667,0.797,0.4472,0.5166,0.6738,0.8494
13,GA,Georgia,30809,1330809,0,38168,72,0.75,0,4.725,0.064,0.407,0.223,4.4,0.091,0,33.2,0.2737,0,8.6,0.1542,0,4.7,0.0817,0,9.1,0.1116,0,13.6,0.1596,0,0,0,0,5.5,0.4076,9.553742403,0.153,4.6,0.5327,4.9,0.2059,7.891526962,0.1371,1.205747101,0.6901,10.7,0.2653,5.041749864,0.15,13.8,0.2479,6.3,0.6495,0.3439,0.1599,13.75254954,0.7655,50.11331894,0.2406,3,0.381,1.6,0.2769,15.45689773,0.2585,0,0,0.666666667,0.797,0.3885,0.3551,0.1845,0.0464
13,GA,Georgia,30810,1330810,0,2138,79,1,0,6.05,0.1,0.55,0.4966,7.8,0.7465,1,35.2,0.385,0,13.1,0.7454,1,9.7,0.7788,1,10.6,0.5818,0,17.8,0.7322,1,4,0.6667,0.7602,7.4,0.549,27.28658537,0.6783,2.7,0.2762,24.5,0.9073,12.47637051,0.4161,0,0,17,0.6673,12.65397536,0.5935,17.3,0.4628,1.5,0.1062,0.4657,0.4273,0.901431201,0.2667,59.08278006,0.1567,7.9,0.7727,39.2,0.9545,30.16085791,0.6805,0.333333333,0.458,0.333333333,0.6092,0.5569,0.7685,0.6132,0.7666
13,GA,Georgia,30812,1330812,0,363,20,0.25,1,4.6,0.0612,0.1556,0.0135,8.6,0.8659,1,41.4,0.8459,1,17.6,0.9621,1,10.5,0.8565,1,10.2,0.4313,0,16.2,0.5096,0,4,0.6667,0.7602,12.7,0.7939,84.12698413,0.9956,0,0,25.4,0.917,-999,-999,0,0,55.6,0.9951,0,0,72.2,0.9949,0,0,0.5218,0.5733,49.81267264,0.9372,5.437037037,0.7815,-999,-999,-999,-999,-999,-999,0.333333333,0.458,0.333333333,0.6092,0.6965,0.9393,0.5716,0.6997
13,GA,Georgia,30813,1330813,0,30415,61,0.75,0,4.733333333,0.064,0.407,0.223,4,0.058,0,36.4,0.4783,0,8.5,0.1447,0,5.1,0.1156,0,9.8,0.2874,0,16.5,0.5552,0,0,0,0,7.8,0.5742,12.64154876,0.2409,4.4,0.5068,9,0.455,8.79179642,0.1774,2.519600942,0.8067,11.6,0.3249,12.36165159,0.5766,8.4,0.0635,7.3,0.7914,0.4517,0.3929,12.06795898,0.7521,49.84913189,0.2433,3.1,0.3928,10.5,0.5952,26.00561964,0.5782,0,0,0.666666667,0.797,0.4798,0.6029,0.3047,0.1866
13,GA,Georgia,30814,1330814,0,8150,55,0.75,0,4.933333333,0.068,0.409,0.2244,5.6,0.2682,0,37.2,0.5442,0,10.9,0.4592,0,6.7,0.3111,0,10,0.3568,0,16.1,0.4949,0,0,0,0,15.1,0.8604,21.79590893,0.5275,6,0.6889,15,0.7168,12.16278006,0.3922,0.073592543,0.406,13.6,0.4604,15.86975653,0.7511,12.7,0.1934,6,0.5991,0.5596,0.671,2.172708074,0.5258,63.16433721,0.1194,3.8,0.4672,20.9,0.7975,21.95393759,0.4588,0,0,0.666666667,0.797,0.4522,0.5313,0.3567,0.2795
13,GA,Georgia,30815,1330815,0,39640,68,0.75,0,4.933333333,0.068,0.409,0.2244,5.4,0.2301,0,41,0.8256,1,14.1,0.8264,1,7,0.3587,0,11.3,0.7987,1,18.2,0.7754,1,4,0.6667,0.7602,11.2,0.7422,26.55949172,0.6609,9,0.8618,13.1,0.6485,10.97191415,0.306,0.486783697,0.5471,19.5,0.7794,8.720051802,0.348,12.2,0.1727,4.8,0.3895,0.5456,0.6343,4.36384429,0.6387,51.20679131,0.2308,4.7,0.5539,21.3,0.8035,30.27607145,0.6829,0.333333333,0.458,0.666666667,0.797,0.595,0.83,0.6122,0.7651
13,GA,Georgia,30816,1330816,0,2109,64,0.75,0,5.85,0.0943,0.4222,0.2476,8.3,0.8276,1,40.8,0.8143,1,17.3,0.9568,1,10.1,0.8222,1,11.2,0.7745,1,17.8,0.7322,1,6,1,0.9102,9.2,0.6524,19.47229551,0.4558,2.6,0.2638,19.3,0.8267,10.68943707,0.2879,0,0,19.1,0.7636,9.344660194,0.3864,21.3,0.6948,5.6,0.5283,0.486,0.4793,0.683256108,0.1898,55.31237259,0.1917,13.1,0.9091,36.8,0.9428,27.4559194,0.6177,0,0,0.333333333,0.6092,0.4943,0.6365,0.5684,0.6946
13,GA,Georgia,30817,1330817,0,7676,81,1,0,3.9,0.048,0.524,0.4421,7.6,0.7055,1,39.2,0.7106,1,15.5,0.9033,1,9.2,0.7166,1,10.8,0.6526,0,17,0.6282,0,4,0.6667,0.7602,13.6,0.8212,29.25107829,0.7235,3.4,0.3672,18.2,0.8035,18.33989501,0.7841,0.340274942,0.5021,15.7,0.5947,16.04409063,0.7578,22.2,0.7337,5.2,0.4561,0.6544,0.879,0.94952754,0.2822,57.2158591,0.1744,7.4,0.7497,33.2,0.9231,26.8321513,0.6007,0,0,0.333333333,0.6092,0.477,0.5957,0.6692,0.8436
13,GA,Georgia,30818,1330818,0,555,88,1,0,5.4,0.0783,0.5392,0.473,7.7,0.7262,1,41.3,0.841,1,15.1,0.8865,1,10.9,0.8862,1,11.6,0.8587,1,20.2,0.9186,1,6,1,0.9102,23.9,0.9621,37.65432099,0.8646,5.3,0.6166,17.2,0.7798,3.405017921,0.0314,0,0,11.1,0.2923,5.985915493,0.1934,15.1,0.322,0,0,0.4062,0.2836,1.236465406,0.3685,50.37582994,0.2382,3.3,0.4149,56,0.9894,38.58921162,0.8166,0,0,0.333333333,0.6092,0.491,0.6288,0.5739,0.7032
13,GA,Georgia,30820,1330820,0,1205,20,0.25,0,7.133333333,0.1385,0.1942,0.0243,7.3,0.644,0,38.5,0.6554,0,14.3,0.8406,1,9.2,0.7166,1,10.9,0.6871,1,17.9,0.7441,1,4,0.6667,0.7602,8.4,0.6106,33.72093023,0.8098,0,0,17.6,0.7892,24.82269504,0.9306,1.078748652,0.6706,13.8,0.4748,11.72069825,0.5363,19.5,0.602,10.2,0.9477,0.6372,0.8453,0.527881154,0.1322,63.34208553,0.1177,2.4,0.3173,25.7,0.8575,21.44578313,0.4434,0.333333333,0.458,0.333333333,0.6092,0.4193,0.4408,0.5177,0.5983
13,GA,Georgia,30821,1330821,0,882,20,0.25,0,6.2,0.1028,0.1764,0.0188,8.9,0.8975,1,43.9,0.9381,1,19.8,0.9857,1,10.8,0.8794,1,11.8,0.8893,1,17.5,0.6969,1,6,1,0.9102,12.9,0.8,33.21995465,0.801,3.5,0.3811,29.9,0.949,12.02185792,0.3823,0,0,14.3,0.5064,19.07894737,0.8494,26.7,0.8567,3.4,0.2154,0.5741,0.7054,0.545188369,0.1385,69.83725775,0.0668,5.3,0.606,39.7,0.9566,13.82978723,0.2138,0.333333333,0.458,0.333333333,0.6092,0.4356,0.4862,0.5302,0.623
13,GA,Georgia,30822,1330822,0,526,20,0.25,1,8.8,0.2172,0.2336,0.0381,9.3,0.9289,1,41.2,0.8358,1,17.1,0.9524,1,12.5,0.9545,1,11.3,0.7987,1,20.2,0.9186,1,6,1,0.9102,13.3,0.8117,24.5,0.6074,0,0,17.7,0.7916,9.683098592,0.2243,0,0,17.2,0.6769,11.48325359,0.5217,6.8,0.0426,0,0,0.3676,0.2027,0.685926728,0.1909,54.01527049,0.2043,0,0,29.9,0.8983,24.73867596,0.5435,0,0,0.333333333,0.6092,0.3495,0.2555,0.3516,0.2704
13,GA,Georgia,30823,1330823,0,1800,70,0.75,0,6.16,0.1026,0.4263,0.2547,7.3,0.644,0,41.9,0.8694,1,15.3,0.8948,1,9.5,0.7561,1,11.3,0.7987,1,18.6,0.8132,1,5,0.8333,0.8437,16.5,0.8885,36.43198906,0.8502,4.2,0.4801,29.8,0.9485,11.16071429,0.3187,2.687411598,0.8162,14,0.4877,26.59123055,0.9454,18.8,0.5586,3.7,0.2453,0.6539,0.8778,1.43072816,0.4157,44.85036221,0.2941,5.2,0.5979,48,0.98,22.54697286,0.4778,0.333333333,0.458,0.333333333,0.6092,0.5475,0.7506,0.6817,0.8587
13,GA,Georgia,30824,1330824,0,17201,86,1,0,5,0.0685,0.5342,0.4634,7.1,0.5989,0,40.2,0.778,1,15.3,0.8948,1,9,0.6883,1,11.3,0.7987,1,18.1,0.7656,1,5,0.8333,0.8437,10.9,0.7304,36.44601353,0.8504,6.8,0.753,16.3,0.7562,13.25611326,0.4737,0.379636545,0.5157,11.9,0.3447,9.539089848,0.3992,16.5,0.4107,6.9,0.7425,0.5976,0.7608,2.236736576,0.5318,60.71273551,0.142,12,0.8918,16.9,0.7335,42.17103282,0.8518,0,0,0.666666667,0.797,0.564,0.7811,0.7122,0.8906
13,GA,Georgia,30828,1330828,0,4368,90,1,0,6.066666667,0.1003,0.5502,0.497,8.6,0.8659,1,44,0.9405,1,19.3,0.9824,1,10.6,0.8648,1,12.1,0.9228,1,18.5,0.8042,1,6,1,0.9102,13.5,0.8182,41.09520221,0.8985,5.3,0.6166,26.5,0.927,18.67566699,0.7985,0.656857593,0.5902,13.5,0.4541,9.526627219,0.3986,19.8,0.6181,6.1,0.6163,0.6736,0.9119,1.089486956,0.3265,57.70225042,0.1697,18.7,0.9526,37.2,0.9448,38.26441468,0.8124,0.333333333,0.458,0.333333333,0.6092,0.6105,0.8524,0.7929,0.9573
13,GA,Georgia,30830,1330830,0,13966,89,1,0,6.35,0.108,0.554,0.504,6.5,0.4567,0,41.7,0.8602,1,15.4,0.8993,1,8.3,0.5766,0,11.6,0.8587,1,18.5,0.8042,1,4,0.6667,0.7602,10.7,0.7223,35.3422456,0.8344,3.8,0.423,16.8,0.77,11.70148654,0.3588,0.457612658,0.5386,11.4,0.3112,14.45029625,0.6886,14,0.2586,7.4,0.8023,0.5708,0.6976,1.618132861,0.4525,46.06245121,0.2819,9.9,0.8461,26.9,0.8705,31.0014277,0.6989,0,0,0.333333333,0.6092,0.537,0.7292,0.6728,0.8482
13,GA,Georgia,30833,1330833,0,4043,76,1,0,5.4,0.0783,0.5392,0.473,8.2,0.8138,1,45,0.9603,1,18.5,0.9749,1,10.5,0.8565,1,12,0.9124,1,19.2,0.8604,1,6,1,0.9102,20.5,0.9384,42.84898658,0.9133,2.8,0.2875,23.6,0.8966,16.16011861,0.6718,3.189842056,0.841,17.1,0.6719,14.26533524,0.6795,17.9,0.5,10,0.9433,0.7343,0.9784,2.260593196,0.534,46.58066798,0.2762,17.1,0.9448,33.1,0.9224,46.34812287,0.8852,0,0,0.333333333,0.6092,0.596,0.8314,0.7982,0.9601
13,GA,Georgia,30901,1330901,0,16445,91,1,0,4.4,0.0577,0.5288,0.4504,9.6,0.946,1,47.3,0.9837,1,23.6,0.9973,1,11.8,0.932,1,12.9,0.9697,1,20.8,0.9408,1,6,1,0.9102,17.9,0.9104,58.10742013,0.976,16.8,0.9674,29.3,0.9459,24.61655792,0.928,0.072311333,0.4057,21.9,0.852,5.916919959,0.1898,18.3,0.5259,6.9,0.7425,0.7444,0.9837,25.95932468,0.8381,28.79972514,0.4507,33.4,0.9835,2.7,0.3291,70.03215434,0.9714,0.333333333,0.458,1,0.8463,0.6967,0.9395,0.821,0.972
13,GA,Georgia,30903,1330903,0,585,-999,-999,-999,12.01166667,0.4426,0.4426,0.2805,4.2,0.0732,0,35.9,0.4382,0,8.7,0.1649,0,5.4,0.1467,0,9.4,0.173,0,15.5,0.4065,0,0,0,0,0,0,22.25031606,0.5411,0,0,0,0,15.78947368,0.6484,0,0,7,0.0754,8.219178082,0.3177,11.1,0.1322,5.1,0.4383,0.2153,0.0238,35.91806855,0.8852,21.23662551,0.5344,0,0,0,0,0,0,0,0,0.666666667,0.797,0.3167,0.1842,0.1221,0.0147
13,GA,Georgia,30904,1330904,0,25666,77,1,0,4.44,0.0596,0.5298,0.4526,6.5,0.4567,0,39,0.6954,1,14.6,0.8596,1,8,0.5247,0,11.3,0.7987,1,18.7,0.8217,1,4,0.6667,0.7602,18.3,0.9155,40.01802614,0.8891,10.7,0.9054,16.1,0.7505,22.08385876,0.8936,1.542568971,0.7318,16.9,0.6623,6.335093081,0.2116,14.2,0.2691,6.3,0.6495,0.6878,0.9338,34.56849668,0.8798,25.27632321,0.4874,14.2,0.9219,2.1,0.302,55.34309332,0.9322,0.333333333,0.458,1,0.8463,0.6897,0.9338,0.7701,0.9408
13,GA,Georgia,30905,1330905,0,8955,20,0.25,0,-999,-999,0.25,0.0472,1.1,0.0066,0,28.8,0.1165,0,2.9,0.0077,0,2.3,0.0057,0,9.3,0.1494,0,21,0.9466,1,1,0.1667,0.3497,0.7,0.064,28.38888889,0.705,10.1,0.8936,3.1,0.112,4.068307383,0.0374,0.663258256,0.5919,6.9,0.073,2.802802803,0.0808,0.5,0.019,8,0.8568,0.3434,0.159,22.27445301,0.8188,39.53418549,0.3462,3.9,0.4784,0.3,0.1681,99.67914439,0.9943,0,0,0.333333333,0.6092,0.4879,0.6214,0.2943,0.1708
13,GA,Georgia,30906,1330906,0,57748,71,0.75,0,4.571428571,0.0611,0.4056,0.2222,6.9,0.5508,0,43.2,0.9185,1,16.8,0.9459,1,9.2,0.7166,1,12.1,0.9228,1,20.1,0.9141,1,5,0.8333,0.8437,13.2,0.8092,41.79613752,0.9043,9.8,0.8861,20.4,0.8486,12.95485896,0.4511,0.401606426,0.5221,19.1,0.7636,11.39505473,0.516,13.4,0.2272,7.7,0.832,0.676,0.9156,13.85249609,0.7665,47.34442961,0.2683,7.2,0.7397,9.6,0.5723,44.3434756,0.8708,0.333333333,0.458,0.666666667,0.797,0.6389,0.8865,0.717,0.8955
13,GA,Georgia,30907,1330907,0,50913,67,0.75,0,4.745454545,0.0642,0.4071,0.2231,4.9,0.1522,0,33.7,0.2972,0,9.5,0.2575,0,5.4,0.1467,0,9.4,0.173,0,14.7,0.2946,0,0,0,0,9,0.6419,14.27172348,0.2908,3.9,0.4372,6.9,0.3281,12.52294716,0.4195,1.871076529,0.7629,12,0.3518,7.782473487,0.2917,15.9,0.3714,5.8,0.5645,0.446,0.3793,26.85111565,0.8426,36.13738975,0.3791,2.2,0.2958,1.2,0.2535,27.34288864,0.6142,0,0,0.666666667,0.797,0.4546,0.5372,0.2849,0.1561
13,GA,Georgia,30909,1330909,0,41585,71,0.75,0,4.66,0.0629,0.4064,0.2225,5,0.1665,0,35.1,0.3779,0,11,0.4747,0,5.8,0.1902,0,10.5,0.545,0,17.2,0.6568,0,0,0,0,11.3,0.7464,24.58996268,0.6094,5.6,0.6484,10,0.5094,19.99186941,0.844,1.031280419,0.6632,11.3,0.3049,6.775108949,0.2342,14.5,0.287,7.9,0.8489,0.5696,0.6946,29.13169607,0.8538,34.46285699,0.395,5.5,0.6227,3.1,0.3477,48.50181688,0.8989,0.333333333,0.458,0.666666667,0.797,0.6247,0.8697,0.4467,0.457
13,GA,Georgia,30912,1330912,0,296,98,1,0,4.4,0.0577,0.5288,0.4504,11.1,0.9862,1,29.3,0.1304,0,15.7,0.9114,1,8.6,0.6266,0,10.6,0.5818,0,22.2,0.9718,1,3,0.5,0.6536,20.7,0.9398,-999,-999,92.9,0.9994,39.1,0.9796,-999,-999,0,0,19,0.7595,0,0,14.8,0.3039,0,0,0.4978,0.5111,82.45478877,0.995,1.662707838,0.8797,-999,-999,-999,-999,-999,-999,0.333333333,0.458,1,0.8463,0.7948,0.9882,0.6508,0.8207
13,GA,Georgia,31001,1331001,0,4816,69,0.75,0,7.666666667,0.1621,0.456,0.3049,7.5,0.6855,1,43.6,0.9306,1,16,0.9229,1,9.5,0.7561,1,10.3,0.4679,0,19,0.8449,1,5,0.8333,0.8437,17.5,0.9048,45.82338902,0.9325,6.2,0.7067,19.5,0.8309,12.08791209,0.3874,3.112750749,0.8378,14.1,0.4943,17.8313253,0.8175,13.9,0.2532,4.6,0.3594,0.6524,0.8745,0.672751096,0.1862,52.33703227,0.2199,3,0.381,32.3,0.9167,30.66666667,0.6916,0,0,0.333333333,0.6092,0.4292,0.4675,0.6226,0.7806
13,GA,Georgia,31002,1331002,0,2910,54,0.75,0,10.25,0.3039,0.527,0.4473,8.4,0.8412,1,39.6,0.7391,1,14.9,0.8763,1,10.9,0.8862,1,11,0.719,1,19.2,0.8604,1,6,1,0.9102,26.1,0.9719,42.93938368,0.9142,6.9,0.7596,24.6,0.9082,12.71753681,0.4335,5.055179779,0.8949,17.2,0.6769,13.4439834,0.6376,18.1,0.5132,8.4,0.8831,0.7593,0.9901,0.851774158,0.2496,60.47256999,0.144,7.1,0.734,37.5,0.9465,28.99408284,0.6543,0,0,0.333333333,0.6092,0.4768,0.5953,0.7357,0.9134
13,GA,Georgia,31003,1331003,0,112,20,0.25,1,9.6,0.2597,0.2548,0.0575,11.7,0.9916,1,39.4,0.7247,1,19.9,0.9864,1,13.7,0.9787,1,10.4,0.5077,0,15.5,0.4065,0,4,0.6667,0.7602,0,0,16.09195402,0.3476,0,0,19.1,0.8227,6.493506494,0.0869,0,0,14.9,0.5456,35.55555556,0.9791,31,0.9118,0,0,0.3694,0.2069,1.086274683,0.3257,63.13996843,0.1197,0,0,22,0.813,0,0,0,0,0.333333333,0.6092,0.2668,0.1015,0.2815,0.151
13,GA,Georgia,31005,1331005,0,15102,51,0.75,0,7.6,0.1561,0.453,0.2979,4.2,0.0732,0,36.3,0.47,0,9,0.1979,0,5,0.1064,0,9.9,0.3207,0,16,0.4798,0,0,0,0,5.6,0.4152,16.82862439,0.3713,5.6,0.6484,4.9,0.2059,7.50966744,0.122,0.188736682,0.4474,13.2,0.4337,10.00250376,0.429,10.8,0.122,8.6,0.8947,0.409,0.291,12.84283803,0.7583,35.59471819,0.3842,3.7,0.4571,7.9,0.5235,24.11382114,0.5249,0.333333333,0.458,1,0.8463,0.5646,0.782,0.3427,0.2538
13,GA,Georgia,31006,1331006,0,4923,60,0.75,0,4.8,0.0645,0.4072,0.2232,7.8,0.7465,1,46,0.9731,1,17.3,0.9568,1,10.3,0.8401,1,11.8,0.8893,1,19.6,0.8875,1,6,1,0.9102,17.5,0.9048,45.10657804,0.9281,8.5,0.8444,24,0.9014,18.35443038,0.7847,0,0,17.2,0.6769,14.63414634,0.6974,17,0.4434,4.4,0.3298,0.6511,0.872,2.276711648,0.5353,44.8789355,0.2935,9.7,0.8407,39.9,0.9575,34.68237705,0.765,0,0,0,0,0.4846,0.6135,0.6547,0.8256
13,GA,Georgia,31007,1331007,0,1117,78,1,0,6.4,0.1087,0.5544,0.5049,8.9,0.8975,1,41.4,0.8459,1,19.1,0.9807,1,10.2,0.8312,1,11.2,0.7745,1,16.9,0.6143,0,5,0.8333,0.8437,25.9,0.971,27.7060576,0.6894,0,0,30.4,0.9515,15.19721578,0.61,2.976190476,0.8311,26.5,0.9272,36.11859838,0.98,26.9,0.8604,5.8,0.5645,0.7385,0.9807,0.661293706,0.1821,35.06639878,0.3893,13.7,0.9162,26.3,0.8635,19.06976744,0.3706,0,0,0.333333333,0.6092,0.4758,0.5928,0.7305,0.9084
13,GA,Georgia,31008,1331008,0,18453,67,0.75,0,7.6,0.1561,0.453,0.2979,5.5,0.2483,0,37.2,0.5442,0,11.1,0.4912,0,6.9,0.3431,0,10.2,0.4313,0,16.8,0.5996,0,0,0,0,9.8,0.6824,22.40173218,0.5457,7.7,0.809,11.8,0.5952,13.98323457,0.5277,0.128422159,0.4241,16.5,0.6398,15.31486146,0.7282,15.7,0.3588,5.1,0.4383,0.5749,0.7074,5.131305074,0.6601,35.33053098,0.387,3.6,0.4467,28.8,0.889,25.55134148,0.5664,0.333333333,0.458,1,0.8463,0.6076,0.8483,0.4634,0.4913
13,GA,Georgia,31009,1331009,0,1477,74,0.75,0,10.4,0.31,0.53,0.4529,6.7,0.5042,0,39.4,0.7247,1,13.5,0.7813,1,9,0.6883,1,10.6,0.5818,0,19,0.8449,1,4,0.6667,0.7602,20.1,0.9351,34.70733718,0.826,6.5,0.7306,19.3,0.8267,16.6322314,0.699,0,0,11.9,0.3447,3.095238095,0.0883,25.6,0.834,3.7,0.2453,0.553,0.6535,0.62208031,0.1673,57.35333993,0.1731,8.5,0.7989,41,0.9614,21.94616977,0.4584,0,0,0.333333333,0.6092,0.4526,0.5322,0.5997,0.7452
13,GA,Georgia,31011,1331011,0,923,93,1,0,10.7,0.3329,0.6664,0.7048,7.5,0.6855,1,36.5,0.4862,0,15,0.8812,1,9.1,0.7023,1,10.5,0.545,0,17.7,0.7205,1,4,0.6667,0.7602,9.5,0.6674,28.04878049,0.6968,0.6,0.125,4.7,0.1958,9.405255878,0.2087,0,0,30.1,0.9552,10.55900621,0.463,30.4,0.9056,2.8,0.1675,0.4385,0.3611,0.594625412,0.1571,56.66588868,0.1786,5.7,0.6391,26.5,0.8656,15.66579634,0.2644,0,0,0.333333333,0.6092,0.3877,0.3529,0.5448,0.6507
13,GA,Georgia,31012,1331012,0,2683,20,0.25,0,9.866666667,0.2781,0.264,0.0661,6.2,0.3919,0,40.1,0.7725,1,13.9,0.8114,1,7.9,0.5077,0,9.6,0.2268,0,17.9,0.7441,1,3,0.5,0.6536,16.4,0.8866,43.56877323,0.9182,5.1,0.5944,23.3,0.893,12.46290801,0.4151,1.362207475,0.7113,12.1,0.3586,22.79411765,0.9111,6.5,0.0393,3.4,0.2154,0.5943,0.7537,1.039516567,0.3117,46.51214445,0.2771,7.9,0.7727,32.3,0.9167,23.43434343,0.5051,0,0,0.666666667,0.797,0.5115,0.6758,0.5373,0.6369
13,GA,Georgia,31014,1331014,0,13756,93,1,0,9.65,0.2663,0.6332,0.6587,6.6,0.4802,0,35.1,0.3779,0,12.6,0.6923,1,8,0.5247,0,10.8,0.6526,0,18.2,0.7754,1,2,0.3333,0.5404,9.8,0.6824,32.05194358,0.7809,6.5,0.7306,12.5,0.6241,15.09981042,0.6043,0.380566802,0.5161,15.6,0.5888,16.19390347,0.764,16.3,0.3968,6.3,0.6495,0.6338,0.8387,1.490141228,0.4283,39.77739735,0.344,5.2,0.5979,26.5,0.8656,26.5060241,0.5917,0,0,0.666666667,0.797,0.5178,0.6893,0.6818,0.8589
13,GA,Georgia,31015,1331015,0,21938,84,1,0,6.314285714,0.1074,0.5537,0.5037,8.3,0.8276,1,44.1,0.9429,1,17.7,0.9636,1,10.8,0.8794,1,11.9,0.9011,1,19.6,0.8875,1,6,1,0.9102,15.8,0.8756,48.42752311,0.9457,11.9,0.9269,16.8,0.77,15.85984032,0.6535,0.857940942,0.6337,16.2,0.6242,10.74953008,0.4749,17.8,0.494,6.6,0.6979,0.7096,0.9588,2.943327599,0.5846,28.74739627,0.4513,15,0.9288,21.8,0.81,46.66832422,0.8876,0,0,0.333333333,0.6092,0.6102,0.852,0.8062,0.9648
13,GA,Georgia,31016,1331016,0,1517,20,0.25,0,6,0.0974,0.1737,0.018,6.4,0.4347,0,40,0.7662,1,14.9,0.8763,1,7.2,0.3895,0,10.5,0.545,0,15.5,0.4065,0,2,0.3333,0.5404,9.1,0.6471,29.28257687,0.7242,18.6,0.9741,15.7,0.7385,8.606811146,0.1684,0,0,25.4,0.9148,3.571428571,0.1008,13.5,0.2328,8.8,0.9048,0.5406,0.6214,0.592327116,0.1564,63.5889018,0.1155,1.8,0.2524,39.9,0.9575,19.7693575,0.3923,0.333333333,0.458,0.333333333,0.6092,0.4202,0.4436,0.4058,0.3733
13,GA,Georgia,31017,1331017,0,1985,20,0.25,0,9.533333333,0.2577,0.2538,0.0565,7.9,0.7645,1,37.2,0.5442,0,14.9,0.8763,1,9.8,0.7902,1,10.7,0.6183,0,17.4,0.6837,1,4,0.6667,0.7602,10.6,0.7176,18.60465116,0.4298,2.9,0.2997,18.5,0.8109,10.13189448,0.2514,0.052882073,0.3999,17.3,0.6821,18.71859296,0.8405,25.9,0.8404,4.7,0.3746,0.5647,0.6837,0.741191176,0.2107,47.51090766,0.2664,5.2,0.5979,27.2,0.8733,21.55172414,0.446,0,0,1,0.8463,0.4629,0.559,0.5148,0.5925
13,GA,Georgia,31018,1331018,0,2837,56,0.75,0,8.5,0.2048,0.4774,0.3412,5.3,0.2126,0,43.3,0.9214,1,12.5,0.6807,1,6.8,0.3281,0,9.6,0.2268,0,18.1,0.7656,1,3,0.5,0.6536,16.1,0.8811,37.17712177,0.8596,9,0.8618,26.3,0.9253,14.50892857,0.5648,1.16892911,0.6844,17.5,0.6918,21.01010101,0.8869,11.4,0.142,0.8,0.0876,0.6585,0.8874,0.640081697,0.1736,49.93980128,0.2423,3.5,0.437,50.7,0.9837,19.87041037,0.3948,0,0,0.333333333,0.6092,0.4058,0.4029,0.5713,0.6993
13,GA,Georgia,31019,1331019,0,2318,61,0.75,0,10.2,0.2966,0.5233,0.4403,6.7,0.5042,0,37.4,0.5626,0,12.8,0.7144,1,8.5,0.6098,0,10.3,0.4679,0,17.8,0.7322,1,2,0.3333,0.5404,6.3,0.4707,35.3432282,0.8344,2.8,0.2875,8.9,0.4494,13.43873518,0.4878,0,0,17.9,0.7109,13.58313817,0.6446,17.2,0.4564,6.2,0.633,0.4975,0.5107,1.209839063,0.3617,45.81470449,0.2843,3.3,0.4149,35.7,0.9367,23.1990232,0.498,0,0,0.333333333,0.6092,0.4435,0.5068,0.4996,0.5637
13,GA,Georgia,31020,1331020,0,2541,91,1,0,9,0.227,0.6135,0.6266,7.9,0.7645,1,39.4,0.7247,1,17.1,0.9524,1,9.7,0.7788,1,11.3,0.7987,1,17.6,0.7082,1,6,1,0.9102,7.8,0.5742,23.12101911,0.5679,0,0,25.9,0.9219,27.80569514,0.9533,0,0,32.7,0.9664,12.71028037,0.597,25.4,0.8296,4.1,0.2904,0.5701,0.6955,1.016823386,0.3042,65.67133083,0.0979,11,0.8731,22.8,0.8229,24.1046832,0.5247,0.333333333,0.458,1,0.8463,0.561,0.7767,0.7522,0.9272
13,GA,Georgia,31021,1331021,0,28549,79,1,0,10.30909091,0.3073,0.6537,0.6856,7.4,0.665,0,40.8,0.8143,1,16.1,0.9258,1,9.1,0.7023,1,11.2,0.7745,1,18.3,0.786,1,5,0.8333,0.8437,10.9,0.7304,37.39702242,0.8619,4.9,0.5698,13.4,0.6602,14.48751161,0.5632,0.176036126,0.4424,14,0.4877,6.87891944,0.2396,16.3,0.3968,6.6,0.6979,0.565,0.6844,2.834237191,0.5781,54.51624789,0.1992,8.4,0.7952,15.1,0.6981,41.84368737,0.8486,0,0,0.333333333,0.6092,0.5326,0.7212,0.7337,0.9117
13,GA,Georgia,31022,1331022,0,1424,82,1,0,9.95,0.2817,0.6408,0.6676,6.2,0.3919,0,37.2,0.5442,0,12.5,0.6807,1,7.4,0.4245,0,10.3,0.4679,0,16.6,0.5704,0,1,0.1667,0.3497,6.2,0.4637,24.76349471,0.6139,3.3,0.3533,9.8,0.4979,8.919123205,0.1841,0,0,14.5,0.5195,12.32349166,0.5739,11.8,0.1566,7.4,0.8023,0.4165,0.3085,1.657660925,0.4589,44.12416682,0.3019,1.9,0.2635,26,0.8603,25.80128205,0.5732,0,0,0.666666667,0.797,0.465,0.5647,0.4726,0.509
13,GA,Georgia,31023,1331023,0,15383,55,0.75,0,10.03333333,0.2899,0.52,0.4303,7.1,0.5989,0,37.1,0.5357,0,14.6,0.8596,1,8.8,0.6576,0,10.8,0.6526,0,18.6,0.8132,1,2,0.3333,0.5404,9.8,0.6824,36.9739987,0.8569,6,0.6889,12.4,0.6206,14.49649576,0.564,0.607317434,0.5785,20.9,0.8243,10.74010327,0.4744,18.4,0.5328,5.7,0.5455,0.6368,0.8445,1.289644729,0.3815,48.73474271,0.2547,9.1,0.8208,31.9,0.9142,36.30446574,0.7883,0,0,0.333333333,0.6092,0.5384,0.7319,0.6368,0.8017
13,GA,Georgia,31024,1331024,0,20039,79,1,0,7.6,0.1561,0.578,0.5571,7.4,0.665,0,37.9,0.605,0,14.4,0.8473,1,8.5,0.6098,0,10.4,0.5077,0,16.4,0.5396,0,1,0.1667,0.3497,14.2,0.8373,29.17792737,0.7222,4.4,0.5068,12.6,0.6278,12.43462017,0.4127,1.053435115,0.6668,15.4,0.5765,10.77610274,0.4767,22.8,0.7558,4.7,0.3746,0.5957,0.7563,1.184320039,0.3542,58.3034707,0.1646,4.5,0.5366,31.9,0.9142,23.37615989,0.5027,0.333333333,0.458,0.333333333,0.6092,0.5056,0.6633,0.5816,0.7161
13,GA,Georgia,31025,1331025,0,1226,20,0.25,0,13.50433333,0.5431,0.3966,0.2031,5.7,0.2882,0,39.8,0.7528,1,12.4,0.6687,1,7,0.3587,0,10.5,0.545,0,16.6,0.5704,0,2,0.3333,0.5404,1.9,0.1153,5.915813424,0.0689,0.8,0.1325,8.5,0.4262,11.45139814,0.3398,0,0,14.8,0.5382,8.9958159,0.3642,18.5,0.5393,6.7,0.7131,0.3238,0.1279,0.687800171,0.1917,40.73670285,0.3344,0,0,19.9,0.7829,0,0,0,0,0.666666667,0.797,0.3009,0.1533,0.2562,0.1171
13,GA,Georgia,31027,1331027,0,10012,83,1,0,10.4,0.31,0.655,0.6871,7.3,0.644,0,41.9,0.8694,1,15.8,0.9155,1,9.9,0.8025,1,11.5,0.8408,1,19.8,0.8984,1,5,0.8333,0.8437,15.3,0.8647,41.70480549,0.9036,8.9,0.8592,15.9,0.7444,17.10772105,0.7259,0.40043684,0.5219,15.2,0.5641,17.65834933,0.8129,19.1,0.5771,6.4,0.6659,0.724,0.9709,1.565238745,0.4434,47.08335198,0.271,5.2,0.5979,46.8,0.9774,35.58263971,0.7775,0,0,0.333333333,0.6092,0.5252,0.7052,0.8017,0.9623
13,GA,Georgia,31028,1331028,0,5912,61,0.75,0,7.9,0.1743,0.4622,0.3146,6.3,0.4138,0,38.2,0.63,0,12.2,0.643,0,7.7,0.4743,0,10.5,0.545,0,17.3,0.6711,1,1,0.1667,0.3497,16.2,0.8831,20.89955499,0.5004,4.7,0.5454,12.6,0.6278,12.76910089,0.4378,0,0,13.7,0.4673,13.54393609,0.6427,18.2,0.5198,5.5,0.51,0.5134,0.5511,25.45316273,0.8356,23.9080761,0.5031,3.8,0.4672,5.9,0.4583,23.18598832,0.4974,0.333333333,0.458,1,0.8463,0.5808,0.8092,0.5062,0.5767
13,GA,Georgia,31029,1331029,0,16287,68,0.75,0,6.92,0.1304,0.4402,0.2756,6.2,0.3919,0,39.6,0.7391,1,13.1,0.7454,1,7.5,0.4403,0,10.5,0.545,0,17,0.6282,0,2,0.3333,0.5404,11.6,0.7577,25.39011704,0.6309,6.1,0.6979,15.9,0.7444,15.45053453,0.6265,0.443815527,0.5345,15.3,0.5703,7.962391656,0.3024,15.2,0.328,4.7,0.3746,0.5567,0.6628,1.384224,0.406,63.09243373,0.1203,5.6,0.6311,17.8,0.7494,24.03349368,0.5225,0.666666667,0.618,0.333333333,0.6092,0.5224,0.6994,0.5446,0.6504
13,GA,Georgia,31030,1331030,0,18977,48,0.5,0,6.9,0.1293,0.3146,0.1121,6,0.3488,0,41.5,0.8503,1,14.4,0.8473,1,7.7,0.4743,0,12.1,0.9228,1,20.1,0.9141,1,4,0.6667,0.7602,15.4,0.8669,39.72850115,0.886,11.4,0.9191,19.4,0.8287,15.63573883,0.6393,1.986833521,0.7728,18,0.7151,17.40417576,0.8043,14.4,0.281,5.9,0.5819,0.7295,0.9754,1.966202905,0.5024,39.77401538,0.3441,13.4,0.9126,16,0.7154,38.42138564,0.8145,0.333333333,0.458,1,0.8463,0.6562,0.9046,0.6881,0.8656
13,GA,Georgia,31031,1331031,0,6576,52,0.75,0,9.4,0.249,0.4995,0.3809,7.4,0.665,0,40.1,0.7725,1,14.8,0.8702,1,9.6,0.7675,1,11.2,0.7745,1,18.7,0.8217,1,5,0.8333,0.8437,9.6,0.6727,34.51617713,0.823,7.5,0.7975,17.3,0.7822,16.26481406,0.6779,0,0,15.4,0.5765,13.79839019,0.6563,16.8,0.4307,8.8,0.9048,0.6322,0.8352,1.457429338,0.4213,56.48135478,0.1799,8.7,0.8067,31.7,0.9123,23.99836468,0.5216,0,0,1,0.8463,0.5269,0.709,0.6922,0.8699
13,GA,Georgia,31032,1331032,0,13993,71,0.75,0,8.733333333,0.2152,0.4826,0.3517,6.1,0.3702,0,36.2,0.4616,0,12.1,0.6309,0,7.4,0.4245,0,10,0.3568,0,16.4,0.5396,0,0,0,0,9.5,0.6674,24.20873659,0.5992,2.7,0.2762,9.3,0.4715,9.870406533,0.2346,0,0,13,0.4209,12.22271191,0.5677,15.8,0.3647,5.4,0.4912,0.4093,0.2917,1.295121383,0.3833,63.98979538,0.112,4.2,0.5078,18.5,0.7619,22.28437387,0.469,0.333333333,0.458,0.666666667,0.797,0.4984,0.6469,0.3226,0.2164
13,GA,Georgia,31033,1331033,0,2660,20,0.25,0,8.8,0.2172,0.2336,0.0381,6.4,0.4347,0,40.2,0.778,1,14.5,0.8542,1,8,0.5247,0,10.8,0.6526,0,17.4,0.6837,1,3,0.5,0.6536,14.8,0.8528,26.74238513,0.6655,3,0.3122,20.3,0.8468,11.07554417,0.3128,5.686695279,0.9073,12.4,0.3801,7.28008089,0.2622,10.9,0.1255,3.8,0.2556,0.4921,0.496,0.463586273,0.1089,68.14475339,0.0792,7.9,0.7727,40,0.9577,14.00832178,0.2187,0.333333333,0.458,1,0.8463,0.4916,0.6301,0.4544,0.4725
13,GA,Georgia,31035,1331035,0,1364,78,1,0,8.6,0.2074,0.6037,0.6081,7.6,0.7055,1,41.9,0.8694,1,16.2,0.9284,1,9.9,0.8025,1,11.4,0.8207,1,18.8,0.8293,1,6,1,0.9102,7.6,0.5621,33.5800185,0.8074,6.1,0.6979,22.2,0.8782,12.10710128,0.3885,0,0,21.7,0.8468,8.639308855,0.3426,14.8,0.3039,6.5,0.6827,0.551,0.6482,0.725779711,0.2055,54.86106099,0.196,8.8,0.8108,29.1,0.8913,19.3627451,0.3799,0,0,0.333333333,0.6092,0.4418,0.5023,0.6672,0.841
13,GA,Georgia,31036,1331036,0,12998,75,1,0,8.4,0.1987,0.5994,0.6018,6.8,0.5269,0,42.2,0.8831,1,14.1,0.8264,1,8.6,0.6266,0,11.2,0.7745,1,17.8,0.7322,1,4,0.6667,0.7602,12.7,0.7939,31.67938931,0.7746,4.4,0.5068,17.8,0.7941,13.45780795,0.4893,0.026077886,0.3948,21.6,0.8442,10.75706756,0.4753,19.5,0.602,4.7,0.3746,0.605,0.7778,1.073535232,0.3219,42.53378403,0.3169,8.8,0.8108,23.2,0.8286,36.19167718,0.7866,0,0,0.666666667,0.797,0.5517,0.759,0.7247,0.903
13,GA,Georgia,31037,1331037,0,4313,91,1,0,10.7,0.3329,0.6664,0.7048,6.5,0.4567,0,42.1,0.879,1,13.7,0.7973,1,8.8,0.6576,0,10.6,0.5818,0,19.5,0.8812,1,3,0.5,0.6536,7.3,0.5419,35.84551931,0.8421,1.6,0.176,26.9,0.9303,11.45784816,0.3406,1.240760296,0.6947,14.2,0.5002,15.74257426,0.7466,15.1,0.322,1.3,0.1003,0.5195,0.5667,1.346811813,0.3967,55.39159279,0.1907,7.4,0.7497,40.7,0.9602,30.91247672,0.6971,0,0,0.333333333,0.6092,0.5148,0.6828,0.652,0.822
13,GA,Georgia,31038,1331038,0,761,20,0.25,0,8.8,0.2172,0.2336,0.0381,8.1,0.7976,1,40.2,0.778,1,16,0.9229,1,9.6,0.7675,1,10.7,0.6183,0,17.1,0.6422,0,4,0.6667,0.7602,8.5,0.6164,5.240174672,0.0569,0,0,2.1,0.0729,17.63157895,0.7521,0,0,11.2,0.2979,12.22707424,0.5679,28.6,0.886,0,0,0.325,0.1297,0.224069725,0.0329,75.16170985,0.0336,0,0,24,0.8387,10.60606061,0.1387,0.333333333,0.458,0.333333333,0.6092,0.3016,0.1545,0.2706,0.1363
13,GA,Georgia,31039,1331039,0,74,-999,-999,-999,12.04285714,0.4442,0.4442,0.2846,7.6,0.7055,1,43.4,0.9248,1,15.1,0.8865,1,11.1,0.898,1,11.7,0.8748,1,20.9,0.944,1,6,1,0.9102,-999,-999,-999,-999,-999,-999,-999,-999,-999,-999,-999,-999,-999,-999,-999,-999,-999,-999,-999,-999,-999,-999,2.342743949,0.5409,38.39460108,0.3579,-999,-999,-999,-999,-999,-999,0,0,0,0,0.2247,0.057,0.4173,0.3965
13,GA,Georgia,31041,1331041,0,988,97,1,0,5.6,0.0846,0.5423,0.4805,10.6,0.9789,1,44.2,0.945,1,22.5,0.9955,1,13,0.9661,1,12,0.9124,1,18.9,0.8376,1,6,1,0.9102,11.4,0.7499,60.66176471,0.9805,25.9,0.9884,32.9,0.9623,25.42372881,0.9363,0,0,26.8,0.9302,18.07909605,0.8244,35,0.9405,3.7,0.2453,0.7558,0.9888,0.792119674,0.2288,61.67905812,0.1332,8.1,0.7826,33.3,0.9235,24.90842491,0.5482,0,0,0,0,0.3738,0.3165,0.674,0.8497
13,GA,Georgia,31042,1331042,0,1841,87,1,0,9.4,0.249,0.6245,0.6465,6.6,0.4802,0,41.9,0.8694,1,16.2,0.9284,1,7.9,0.5077,0,11.1,0.7481,1,16.9,0.6143,0,3,0.5,0.6536,9.1,0.6471,18.94960965,0.4404,5.7,0.659,18.3,0.8065,10.96829477,0.3058,0.862068966,0.6344,15.2,0.5641,14.82059282,0.7053,18.6,0.5455,2.6,0.1546,0.5463,0.6362,0.70819588,0.1992,67.384097,0.0846,8.4,0.7952,40.6,0.9598,16.96606786,0.3027,0,0,0.333333333,0.6092,0.4215,0.4469,0.5958,0.7389
13,GA,Georgia,31044,1331044,0,2911,53,0.75,0,9.333333333,0.2473,0.4986,0.3768,8,0.7815,1,40.7,0.8087,1,18.2,0.9714,1,9.7,0.7788,1,11.5,0.8408,1,17.1,0.6422,0,5,0.8333,0.8437,8.5,0.6164,32.40979381,0.7869,14.6,0.9548,28.1,0.9385,14.74036851,0.5798,0,0,15.4,0.5765,11.46161935,0.5202,20,0.6293,6.5,0.6827,0.6285,0.8278,0.717986479,0.2029,63.8499949,0.1134,9,0.8177,25.7,0.8575,23.24478178,0.499,0,0,1,0.8463,0.4767,0.5951,0.6608,0.8329
13,GA,Georgia,31045,1331045,0,73,-999,-999,-999,7.5,0.153,0.153,0.0129,11.3,0.9881,1,44.5,0.9513,1,25.3,0.999,1,13.3,0.972,1,11.9,0.9011,1,15.7,0.4363,0,5,0.8333,0.8437,0,0,0,0,-999,-999,0,0,100,0.9975,0,0,0,0,-999,-999,100,0.9978,0,0,0.2494,0.0429,0.491533286,0.1184,68.04457583,0.0798,0,0,0,0,0,0,0.333333333,0.458,0.333333333,0.6092,0.1808,0.0278,0.2318,0.0888
13,GA,Georgia,31046,1331046,0,3343,77,1,0,8,0.1772,0.5886,0.5817,5.9,0.3285,0,37,0.5277,0,11.7,0.5779,0,6.9,0.3431,0,9.8,0.2874,0,15.4,0.3925,0,0,0,0,14.2,0.8373,21.65471924,0.5228,9.1,0.8657,9.2,0.4662,16.46572511,0.6897,0.53125,0.5593,17.2,0.6769,10.9919571,0.4901,20.3,0.6454,4.4,0.3298,0.6083,0.7848,1.594027088,0.4484,65.62837779,0.0982,1.1,0.1896,20.9,0.7975,6.125461255,0.0663,0.333333333,0.458,0.333333333,0.6092,0.381,0.3358,0.4256,0.4134
13,GA,Georgia,31047,1331047,0,11193,70,0.75,0,7.6,0.1561,0.453,0.2979,4.2,0.0732,0,35.8,0.4297,0,8.9,0.1864,0,5,0.1064,0,9.8,0.2874,0,15.6,0.4207,0,0,0,0,5.8,0.4316,10.72440308,0.1861,2.6,0.2638,5.8,0.2616,7.851650837,0.1353,0.976369039,0.654,9.8,0.2082,9.837728195,0.419,9.9,0.0963,5.2,0.4561,0.3112,0.1096,3.279301073,0.6002,60.06114612,0.1482,2.2,0.2958,10.3,0.5902,19.12856585,0.3724,0.333333333,0.458,1,0.8463,0.473,0.5857,0.2483,0.1073
13,GA,Georgia,31049,1331049,0,1806,63,0.75,0,9.8,0.2715,0.5108,0.4119,8.5,0.8538,1,39.5,0.7325,1,14.7,0.8647,1,11.2,0.9032,1,10.8,0.6526,0,18.9,0.8376,1,5,0.8333,0.8437,16.9,0.8957,38.09280979,0.8702,6.9,0.7596,19.7,0.8349,14.56521739,0.5685,0,0,20,0.7969,12.35059761,0.5758,13.6,0.2378,15.6,0.9894,0.6529,0.8756,0.768055167,0.2202,49.38329685,0.2479,5,0.5802,35.7,0.9367,28.38616715,0.6392,0,0,0.333333333,0.6092,0.4619,0.556,0.6718,0.847
13,GA,Georgia,31050,1331050,0,965,20,0.25,0,6.8,0.1234,0.1867,0.0219,5.6,0.2682,0,38.2,0.63,0,11.6,0.564,0,7.5,0.4403,0,10.3,0.4679,0,17.8,0.7322,1,1,0.1667,0.3497,6.1,0.4557,35.28678304,0.8337,21.5,0.982,20.1,0.843,12.92517007,0.449,0,0,9,0.163,0,0,14.4,0.281,0,0,0.4007,0.2721,1.115173617,0.3336,49.59362985,0.2458,9.5,0.8343,61.1,0.9932,26.68711656,0.5968,0.333333333,0.458,0.333333333,0.6092,0.5816,0.8105,0.3636,0.2925
13,GA,Georgia,31051,1331051,0,187,20,0.25,1,6.2,0.1028,0.1764,0.0188,6.1,0.3702,0,40.3,0.7839,1,14.2,0.8332,1,8.3,0.5766,0,12.2,0.9313,1,20,0.9088,1,4,0.6667,0.7602,24.4,0.9646,45.51282051,0.931,13.9,0.9489,33,0.9628,5.691056911,0.0651,3.846153846,0.865,29.5,0.9512,0,0,21.8,0.7176,0,0,0.6406,0.8519,2.72529081,0.5713,24.87245366,0.4923,8.8,0.8108,30,0.8994,22.80701754,0.4859,0,0,0.333333333,0.6092,0.5527,0.7607,0.5979,0.7422
13,GA,Georgia,31052,1331052,0,8652,43,0.5,0,8,0.1772,0.3386,0.1365,6.4,0.4347,0,35.6,0.415,0,12.3,0.6561,0,7.3,0.4066,0,10,0.3568,0,15.3,0.3772,0,0,0,0,7.1,0.5289,13.09456559,0.2546,2.8,0.2875,8.5,0.4262,10.33215755,0.2644,0.209107807,0.4558,15.3,0.5703,15.14784295,0.7202,17.9,0.5,4.7,0.3746,0.4383,0.3605,2.167759931,0.5253,50.44703082,0.2375,1.6,0.2322,19,0.7693,11.90253046,0.1663,0.333333333,0.458,1,0.8463,0.4621,0.5566,0.2634,0.1259
13,GA,Georgia,31054,1331054,0,1671,92,1,0,9.466666667,0.2553,0.6276,0.6495,6.6,0.4802,0,39.3,0.7178,1,13.7,0.7973,1,8.1,0.5414,0,10.7,0.6183,0,17.4,0.6837,1,3,0.5,0.6536,11.9,0.7676,28.77076412,0.7136,2.6,0.2638,10.9,0.5554,13.1092437,0.4625,1.24137931,0.6948,14.1,0.4943,15.38461538,0.7308,12.6,0.189,3.7,0.2453,0.5117,0.547,2.047583282,0.5118,58.71913016,0.1604,9.1,0.8208,29.3,0.8925,27.03213611,0.6065,0,0,1,0.8463,0.5483,0.7523,0.6506,0.8205
13,GA,Georgia,31055,1331055,0,8245,83,1,0,11.7,0.411,0.7055,0.7541,7.9,0.7645,1,43,0.9122,1,17,0.9504,1,9.9,0.8025,1,10.6,0.5818,0,18.4,0.7949,1,5,0.8333,0.8437,10.4,0.7092,48.4686881,0.946,0.6,0.125,34.8,0.9692,11.21807466,0.3227,16.98492462,0.9808,11.5,0.3187,18.19188192,0.8279,14.3,0.2748,7.1,0.7677,0.6242,0.8181,1.288850345,0.3812,50.94465135,0.233,5,0.5802,25.7,0.8575,39.56442831,0.8282,0,0,0.333333333,0.6092,0.4985,0.6471,0.7658,0.9377
13,GA,Georgia,31057,1331057,0,2182,20,0.25,0,6.2,0.1028,0.1764,0.0188,8.2,0.8138,1,42.8,0.9051,1,19.2,0.9816,1,9.9,0.8025,1,11.9,0.9011,1,18.2,0.7754,1,6,1,0.9102,13.6,0.8212,39.88677303,0.8877,16.7,0.9669,21.4,0.8659,21.71617162,0.8867,0,0,17.6,0.6964,9.517241379,0.3978,24.4,0.8048,7.8,0.8407,0.7168,0.9648,0.505939999,0.1237,38.81222923,0.3534,23.5,0.9689,22.8,0.8229,33.41288783,0.7448,0,0,0.333333333,0.6092,0.5176,0.6889,0.6457,0.8135
13,GA,Georgia,31058,1331058,0,2123,20,0.25,0,5,0.0685,0.1592,0.0143,7.8,0.7465,1,38,0.6132,0,14.7,0.8647,1,10.4,0.8481,1,11.2,0.7745,1,19,0.8449,1,5,0.8333,0.8437,9.1,0.6471,31.68151448,0.7746,7.1,0.7734,19.8,0.8366,17.54789272,0.7486,0,0,19.6,0.7828,24.8,0.9319,15.9,0.3714,7.1,0.7677,0.6634,0.8957,0.952892733,0.2834,38.42161765,0.3575,6.7,0.7099,61.9,0.9937,16.75461741,0.296,0,0,0,0,0.3772,0.3251,0.5197,0.6019
13,GA,Georgia,31060,1331060,0,1915,67,0.75,0,11.15,0.3641,0.557,0.5118,8.7,0.877,1,37.5,0.5708,0,15.5,0.9033,1,10.7,0.8728,1,10.5,0.545,0,17.7,0.7205,1,4,0.6667,0.7602,11.4,0.7499,25.03045067,0.6211,5.5,0.6383,18.2,0.8035,18.29011913,0.7823,0,0,18.5,0.7383,12.34042553,0.5751,22.8,0.7558,4.1,0.2904,0.5955,0.7558,0.640601986,0.1738,48.76000851,0.2544,5.9,0.6549,24.4,0.8435,20.10943912,0.4024,0,0,0.333333333,0.6092,0.4197,0.4421,0.6175,0.7728
13,GA,Georgia,31061,1331061,0,43755,85,1,0,9.485714286,0.2561,0.628,0.65,6,0.3488,0,39.7,0.7463,1,13.1,0.7454,1,7.5,0.4403,0,11.3,0.7987,1,19.4,0.8742,1,4,0.6667,0.7602,11.5,0.7537,33.53714228,0.8067,8.5,0.8444,13.1,0.6485,16.16764556,0.6722,0.661897114,0.5917,15.2,0.5641,10.90652358,0.4855,15.2,0.328,4.7,0.3746,0.6069,0.7822,2.801322823,0.5762,58.04044639,0.1667,7.5,0.7543,18.3,0.7583,42.47366417,0.8551,0.333333333,0.458,0.666666667,0.797,0.6237,0.8683,0.7652,0.9373
13,GA,Georgia,31062,1331062,0,495,92,1,0,9.8,0.2715,0.6358,0.6623,19.5,0.9996,1,40.5,0.7968,1,26.2,0.9995,1,14.3,0.9851,1,8.4,0.0302,0,12.8,0.0945,0,4,0.6667,0.7602,55,0.9981,96.69421488,0.9973,42.1,0.9971,28.8,0.9432,-999,-999,0,0,69,0.9978,0,0,45.7,0.9759,0,0,0.6566,0.8837,29.01474778,0.8534,15.20626632,0.6127,-999,-999,0,0,-999,-999,0,0,0.666666667,0.797,0.4526,0.5322,0.7096,0.8879
13,GA,Georgia,31063,1331063,0,5666,74,0.75,0,6.3,0.1065,0.4282,0.2584,7.4,0.665,0,43.4,0.9248,1,18.3,0.9725,1,9.6,0.7675,1,12.3,0.9394,1,19.3,0.8671,1,5,0.8333,0.8437,22,0.9499,41.40166093,0.9011,11.4,0.9191,21.6,0.8689,14.79064709,0.5839,1.656879195,0.7433,11.4,0.3112,12.64542236,0.5933,15.9,0.3714,4.8,0.3895,0.6632,0.8952,1.280510419,0.3793,33.88865793,0.4011,14.2,0.9219,23.5,0.8324,37.72798332,0.8058,0,0,0.333333333,0.6092,0.5642,0.7815,0.6947,0.8727
13,GA,Georgia,31064,1331064,0,9450,83,1,0,4.9,0.0671,0.5336,0.4624,6.9,0.5508,0,40.4,0.7905,1,14,0.8189,1,8.7,0.6428,0,10.8,0.6526,0,17.8,0.7322,1,3,0.5,0.6536,10.5,0.7133,32.35708862,0.7859,6.2,0.7067,16.6,0.7642,11.91933241,0.3743,0.605992593,0.5782,18.5,0.7383,16.26426108,0.7666,18.1,0.5132,6,0.5991,0.654,0.8781,0.635895764,0.1722,63.97856914,0.1122,6.4,0.6903,13.8,0.6703,25.98948242,0.5777,0.666666667,0.618,0,0,0.4058,0.4029,0.5992,0.7441
13,GA,Georgia,31065,1331065,0,1118,20,0.25,0,9.866666667,0.2781,0.264,0.0661,6.8,0.5269,0,38.5,0.6554,0,14.9,0.8763,1,7.3,0.4066,0,10.3,0.4679,0,15.3,0.3772,0,1,0.1667,0.3497,7.9,0.5811,21.1621856,0.508,2.2,0.2244,9.2,0.4662,16.81318681,0.7097,0.258175559,0.474,16.3,0.6296,47.43875278,0.9912,26.1,0.845,0.6,0.0844,0.5514,0.6493,0.769073048,0.2205,45.2210037,0.2896,1.4,0.2144,40.9,0.9611,9.775967413,0.1223,0,0,0.666666667,0.797,0.3721,0.3121,0.3443,0.2569
13,GA,Georgia,31066,1331066,0,1147,89,1,0,6.666666667,0.1201,0.56,0.5187,8.3,0.8276,1,42.7,0.9017,1,17.8,0.9653,1,10.2,0.8312,1,11.2,0.7745,1,17.3,0.6711,1,6,1,0.9102,24.7,0.9658,25.32920217,0.6293,9.9,0.8883,28.4,0.9405,12.87804878,0.4454,0,0,10.5,0.2522,12.16730038,0.5647,20.6,0.6609,9,0.9126,0.626,0.822,0.493791992,0.1191,68.12471014,0.0794,0,0,28.4,0.8854,22.9468599,0.4903,0.333333333,0.458,0.333333333,0.6092,0.3773,0.3254,0.6441,0.811
13,GA,Georgia,31067,1331067,0,222,20,0.25,0,8.8,0.2172,0.2336,0.0381,11.6,0.9909,1,41.8,0.8647,1,21.6,0.9935,1,12.4,0.952,1,10.5,0.545,0,15.9,0.4655,0,4,0.6667,0.7602,2,0.1214,12.19512195,0.2282,0,0,12.3,0.6163,7.8125,0.1339,0,0,19.9,0.7939,12.17391304,0.5649,24.7,0.8123,1.4,0.1031,0.3374,0.149,0.873653071,0.2569,68.4403358,0.0771,10.6,0.8634,21.5,0.806,6.730769231,0.073,0,0,0.333333333,0.6092,0.3837,0.3423,0.3224,0.2159
13,GA,Georgia,31068,1331068,0,5425,46,0.5,0,5.7,0.0893,0.2947,0.0934,6.4,0.4347,0,43.4,0.9248,1,15.7,0.9114,1,8.6,0.6266,0,11.2,0.7745,1,19.3,0.8671,1,4,0.6667,0.7602,16.1,0.8811,38.67545872,0.8759,9.6,0.8803,32,0.9591,20.09622502,0.848,0.753041128,0.6117,20.5,0.8125,7.95287187,0.3018,12.3,0.1766,2.8,0.1675,0.6514,0.8726,1.202231027,0.3596,52.33108937,0.2199,6.8,0.7159,42.5,0.9662,37.95620438,0.8085,0,0,0.333333333,0.6092,0.5256,0.7061,0.6081,0.7589
13,GA,Georgia,31069,1331069,0,18948,87,1,0,7,0.1321,0.566,0.5335,5.9,0.3285,0,38.3,0.6394,0,11.9,0.6048,0,6.8,0.3281,0,10.4,0.5077,0,16.4,0.5396,0,0,0,0,10,0.6909,22.88034763,0.5601,9.1,0.8657,8,0.3969,13.72230128,0.5092,0.296108291,0.4875,13.8,0.4748,11.60884697,0.5291,15.5,0.3462,6.8,0.7284,0.5589,0.6691,4.697458132,0.6487,35.81703148,0.3819,7.3,0.7445,6.4,0.475,34.65215082,0.7645,0,0,1,0.8463,0.5516,0.7587,0.4903,0.5441
13,GA,Georgia,31070,1331070,0,998,20,0.25,0,6.333333333,0.1075,0.1788,0.0196,7.4,0.665,0,38.6,0.6637,0,14.4,0.8473,1,9.2,0.7166,1,10.7,0.6183,0,17.9,0.7441,1,3,0.5,0.6536,18.9,0.9224,19.8915009,0.4696,6,0.6889,13.9,0.6779,12.20806794,0.3955,0.262927257,0.4758,14.2,0.5002,11.84433164,0.5448,22.6,0.7491,3.2,0.1975,0.5622,0.6773,1.571828871,0.4447,18.47740368,0.5691,3.2,0.4037,18.8,0.7661,21.23287671,0.4366,0,0,0.333333333,0.6092,0.4613,0.5546,0.4763,0.5166
13,GA,Georgia,31071,1331071,0,1199,74,0.75,0,7.6,0.1561,0.453,0.2979,8.3,0.8276,1,42.3,0.887,1,17,0.9504,1,10,0.8125,1,11.2,0.7745,1,17.8,0.7322,1,6,1,0.9102,14.9,0.8553,39.19678715,0.8814,10.2,0.8954,21,0.8599,16.51785714,0.6924,0,0,18.3,0.7296,3.043478261,0.0871,16.7,0.4241,6.9,0.7425,0.6168,0.803,1.018920417,0.305,27.6990107,0.4618,8.2,0.7864,19.9,0.7829,19.3877551,0.3806,0,0,0.333333333,0.6092,0.4751,0.5906,0.6504,0.8202
13,GA,Georgia,31072,1331072,0,1326,74,0.75,0,6.75,0.1226,0.4363,0.2708,7.5,0.6855,1,35.9,0.4382,0,12.9,0.7251,1,9.1,0.7023,1,10.3,0.4679,0,17.5,0.6969,1,4,0.6667,0.7602,20.3,0.9368,28.19488818,0.7006,2.5,0.2531,17.1,0.7774,12.61083744,0.4263,0.73831009,0.6087,17.5,0.6918,30.71895425,0.9668,16.2,0.3911,4.6,0.3594,0.6112,0.7905,0.860367818,0.2527,40.90116122,0.3329,3.5,0.437,37.1,0.9443,16.34241245,0.2843,0,0,0.333333333,0.6092,0.4086,0.4106,0.558,0.6752
13,GA,Georgia,31075,1331075,0,2496,54,0.75,0,10.4,0.31,0.53,0.4529,7.5,0.6855,1,40.8,0.8143,1,14.7,0.8647,1,10.4,0.8481,1,11.3,0.7987,1,20.3,0.9227,1,6,1,0.9102,12.1,0.7749,37.10543989,0.8586,3.7,0.4104,18.4,0.8088,10.88746569,0.3005,0,0,10.7,0.2653,15.26452732,0.7255,15.4,0.3402,7.1,0.7677,0.5252,0.5822,1.02374956,0.3064,50.74672431,0.2348,1.3,0.2054,42.6,0.9666,21.83235867,0.4547,0,0,0.333333333,0.6092,0.3967,0.3772,0.5806,0.7145
13,GA,Georgia,31076,1331076,0,3064,53,0.75,0,5.466666667,0.0819,0.416,0.2365,9,0.907,1,45.5,0.9677,1,19.1,0.9807,1,11.3,0.909,1,11.9,0.9011,1,19,0.8449,1,6,1,0.9102,20.1,0.9351,43.68336026,0.919,14.2,0.952,21.5,0.8676,19.06614786,0.8148,1.316222442,0.7061,22.2,0.8588,11.54545455,0.5254,24.7,0.8123,2.7,0.1606,0.7552,0.9886,1.196934112,0.3578,47.1809557,0.27,14.4,0.9238,29.7,0.8963,24.19354839,0.5275,0,0,0,0,0.4251,0.4564,0.6479,0.8166
13,GA,Georgia,31077,1331077,0,1275,95,1,0,10.8,0.3371,0.6686,0.7071,8.9,0.8975,1,38.9,0.6881,1,17.5,0.9603,1,10.7,0.8728,1,10.9,0.6871,1,18.1,0.7656,1,6,1,0.9102,7.8,0.5742,41.34615385,0.9005,6.4,0.7227,8.4,0.4211,19.07894737,0.8152,0.152788388,0.4336,15.6,0.5888,10.42084168,0.4541,20.5,0.6557,4,0.2781,0.5844,0.7296,0.476650343,0.1134,57.44962184,0.172,5.6,0.6311,33.5,0.9249,24.30555556,0.5305,0,0,0.333333333,0.6092,0.4259,0.4588,0.7014,0.8801
13,GA,Georgia,31078,1331078,0,3566,87,1,0,6.866666667,0.1287,0.5644,0.5292,7.6,0.7055,1,43.8,0.9354,1,17.3,0.9568,1,9.5,0.7561,1,11.7,0.8748,1,18.4,0.7949,1,6,1,0.9102,13.3,0.8117,38.94092219,0.8784,3.1,0.3254,23.7,0.8977,17.5720359,0.7496,0.333456836,0.5002,25.1,0.9108,15.57894737,0.7397,21.4,0.6996,5.7,0.5455,0.7059,0.9553,1.167771665,0.3491,60.20651082,0.1471,13.3,0.9115,32.2,0.9161,29.86547085,0.6743,0.333333333,0.458,0.333333333,0.6092,0.5808,0.8092,0.801,0.9619
13,GA,Georgia,31079,1331079,0,2398,78,1,0,7.8,0.1671,0.5836,0.5707,7.7,0.7262,1,39,0.6954,1,15.1,0.8865,1,9.2,0.7166,1,10.7,0.6183,0,17.8,0.7322,1,5,0.8333,0.8437,14.3,0.8402,29.92766727,0.7393,8.3,0.8369,12.6,0.6278,14.85943775,0.5882,3.036144578,0.8339,14,0.4877,16.46542261,0.7743,22.3,0.7375,6.2,0.633,0.7099,0.9589,1.020578436,0.3054,38.22245483,0.3593,6.9,0.7225,26.6,0.8666,22.14839424,0.4647,0,0,0.333333333,0.6092,0.4754,0.5914,0.7412,0.918
13,GA,Georgia,31081,1331081,0,251,-999,-999,-999,10.28333333,0.3053,0.3053,0.1035,9.9,0.9592,1,42.5,0.8948,1,18.2,0.9714,1,12.4,0.952,1,10.9,0.6871,1,18.9,0.8376,1,6,1,0.9102,0,0,100,0.9974,-999,-999,0,0,100,0.9975,0,0,0,0,-999,-999,0,0,0,0,0.2494,0.0429,0.906247281,0.2686,60.95777558,0.1401,0,0,100,0.9992,0,0,0,0,0,0,0.2011,0.0388,0.2738,0.1404
13,GA,Georgia,31082,1331082,0,10408,78,1,0,8.76,0.2165,0.6082,0.6196,7.4,0.665,0,42.4,0.8912,1,16.4,0.9353,1,8.9,0.6728,1,11.3,0.7987,1,17.9,0.7441,1,5,0.8333,0.8437,11.2,0.7422,33.74233129,0.8101,4.8,0.558,14.9,0.7131,13.4356745,0.4876,0.480087289,0.5449,18,0.7151,7.807087663,0.293,19.3,0.5897,5.8,0.5645,0.6018,0.7705,1.752530034,0.4736,58.94549559,0.1585,11.5,0.8826,20.9,0.7975,34.39588689,0.7606,0,0,0.666666667,0.797,0.5528,0.7612,0.7488,0.9246
13,GA,Georgia,31083,1331083,0,362,94,1,0,10.2,0.2966,0.6483,0.6791,8.1,0.7976,1,43.2,0.9185,1,16.9,0.9482,1,11.7,0.9274,1,12.1,0.9228,1,20.2,0.9186,1,6,1,0.9102,25.6,0.9697,53.10880829,0.964,0.8,0.1325,13.6,0.667,6.319702602,0.0812,0,0,4.7,0.0317,8.8,0.3524,11.9,0.1608,2.6,0.1546,0.3514,0.1734,2.44243392,0.5499,68.49640649,0.0768,1.6,0.2322,39.2,0.9545,27.77777778,0.6253,0,0,0.333333333,0.6092,0.4354,0.4856,0.5621,0.6828
13,GA,Georgia,31084,1331084,0,129,-999,-999,0,7.2,0.1396,0.1396,0.0095,7.2,0.622,0,34.7,0.352,0,11.6,0.564,0,8.6,0.6266,0,10.1,0.3953,0,17.4,0.6837,1,1,0.1667,0.3497,52.3,0.9977,0,0,0,0,13.8,0.6744,18.46153846,0.7897,0,0,6.2,0.0541,64.86486486,0.9974,35.4,0.943,0,0,0.4456,0.3782,4.554562363,0.6448,37.52631579,0.3661,0,0,38.7,0.9521,0,0,0,0,0.333333333,0.6092,0.3675,0.3006,0.2595,0.1212
13,GA,Georgia,31085,1331085,0,1043,91,1,0,4.9,0.0671,0.5336,0.4624,6.8,0.5269,0,40.6,0.8027,1,14.3,0.8406,1,8.6,0.6266,0,10.9,0.6871,1,17.9,0.7441,1,4,0.6667,0.7602,20.8,0.9405,22.12148685,0.5374,3.1,0.3254,25.8,0.921,7.433217189,0.1188,5.128205128,0.8968,12.2,0.3658,14.6,0.6957,16.8,0.4307,5.6,0.5283,0.576,0.7098,0.557066323,0.1428,61.98057906,0.1303,3.4,0.4265,27.2,0.8733,19.79166667,0.393,0.666666667,0.618,0,0,0.3691,0.3045,0.5592,0.6775
13,GA,Georgia,31087,1331087,0,9656,75,1,0,9,0.227,0.6135,0.6266,8,0.7815,1,44.1,0.9429,1,19.2,0.9816,1,9.7,0.7788,1,11.6,0.8587,1,18.1,0.7656,1,6,1,0.9102,10.8,0.7267,38.68153175,0.876,3.1,0.3254,26.1,0.9235,21.29906356,0.8781,0.324246427,0.497,15.8,0.6011,4.555913484,0.1315,23.5,0.7789,3.8,0.2556,0.5994,0.7648,0.537626951,0.1361,66.01801444,0.0954,12.3,0.8977,40.6,0.9598,27.76486217,0.6249,0.333333333,0.458,0.666666667,0.797,0.567,0.786,0.7719,0.9423
13,GA,Georgia,31088,1331088,0,50163,76,1,0,8.45,0.2037,0.6018,0.6058,5.1,0.1812,0,37.8,0.5965,0,10.7,0.4297,0,6.1,0.228,0,10.5,0.545,0,17.1,0.6422,0,0,0,0,13.3,0.8117,23.29967513,0.5735,6.2,0.7067,8,0.3969,12.05145244,0.3846,3.095647572,0.8369,13.1,0.4271,9.358577496,0.3873,11.4,0.142,7.3,0.7914,0.5458,0.6349,23.02752686,0.8228,26.96013479,0.4694,3.3,0.4149,5,0.4265,37.08107096,0.7983,0.333333333,0.458,1,0.8463,0.6052,0.8452,0.5215,0.6056
13,GA,Georgia,31089,1331089,0,4838,78,1,0,9.1,0.2335,0.6168,0.6343,7.2,0.622,0,43.7,0.9331,1,16.4,0.9353,1,9.3,0.7305,1,11.8,0.8893,1,19.4,0.8742,1,5,0.8333,0.8437,12.8,0.7968,41.34307903,0.9005,7.8,0.8135,20.5,0.8503,14.76997579,0.582,0,0,18.7,0.7473,8.4222347,0.3303,18.4,0.5328,7.9,0.8489,0.6402,0.8512,0.729173185,0.207,54.65028946,0.1981,8.4,0.7952,37.3,0.9453,42.03220433,0.8506,0,0,0.333333333,0.6092,0.5151,0.6832,0.7531,0.9281
13,GA,Georgia,31090,1331090,0,1038,78,1,0,9.4,0.249,0.6245,0.6465,9.1,0.9158,1,41,0.8256,1,18.1,0.9697,1,10.8,0.8794,1,10.8,0.6526,0,17.1,0.6422,0,4,0.6667,0.7602,16.5,0.8885,44.58661417,0.925,9.8,0.8861,16.6,0.7642,10.94808126,0.3043,0.936329588,0.647,14.3,0.5064,25.56390977,0.9384,29.1,0.8921,0.4,0.082,0.6834,0.9272,0.3610334,0.0744,72.80455013,0.0474,4.5,0.5366,20.9,0.7975,28.72340426,0.648,0,0,0.333333333,0.6092,0.3876,0.3526,0.6716,0.8466
13,GA,Georgia,31091,1331091,0,5189,61,0.75,0,6.866666667,0.1287,0.4394,0.2737,6.5,0.4567,0,41.9,0.8694,1,14.7,0.8647,1,7.9,0.5077,0,10.2,0.4313,0,17.3,0.6711,1,3,0.5,0.6536,12.7,0.7939,32.14511041,0.7824,3.9,0.4372,25,0.9125,20.68011072,0.8641,2.523584906,0.8071,19.3,0.7716,8.196721311,0.3166,17.6,0.4816,3.1,0.1889,0.6356,0.8422,1.804838945,0.4813,25.10862598,0.4895,13.2,0.9103,21.7,0.8085,29.40756602,0.6642,0,0,0.666666667,0.797,0.593,0.8268,0.6491,0.8184
13,GA,Georgia,31092,1331092,0,7420,72,0.75,0,6.24,0.1055,0.4278,0.2581,7.6,0.7055,1,40.9,0.8202,1,16.3,0.932,1,9.4,0.7429,1,11.2,0.7745,1,17.8,0.7322,1,6,1,0.9102,16.7,0.8924,35.51223802,0.8371,16.4,0.9655,20,0.8407,12.95450393,0.451,1.0978957,0.673,19.9,0.7939,12.74329783,0.5989,19,0.5712,4.2,0.3029,0.6927,0.94,1.526888847,0.4362,29.48017411,0.4441,10.9,0.8709,29.4,0.8934,34.43782576,0.7611,0,0,0.333333333,0.6092,0.5736,0.797,0.7263,0.9047
13,GA,Georgia,31093,1331093,0,28087,84,1,0,8.314285714,0.1971,0.5986,0.6009,6.4,0.4347,0,42.2,0.8831,1,14.1,0.8264,1,8.1,0.5414,0,11.5,0.8408,1,18.9,0.8376,1,4,0.6667,0.7602,16.7,0.8924,35.39429841,0.8355,8.7,0.8521,12.7,0.6326,16.30620515,0.6803,0.51815475,0.5563,16.5,0.6398,10.07242715,0.433,14.8,0.3039,5.3,0.474,0.63,0.8311,19.56096703,0.8049,31.5388533,0.4254,9.3,0.8279,7.9,0.5235,50.52518179,0.9092,0.333333333,0.458,1,0.8463,0.685,0.9309,0.7808,0.9489
13,GA,Georgia,31094,1331094,0,1114,77,1,0,8.8,0.2172,0.6086,0.6199,6.9,0.5508,0,40.3,0.7839,1,15,0.8812,1,8,0.5247,0,10.8,0.6526,0,16.6,0.5704,0,2,0.3333,0.5404,9.9,0.6864,25.17921147,0.6251,3,0.3122,14.1,0.6855,12.18026797,0.3937,0,0,23.5,0.8845,23.41920375,0.9192,17.6,0.4816,6.5,0.6827,0.5671,0.6892,0.47933607,0.1144,60.64163062,0.1427,0,0,62.7,0.9942,19.43231441,0.3819,0,0,0.333333333,0.6092,0.3203,0.1914,0.5102,0.5838
13,GA,Georgia,31096,1331096,0,7395,95,1,0,9.6,0.2597,0.6298,0.6527,7.2,0.622,0,43.2,0.9185,1,15.6,0.9069,1,9.1,0.7023,1,10.6,0.5818,0,18.2,0.7754,1,4,0.6667,0.7602,12,0.7712,31.5009265,0.7712,10.6,0.9033,25.7,0.9201,15.34727409,0.6199,0.146907595,0.4314,18.5,0.7383,15.2572234,0.7251,20,0.6293,3.3,0.2065,0.6716,0.9088,1.009239296,0.3015,49.98262891,0.2419,9.8,0.8435,31.5,0.9107,33.4,0.7446,0,0,0.333333333,0.6092,0.5216,0.6974,0.7548,0.9297
13,GA,Georgia,31097,1331097,0,1302,20,0.25,0,5.533333333,0.0833,0.1666,0.0162,7.1,0.5989,0,36.7,0.5029,0,14.2,0.8332,1,8.5,0.6098,0,10.5,0.545,0,16.3,0.5238,0,1,0.1667,0.3497,13,0.8029,16.72862454,0.3688,4.6,0.5327,18.1,0.8013,13.03501946,0.4566,0,0,24.8,0.9064,8.566108007,0.3382,14.7,0.2985,7.5,0.8126,0.5318,0.5995,0.476946397,0.1136,58.10144946,0.1664,3,0.381,26.7,0.8683,15.88983051,0.2711,0.333333333,0.458,0.333333333,0.6092,0.4097,0.4138,0.3448,0.2579
13,GA,Georgia,31098,1331098,0,2888,20,0.25,0,8.4,0.1987,0.2244,0.0339,1.9,0.0103,0,34.3,0.3284,0,5,0.0137,0,3.3,0.0172,0,10.4,0.5077,0,20.6,0.9339,1,1,0.1667,0.3497,5.5,0.4076,14.26271732,0.2904,3.1,0.3254,5.6,0.248,7.609805924,0.1256,0.347661188,0.5048,5.6,0.0433,9.706144256,0.4106,2.1,0.0216,9.3,0.9237,0.3301,0.1373,19.71622642,0.8059,55.05822558,0.1941,0.5,0.1506,0,0,99.5,0.9942,0.333333333,0.458,1,0.8463,0.4927,0.6328,0.2884,0.1614
13,GA,Georgia,31201,1331201,0,8761,96,1,0,8.542857143,0.2067,0.6034,0.6079,7.2,0.622,0,42.3,0.887,1,17.3,0.9568,1,9.1,0.7023,1,12.2,0.9313,1,20.7,0.9375,1,5,0.8333,0.8437,13.4,0.8153,53.92811479,0.9667,15.4,0.9605,22.9,0.8879,37.57087982,0.9813,0.599475459,0.5765,18.6,0.7429,7.613469985,0.2823,13.9,0.2532,4.6,0.3594,0.6826,0.9259,21.963072,0.8172,26.43512272,0.4756,35.6,0.9856,1.6,0.2769,79.45368171,0.9827,0.333333333,0.458,1,0.8463,0.6918,0.9354,0.8282,0.9754
13,GA,Georgia,31204,1331204,0,31482,86,1,0,8.471428571,0.2045,0.6022,0.6063,7.4,0.665,0,40.5,0.7968,1,16.9,0.9482,1,8.9,0.6728,1,12,0.9124,1,18.5,0.8042,1,5,0.8333,0.8437,16.4,0.8866,41.398206,0.9011,9.7,0.8831,16.8,0.77,22.41331612,0.8988,0.758155641,0.6128,18.7,0.7473,5.047890241,0.1502,17.3,0.4628,7.8,0.8407,0.7153,0.9634,24.50438666,0.8306,36.91756617,0.3721,15.1,0.9294,0.5,0.1976,52.13326534,0.9176,0.333333333,0.458,1,0.8463,0.6502,0.8985,0.828,0.9753
13,GA,Georgia,31206,1331206,0,29072,91,1,0,8.415384615,0.2033,0.6016,0.6057,7,0.5757,0,44.8,0.9566,1,17.4,0.9588,1,9.4,0.7429,1,12.9,0.9697,1,21.1,0.9496,1,5,0.8333,0.8437,17.7,0.9075,49.88879785,0.9522,9.9,0.8883,19.9,0.8386,16.75584342,0.7062,1.020494223,0.6616,15.5,0.5824,8.348717949,0.3256,10.3,0.1073,9.5,0.9298,0.69,0.9365,21.82002578,0.8166,41.64360225,0.3256,18.3,0.9508,3.9,0.3821,58.62068966,0.9423,0.333333333,0.458,1,0.8463,0.6745,0.9225,0.8271,0.9748
13,GA,Georgia,31207,1331207,0,974,95,1,1,8.4,0.1987,0.5994,0.6018,1,0.0052,0,27.6,0.0881,0,2.4,0.0065,0,3.3,0.0172,0,14.1,0.9911,1,32.8,0.999,1,2,0.3333,0.5404,3.1,0.2025,-999,-999,14.4,0.9534,0,0,-999,-999,0,0,3.3,0.0211,0,0,0,0,0,0,0.1471,0.0085,58.13476994,0.961,5.683467742,0.7759,-999,-999,-999,-999,-999,-999,0.333333333,0.458,0.666666667,0.797,0.748,0.9688,0.5299,0.6225
13,GA,Georgia,31210,1331210,0,30968,70,0.75,0,8.163636364,0.1875,0.4688,0.3276,5.5,0.2483,0,31.8,0.214,0,10,0.3272,0,5.7,0.1786,0,9.8,0.2874,0,14.7,0.2946,0,0,0,0,7.4,0.549,20.72206475,0.4953,3.7,0.4104,7,0.3346,17.64061644,0.7525,1.156069364,0.6825,13.5,0.4541,3.997520917,0.1129,17,0.4434,6,0.5991,0.4834,0.4726,11.97012907,0.7512,50.64286547,0.2356,6.5,0.6972,1.2,0.2535,46.33898797,0.8851,0.333333333,0.458,0.666666667,0.797,0.5825,0.8119,0.403,0.3677
13,GA,Georgia,31211,1331211,0,16282,88,1,0,8.833333333,0.2217,0.6108,0.6217,6.9,0.5508,0,41.1,0.8303,1,15.7,0.9114,1,8.4,0.5936,0,11.5,0.8408,1,18.2,0.7754,1,4,0.6667,0.7602,12,0.7712,36.08997901,0.8459,6.8,0.753,15.9,0.7444,19.20865742,0.82,0,0,18.4,0.7337,4.706269541,0.1368,19.2,0.5838,8,0.8568,0.6246,0.819,4.136297605,0.6316,60.22257534,0.1468,8.7,0.8067,7.8,0.5204,41.97103275,0.8498,0.333333333,0.458,1,0.8463,0.6085,0.8496,0.7626,0.9355
13,GA,Georgia,31216,1331216,0,16109,86,1,0,8.4,0.1987,0.5994,0.6018,6.5,0.4567,0,35.5,0.4073,0,11.8,0.5913,0,7.5,0.4403,0,10,0.3568,0,16.4,0.5396,0,0,0,0,14,0.8324,22.81026558,0.5579,5.5,0.6383,13.2,0.652,11.22256022,0.3231,2.454522801,0.803,15.3,0.5703,9.110109828,0.3718,16.7,0.4241,4.5,0.3446,0.5518,0.6503,9.492328327,0.7268,40.91857805,0.3327,2.9,0.3705,11.4,0.6163,18.90896921,0.3652,0.333333333,0.458,1,0.8463,0.5308,0.7171,0.4923,0.549
13,GA,Georgia,31217,1331217,0,18408,89,1,0,8.933333333,0.2254,0.6127,0.6251,7.9,0.7645,1,43.5,0.9278,1,18.6,0.9764,1,10.1,0.8222,1,12.2,0.9313,1,19.5,0.8812,1,6,1,0.9102,14.6,0.8481,45.51266137,0.9309,7.6,0.8037,17.8,0.7941,15.67430025,0.6416,0.090591433,0.4114,18.4,0.7337,13.22482197,0.6249,15.7,0.3588,6.2,0.633,0.678,0.9188,4.104870119,0.6307,59.36915298,0.1542,10.8,0.8688,15.8,0.712,36.72164254,0.7946,0.333333333,0.458,1,0.8463,0.6378,0.8854,0.8349,0.9786
13,GA,Georgia,31220,1331220,0,13839,67,0.75,0,7.466666667,0.1525,0.4512,0.296,5,0.1665,0,33.3,0.278,0,10,0.3272,0,5.6,0.1678,0,9.9,0.3207,0,15.1,0.3488,0,0,0,0,7.9,0.5811,17.24043529,0.3847,5,0.5821,7.6,0.3725,14.62115922,0.5727,1.563160118,0.7339,11.6,0.3249,5.70456627,0.1787,16.3,0.3968,4.4,0.3298,0.4457,0.3786,3.575874028,0.6136,54.7796891,0.1968,2.3,0.3059,2.6,0.3249,35.88567396,0.782,0.333333333,0.458,0.666666667,0.797,0.4969,0.6435,0.3295,0.2297
13,GA,Georgia,31301,1331301,0,4591,20,0.25,0,11.7,0.411,0.3305,0.1282,4.9,0.1522,0,40.8,0.8143,1,13.5,0.7813,1,6.7,0.3111,0,11.7,0.8748,1,19.8,0.8984,1,4,0.6667,0.7602,20.7,0.9398,35.21903104,0.8327,11,0.9123,8.3,0.4149,26.18343195,0.9429,0.873634945,0.6369,14.6,0.5262,6.265984655,0.2081,6,0.0353,7,0.755,0.6204,0.8096,3.156573123,0.5949,58.28538419,0.1647,7.1,0.734,56.4,0.9897,64.31137725,0.9595,0,0,0.333333333,0.6092,0.5789,0.8055,0.6259,0.7855
13,GA,Georgia,31302,1331302,0,7853,87,1,0,9.6,0.2597,0.6298,0.6527,5.1,0.1812,0,33.4,0.2826,0,9.5,0.2575,0,6.3,0.2527,0,9.5,0.1987,0,15.8,0.4506,0,0,0,0,8.6,0.6218,21.96249679,0.533,3.9,0.4372,13.5,0.6637,16.00587372,0.6623,0.096127438,0.4132,16.9,0.6623,16.604378,0.7784,17.9,0.5,6.6,0.6979,0.597,0.7593,3.818463405,0.6218,49.97814643,0.242,5.4,0.614,26.6,0.8666,28.03970223,0.6317,0,0,0.333333333,0.6092,0.5122,0.6774,0.5224,0.6077
13,GA,Georgia,31303,1331303,0,1999,83,1,0,9.4,0.249,0.6245,0.6465,5.8,0.3082,0,40.4,0.7905,1,12.5,0.6807,1,6.8,0.3281,0,10.2,0.4313,0,15.8,0.4506,0,2,0.3333,0.5404,10.6,0.7176,11.81953766,0.2175,0.8,0.1325,19.1,0.8227,8.388408744,0.1586,0,0,10,0.2204,11.63911846,0.5308,8.7,0.0689,7,0.755,0.3624,0.193,0.528776687,0.1326,54.89626615,0.1956,0,0,36.9,0.9432,19.17040359,0.3739,0,0,0.333333333,0.6092,0.3221,0.1953,0.3938,0.3487
13,GA,Georgia,31304,1331304,0,132,-999,-999,-999,12.26333333,0.4598,0.4598,0.312,6.9,0.5508,0,41.3,0.841,1,16,0.9229,1,8.1,0.5414,0,11,0.719,1,17.2,0.6568,0,3,0.5,0.6536,100,0.9996,0,0,0,0,0,0,100,0.9975,0,0,0,0,0,0,0,0,0,0,0.1997,0.0189,0.254160543,0.0411,16.78908091,0.5909,0,0,0,0,0,0,0,0,0,0,0.0903,0.0037,0.247,0.1055
13,GA,Georgia,31305,1331305,0,5989,88,1,0,11,0.3521,0.676,0.7169,7.8,0.7465,1,39.8,0.7528,1,15.8,0.9155,1,9.7,0.7788,1,11,0.719,1,17.9,0.7441,1,6,1,0.9102,16.1,0.8811,35.44614224,0.8364,4.6,0.5327,14.7,0.7062,13.44692609,0.4886,0.190912562,0.4481,25.3,0.9133,7.931034483,0.3007,27,0.8625,3.2,0.1975,0.6167,0.8027,1.783763967,0.478,28.14669425,0.4571,6.5,0.6972,30.8,0.9055,29.70550576,0.6711,0,0,0,0,0.4584,0.5464,0.744,0.9204
13,GA,Georgia,31307,1331307,0,998,20,0.25,0,10,0.2829,0.2664,0.0675,5,0.1665,0,37.4,0.5626,0,9.6,0.2721,0,6.3,0.2527,0,9.8,0.2874,0,16,0.4798,0,0,0,0,7,0.5216,4.435058078,0.045,6.4,0.7227,17.6,0.7892,3.921568627,0.0361,0,0,4.5,0.0293,27.2260274,0.9498,12.1,0.1689,5,0.4216,0.3684,0.2047,3.726194869,0.6187,57.06879048,0.1754,0,0,40.1,0.9581,14.93902439,0.2429,0,0,0.333333333,0.6092,0.372,0.3117,0.146,0.0244
13,GA,Georgia,31308,1331308,0,7305,75,1,0,10,0.2829,0.6414,0.6699,6.1,0.3702,0,36.6,0.495,0,11.3,0.5201,0,8.2,0.5596,0,10.6,0.5818,0,18.5,0.8042,1,1,0.1667,0.3497,17.2,0.9004,20.44444444,0.486,9,0.8618,21.3,0.8644,13.23071285,0.4716,0.957076566,0.6504,18.7,0.7473,24.25324675,0.9277,14,0.2586,4.9,0.4067,0.6575,0.8856,2.082233674,0.5161,50.79946328,0.2342,5,0.5802,44.2,0.9713,21.31961689,0.4397,0,0,0.333333333,0.6092,0.4787,0.6001,0.6263,0.7863
13,GA,Georgia,31309,1331309,0,1210,20,0.25,0,10.38571429,0.3099,0.28,0.0786,5.8,0.3082,0,35.9,0.4382,0,12.1,0.6309,0,7.3,0.4066,0,10.4,0.5077,0,17.3,0.6711,1,1,0.1667,0.3497,14.6,0.8481,21.12676056,0.5071,3.2,0.3395,14.1,0.6855,15.41725601,0.6243,0,0,35.4,0.9747,35.07462687,0.978,30.1,0.9025,0,0,0.586,0.7335,0.773857637,0.2225,66.24026268,0.0932,14.9,0.928,42.7,0.9669,20.45454545,0.4121,0,0,0.333333333,0.6092,0.4617,0.5555,0.4293,0.4216
13,GA,Georgia,31312,1331312,0,16443,80,1,0,9.7,0.2678,0.6339,0.6595,4.8,0.1385,0,38.1,0.6214,0,9.5,0.2575,0,6.3,0.2527,0,10,0.3568,0,16.9,0.6143,0,0,0,0,7,0.5216,11.81109936,0.2173,3.2,0.3395,11.2,0.5689,8.837148634,0.1801,0.177018795,0.4428,12.1,0.3586,14.30115982,0.6822,10.3,0.1073,8,0.8568,0.4275,0.3345,1.675178574,0.4616,56.7067835,0.1783,1.9,0.2635,26,0.8603,13.4593191,0.2049,0,0,0.333333333,0.6092,0.3683,0.3025,0.3241,0.2193
13,GA,Georgia,31313,1331313,0,40302,52,0.75,0,10.91428571,0.349,0.5495,0.4958,4.2,0.0732,0,37.9,0.605,0,11.6,0.564,0,5.6,0.1678,0,11.2,0.7745,1,18.9,0.8376,1,2,0.3333,0.5404,10.7,0.7223,29.89074727,0.7384,9.8,0.8861,8.2,0.4091,13.70086957,0.5077,1.819578999,0.7585,13.7,0.4673,9.04839112,0.3676,8.1,0.0585,10,0.9433,0.5859,0.7333,7.045788745,0.6957,52.04976039,0.2227,5.7,0.6391,10.4,0.5928,53.47763708,0.9241,0,0,0.333333333,0.6092,0.5262,0.7074,0.6192,0.7755
13,GA,Georgia,31314,1331314,0,1931,20,0.25,1,10.86666667,0.3458,0.2979,0.0954,0.9,0.0044,0,24,0.031,0,2,0.0049,0,1.6,0.0018,0,8.1,0.0135,0,18.5,0.8042,1,1,0.1667,0.3497,-999,-999,-999,-999,-999,-999,0,0,-999,-999,0,0,-999,-999,-999,-999,0,0,0,0,0,0,25.5346,0.8361,40.11022928,0.3405,-999,-999,-999,-999,-999,-999,0,0,0.333333333,0.6092,0.4464,0.5144,0.2399,0.0978
13,GA,Georgia,31315,1331315,0,7488,20,0.25,1,10.73333333,0.335,0.2925,0.0909,1.4,0.0085,0,33.7,0.2972,0,4.3,0.0113,0,3.3,0.0172,0,11.4,0.8207,1,23.5,0.9847,1,2,0.3333,0.5404,3.5,0.235,33.73223635,0.8101,13.4,0.9445,4.8,0.2006,4.921217354,0.0493,1.289105487,0.7022,7,0.0754,30.34524531,0.9656,0,0,20.7,0.996,0.4979,0.5114,14.53757941,0.7712,40.83423953,0.3335,1.9,0.2635,2.5,0.3204,100,0.9944,0,0,0.333333333,0.6092,0.4703,0.5787,0.4304,0.4238
13,GA,Georgia,31316,1331316,0,9749,51,0.75,0,12.045,0.4443,0.5972,0.5965,5.5,0.2483,0,37.3,0.5528,0,11.7,0.5779,0,7.3,0.4066,0,10.8,0.6526,0,19.1,0.8527,1,1,0.1667,0.3497,11.7,0.7608,29.96187325,0.7401,12.9,0.9385,11.6,0.587,8.661336613,0.171,1.165004188,0.6834,18.5,0.7383,12.06467662,0.5584,9.8,0.0932,7,0.755,0.6026,0.772,0.855710351,0.2511,62.84415614,0.123,3.4,0.4265,37.5,0.9465,24.85008395,0.5466,0,0,0.333333333,0.6092,0.4147,0.4278,0.5365,0.6355
13,GA,Georgia,31318,1331318,0,341,20,0.25,0,10,0.2829,0.2664,0.0675,6.8,0.5269,0,36.6,0.495,0,11.4,0.5354,0,7.7,0.4743,0,9.6,0.2268,0,14.7,0.2946,0,0,0,0,26.4,0.9729,0,0,0,0,27.6,0.9356,0,0,0,0,11.9,0.3447,17.34317343,0.8029,10.9,0.1255,0,0,0.3182,0.1195,8.911480688,0.7201,50.69849375,0.2352,0,0,8.5,0.5412,10.09174312,0.1282,0,0,0.333333333,0.6092,0.3191,0.189,0.094,0.0069
13,GA,Georgia,31320,1331320,0,8794,63,0.75,0,12.2,0.4519,0.601,0.6044,6.3,0.4138,0,37.2,0.5442,0,13.9,0.8114,1,7.6,0.4575,0,10.7,0.6183,0,16.8,0.5996,0,1,0.1667,0.3497,16.9,0.8957,23.90876917,0.5913,8.5,0.8444,13.9,0.6779,13.19993274,0.4697,0.450511945,0.5365,17.9,0.7109,10.3043754,0.4467,17.2,0.4564,5.7,0.5455,0.6175,0.8044,1.304762195,0.3856,41.7281766,0.3248,4.5,0.5366,27.1,0.8724,27.38709677,0.6157,0,0,0.333333333,0.6092,0.4778,0.5976,0.589,0.728
13,GA,Georgia,31321,1331321,0,6326,89,1,0,10,0.2829,0.6414,0.6699,6.6,0.4802,0,37.7,0.5876,0,13,0.736,1,8.5,0.6098,0,10.8,0.6526,0,18.1,0.7656,1,2,0.3333,0.5404,14.2,0.8373,35.04478365,0.8308,12.3,0.9316,17.1,0.7774,5.811936155,0.0683,0.053814072,0.4001,18.1,0.7201,25.89090909,0.9407,14.1,0.2635,6.5,0.6827,0.6452,0.8608,1.185498057,0.3546,56.8465654,0.1773,5.5,0.6227,33.5,0.9249,27.70219199,0.6232,0,0,0.333333333,0.6092,0.4731,0.5861,0.6643,0.8376
13,GA,Georgia,31322,1331322,0,21137,90,1,0,9.2,0.237,0.6185,0.6358,3.7,0.0416,0,30.2,0.1567,0,8.2,0.1174,0,4.7,0.0817,0,9.5,0.1987,0,16,0.4798,0,0,0,0,9.5,0.6674,12.11911091,0.2254,6.2,0.7067,7.3,0.3535,10.51384196,0.2769,1.717417783,0.7487,12,0.3518,6.22483107,0.2057,8.5,0.0652,5.7,0.5455,0.4147,0.3041,21.14367909,0.8135,39.10937853,0.3507,1.9,0.2635,5.9,0.4583,43.02433972,0.8602,0,0,0.333333333,0.6092,0.4793,0.6016,0.3854,0.3328
13,GA,Georgia,31323,1331323,0,1762,20,0.25,0,12,0.4343,0.3422,0.1395,7.9,0.7645,1,44.3,0.9474,1,21.2,0.9924,1,9.1,0.7023,1,12.1,0.9228,1,17.6,0.7082,1,6,1,0.9102,7.1,0.5289,34.42754203,0.8212,9.3,0.8717,21.3,0.8644,21.9941349,0.8921,0,0,22.4,0.863,12.81512605,0.603,33.7,0.933,4,0.2781,0.6655,0.8994,0.555277336,0.1421,50.30936965,0.2387,4.6,0.5448,46.5,0.9767,14.99148211,0.2437,0,0,0.333333333,0.6092,0.3936,0.3691,0.5796,0.7129
13,GA,Georgia,31324,1331324,0,20495,64,0.75,0,11.2,0.3654,0.5577,0.5137,4.2,0.0732,0,34.2,0.3228,0,8.8,0.1758,0,5,0.1064,0,9.6,0.2268,0,15.3,0.3772,0,0,0,0,8.6,0.6218,14.48294122,0.2979,4.9,0.5698,4.9,0.2059,8.181572548,0.1486,1.233562676,0.6937,10.9,0.2787,6.589440107,0.2239,8.8,0.0709,7.9,0.8489,0.396,0.2619,2.824361764,0.5776,41.78588793,0.3241,3.8,0.4672,5.7,0.4509,30.95961789,0.6981,0,0,0.333333333,0.6092,0.4467,0.5152,0.3227,0.2166
13,GA,Georgia,31326,1331326,0,19269,88,1,0,9.9,0.2795,0.6398,0.6662,4.4,0.091,0,37.8,0.5965,0,9.2,0.2209,0,5.8,0.1902,0,10,0.3568,0,16.3,0.5238,0,0,0,0,8,0.5872,14.18922156,0.288,3.9,0.4372,9.8,0.4979,13.32985522,0.4794,0.938351327,0.6473,9.5,0.1912,11.25770416,0.5066,11,0.1291,5.3,0.474,0.4238,0.3259,6.800746249,0.6918,56.62561681,0.179,3.9,0.4784,10.1,0.5854,30.99099099,0.6987,0,0,0.333333333,0.6092,0.4632,0.5597,0.388,0.3373
13,GA,Georgia,31327,1331327,0,195,-999,-999,0,13.02571429,0.5129,0.5129,0.4141,8.6,0.8659,1,41.8,0.8647,1,19.1,0.9807,1,9,0.6883,1,10.5,0.545,0,15.2,0.3627,0,4,0.6667,0.7602,11.8,0.7643,0,0,0,0,16.5,0.7614,38.67924528,0.9831,0,0,16.5,0.6398,53.19148936,0.9947,77.8,0.9956,0,0,0.5139,0.5526,0.02296217,0.0001,29.27643019,0.4459,0,0,27.2,0.8733,0,0,0,0,0,0,0.1885,0.0309,0.4394,0.4417
13,GA,Georgia,31328,1331328,0,3306,98,1,0,-999,-999,1,0.9934,6.6,0.4802,0,27.8,0.0918,0,11.3,0.5201,0,6.5,0.2817,0,8.6,0.0493,0,12.2,0.0598,0,0,0,0,17,0.8971,13.86904762,0.2773,2.5,0.2531,3.3,0.121,13.87711864,0.5204,0,0,10.8,0.2721,4.467564259,0.1283,28.7,0.8872,2.8,0.1675,0.3524,0.1751,12.59699321,0.7567,3.900898914,0.8153,1.4,0.2144,0.2,0.1491,27.48457848,0.6187,0.5,0.6086,0.333333333,0.6092,0.5389,0.7331,0.4754,0.5147
13,GA,Georgia,31329,1331329,0,9034,76,1,0,9.6,0.2597,0.6298,0.6527,5.3,0.2126,0,39.1,0.7026,1,10.6,0.4152,0,6.6,0.2966,0,10.1,0.3953,0,16.8,0.5996,0,1,0.1667,0.3497,13.2,0.8092,24.11106672,0.597,5,0.5821,11.8,0.5952,11.45380625,0.3402,2.038295244,0.7768,12.6,0.3938,17.30905651,0.8021,12.8,0.1983,7.5,0.8126,0.5907,0.7443,1.595993977,0.4488,53.70362196,0.207,2.1,0.2854,28.8,0.889,33.87412587,0.7521,0,0,0.333333333,0.6092,0.4559,0.5402,0.5717,0.6999
13,GA,Georgia,31331,1331331,0,7856,75,1,0,10.8,0.3371,0.6686,0.7071,7.1,0.5989,0,38,0.6132,0,14.9,0.8763,1,7.9,0.5077,0,10.4,0.5077,0,15.5,0.4065,0,1,0.1667,0.3497,13.7,0.824,21.60936008,0.5213,7.1,0.7734,15,0.7168,13.81597516,0.5166,0,0,21.3,0.8359,14.94943974,0.7116,23.4,0.7761,3.6,0.2353,0.5911,0.7451,0.502104465,0.1224,52.07744755,0.2223,4.3,0.5172,38.8,0.9527,15.11761331,0.2477,0,0,0.333333333,0.6092,0.3816,0.337,0.5347,0.6318
13,GA,Georgia,31401,1331401,0,21696,93,1,0,9.26,0.2448,0.6224,0.6424,4.5,0.1016,0,32.3,0.234,0,11,0.4747,0,5.8,0.1902,0,11.4,0.8207,1,21.2,0.952,1,2,0.3333,0.5404,17.7,0.9075,45.81639081,0.9324,9.7,0.8831,10.6,0.5393,23.1947636,0.9111,0.534587833,0.5603,13.2,0.4337,4.303599374,0.1225,12.3,0.1766,5.7,0.5455,0.6012,0.7691,40.24639439,0.9032,15.18390653,0.6129,21.9,0.9643,0.4,0.1847,67.99949226,0.9677,0,0,0.333333333,0.6092,0.606,0.8464,0.6996,0.8781
13,GA,Georgia,31404,1331404,0,31024,77,1,0,9.457142857,0.2552,0.6276,0.6495,6,0.3488,0,38.4,0.6471,0,15.3,0.8948,1,7.6,0.4575,0,11.7,0.8748,1,19.4,0.8742,1,3,0.5,0.6536,19.7,0.9311,41.51676731,0.9024,9.2,0.8688,14.5,0.6985,15.41320416,0.6241,0.984611372,0.6551,17.6,0.6964,5.705536808,0.1788,12.9,0.2028,6.5,0.6827,0.6441,0.8589,21.48832467,0.8153,15.80289335,0.604,11.7,0.8866,1.2,0.2535,57.30818688,0.9387,0,0,0.333333333,0.6092,0.5868,0.818,0.745,0.9214
13,GA,Georgia,31405,1331405,0,37207,80,1,0,9.430769231,0.2546,0.6273,0.6493,5.7,0.2882,0,34.9,0.3647,0,13.4,0.7728,1,6.9,0.3431,0,10.6,0.5818,0,17.5,0.6969,1,2,0.3333,0.5404,14.8,0.8528,31.93367361,0.7787,9.4,0.875,12,0.6036,15.48114102,0.6287,0.647137989,0.5878,15.3,0.5703,8.379428033,0.3273,15.3,0.3345,6.6,0.6979,0.6257,0.8215,17.54840866,0.7929,36.89422645,0.3722,11.6,0.8847,6.5,0.4785,47.07192642,0.8904,0,0,0.333333333,0.6092,0.5754,0.7999,0.7028,0.8816
13,GA,Georgia,31406,1331406,0,33965,78,1,0,9.657142857,0.2667,0.6334,0.659,5.8,0.3082,0,32,0.2224,0,11.8,0.5913,0,6.5,0.2817,0,9.9,0.3207,0,16,0.4798,0,0,0,0,14.7,0.8504,23.19846641,0.5705,5,0.5821,9.1,0.4605,14.55535661,0.5677,0.862924321,0.6346,14.6,0.5262,7.498889876,0.275,15.5,0.3462,5.6,0.5283,0.5342,0.6054,11.01105208,0.7423,23.0672293,0.5122,8,0.7779,3.2,0.352,42.11152416,0.8511,0,0,0.333333333,0.6092,0.5492,0.7541,0.5046,0.5736
13,GA,Georgia,31407,1331407,0,7244,86,1,0,13.17430556,0.5187,0.7594,0.8276,3.3,0.0266,0,28.8,0.1165,0,7.1,0.0492,0,3.9,0.035,0,9.2,0.1293,0,15.1,0.3488,0,0,0,0,6.4,0.4789,6.967183026,0.0901,4.3,0.494,4.3,0.173,14.89167848,0.5904,1.185833665,0.6871,9.4,0.1847,6.2257886,0.2058,10.4,0.1103,9.5,0.9298,0.3944,0.2579,20.91746238,0.8123,43.93588401,0.3036,0,0,0,0,37.44177019,0.8023,0,0,0.333333333,0.6092,0.3611,0.2853,0.3427,0.2538
13,GA,Georgia,31408,1331408,0,9952,94,1,0,9.2,0.237,0.6185,0.6358,5.1,0.1812,0,35.2,0.385,0,12.2,0.643,0,6.2,0.2402,0,9.8,0.2874,0,16.8,0.5996,0,0,0,0,28.1,0.9779,27.76662336,0.6904,7.2,0.7807,21.4,0.8659,17.50230698,0.7462,5.241239208,0.8993,14.9,0.5456,18.94526922,0.8463,11.8,0.1566,5.1,0.4383,0.6947,0.9429,31.73902809,0.8667,31.35571944,0.4272,12,0.8918,15.3,0.7021,63.17654639,0.9559,0,0,0.333333333,0.6092,0.6361,0.8835,0.6156,0.77
13,GA,Georgia,31409,1331409,0,652,20,0.25,1,9.8,0.2715,0.2608,0.0625,1,0.0052,0,24.6,0.0385,0,2.2,0.0057,0,2.1,0.0044,0,8.3,0.0235,0,21.1,0.9496,1,1,0.1667,0.3497,0,0,62.66666667,0.9834,0,0,0,0,0,0,0,0,0,0,100,0.9986,0,0,7.8,0.8407,0.2823,0.0725,21.40440346,0.8148,26.70006781,0.4726,0,0,0,0,100,0.9944,0,0,0.333333333,0.6092,0.413,0.423,0.2269,0.0832
13,GA,Georgia,31410,1331410,0,23654,53,0.75,0,9.2,0.237,0.4935,0.3701,4.6,0.112,0,26.7,0.0706,0,8.3,0.1261,0,4.8,0.0893,0,8.6,0.0493,0,13.4,0.141,0,0,0,0,7.8,0.5742,6.968414197,0.0902,2.8,0.2875,3.5,0.1304,16.07598231,0.6667,0.916400104,0.6444,11.8,0.3379,6.491954755,0.2194,19.5,0.602,6.4,0.6659,0.4219,0.3214,6.859065759,0.6924,16.25882655,0.5978,2.3,0.3059,0.5,0.1976,25.1643099,0.5558,0,0,0.333333333,0.6092,0.4227,0.4503,0.2854,0.1567
13,GA,Georgia,31411,1331411,0,8384,84,1,0,9.6,0.2597,0.6298,0.6527,8.6,0.8659,1,24.2,0.0331,0,12.4,0.6687,1,6.3,0.2527,0,7.6,0.0042,0,8.8,0.0008,0,2,0.3333,0.5404,1.7,0.1037,8.334254449,0.1224,7,0.7668,0.8,0.0461,14.40814806,0.5581,0.113122172,0.4186,13.8,0.4748,2.292576419,0.0693,50.5,0.9825,2.6,0.1546,0.3697,0.2077,2.056126311,0.5128,19.43414627,0.5565,1.8,0.2524,1.4,0.2655,8.589951378,0.1005,0,0,0.333333333,0.6092,0.3281,0.2078,0.4022,0.3658
13,GA,Georgia,31415,1331415,0,12091,80,1,0,9.2,0.237,0.6185,0.6358,7.8,0.7465,1,43.7,0.9331,1,21.3,0.9927,1,9.4,0.7429,1,12.4,0.9461,1,19.5,0.8812,1,6,1,0.9102,22.6,0.9541,48.70026079,0.9471,15.7,0.9621,24.2,0.904,16.68339467,0.7028,0.396755422,0.5208,18.4,0.7337,6.854271357,0.238,15.2,0.328,7.1,0.7677,0.7058,0.9552,44.20122114,0.9186,18.2337376,0.572,26.6,0.9747,0.6,0.2083,60.34000932,0.9483,0,0,0.333333333,0.6092,0.6044,0.8441,0.8363,0.9792
13,GA,Georgia,31419,1331419,0,50954,62,0.75,0,10,0.2829,0.5164,0.424,4.3,0.0816,0,31.3,0.1961,0,9.7,0.2864,0,5.3,0.1363,0,10,0.3568,0,16.8,0.5996,0,0,0,0,14.4,0.8427,21.45861313,0.5172,8.7,0.8521,9.8,0.4979,14.24417273,0.546,2.297434011,0.7937,14.8,0.5382,6.603573699,0.2247,12.5,0.1844,7.5,0.8126,0.581,0.7212,8.08052701,0.7096,38.91273386,0.3526,4.5,0.5366,5.7,0.4509,47.22374429,0.8916,0,0,0.333333333,0.6092,0.5072,0.6665,0.4529,0.4697
13,GA,Georgia,31501,1331501,0,15576,84,1,0,8.828571429,0.2217,0.6108,0.6217,7.5,0.6855,1,43.1,0.9157,1,16,0.9229,1,8.8,0.6576,0,10.8,0.6526,0,17.5,0.6969,1,4,0.6667,0.7602,15.4,0.8669,41.2287793,0.8997,3.6,0.3956,15.2,0.7226,23.35759433,0.9132,0.122984422,0.4219,16,0.6124,8.967001435,0.3623,18.1,0.5132,5.2,0.4561,0.6164,0.8021,25.24519668,0.8346,30.12720515,0.4377,12.5,0.9009,6,0.4622,48.64692773,0.8995,0,0,0.333333333,0.6092,0.592,0.8254,0.7524,0.9275
13,GA,Georgia,31503,1331503,0,21116,84,1,0,9.233333333,0.244,0.622,0.6422,7.9,0.7645,1,41.5,0.8503,1,14.4,0.8473,1,10.4,0.8481,1,11.1,0.7481,1,19.3,0.8671,1,6,1,0.9102,18.2,0.9145,36.4263451,0.85,6.6,0.7392,20.9,0.8577,14.1930196,0.5426,0.643697568,0.587,15.8,0.6011,18.18297655,0.8278,16.7,0.4241,6.8,0.7284,0.7072,0.9563,2.210290303,0.5293,55.88709053,0.1853,4.2,0.5078,29.9,0.8983,28.16534098,0.6348,0,0,0.333333333,0.6092,0.4807,0.6049,0.7784,0.947
13,GA,Georgia,31510,1331510,0,9848,75,1,0,10.95,0.3507,0.6754,0.7165,7.5,0.6855,1,37.9,0.605,0,14.2,0.8332,1,9.8,0.7902,1,10.9,0.6871,1,19.2,0.8604,1,5,0.8333,0.8437,20.8,0.9405,37.74738715,0.866,4.3,0.494,18,0.7994,13.71586376,0.5087,2.64637777,0.8141,19.7,0.787,13.29757199,0.629,15.4,0.3402,6.8,0.7284,0.6907,0.9374,1.910386437,0.4955,39.24686043,0.3489,6.5,0.6972,33.9,0.9271,27.07034728,0.6074,0,0,0.666666667,0.797,0.5533,0.7621,0.8149,0.9692
13,GA,Georgia,31512,1331512,0,2248,61,0.75,0,10.4,0.31,0.53,0.4529,6.5,0.4567,0,39.6,0.7391,1,13.2,0.7548,1,8.4,0.5936,0,10.4,0.5077,0,17.9,0.7441,1,3,0.5,0.6536,10.2,0.6997,33.82899628,0.8116,3.3,0.3533,12.5,0.6241,7.477744807,0.1202,1.214574899,0.6914,22.2,0.8588,17.14285714,0.7966,17.3,0.4628,8.2,0.8713,0.629,0.829,1.089365419,0.3264,39.33624802,0.3481,7.6,0.7589,41,0.9614,24.01960784,0.5223,0,0,0.666666667,0.797,0.5306,0.7167,0.663,0.8357
13,GA,Georgia,31513,1331513,0,16084,77,1,0,12.33333333,0.464,0.732,0.7895,7.7,0.7262,1,39.2,0.7106,1,14.9,0.8763,1,10.2,0.8312,1,11.1,0.7481,1,19.3,0.8671,1,6,1,0.9102,16.1,0.8811,38.88746803,0.8779,3.9,0.4372,25.6,0.9191,12.41824441,0.4114,3.46944222,0.8516,15.6,0.5888,22.17619882,0.9033,16.4,0.4039,6.9,0.7425,0.7017,0.9511,2.109765923,0.5195,43.28847535,0.3106,8.5,0.7989,37.2,0.9448,24.26533769,0.5291,0,0,0.333333333,0.6092,0.5303,0.7161,0.8417,0.9812
13,GA,Georgia,31516,1331516,0,14735,77,1,0,10.9,0.3471,0.6736,0.7128,7.4,0.665,0,38,0.6132,0,13.8,0.8042,1,9.6,0.7675,1,10.7,0.6183,0,18.8,0.8293,1,3,0.5,0.6536,15.9,0.8777,35.65499089,0.8391,6.5,0.7306,16.4,0.7584,10.58994637,0.2818,0.592518561,0.5746,15.6,0.5888,14.00715564,0.6672,16.9,0.437,6.3,0.6495,0.6405,0.8516,2.334166726,0.5402,42.72731821,0.3152,4.5,0.5366,36.4,0.9406,21.26245847,0.4379,0,0,0.333333333,0.6092,0.4828,0.6095,0.7069,0.8856
13,GA,Georgia,31518,1331518,0,704,20,0.25,1,11.6,0.3976,0.3238,0.1211,8,0.7815,1,36.6,0.495,0,13.7,0.7973,1,9.7,0.7788,1,10.2,0.4313,0,17.3,0.6711,1,4,0.6667,0.7602,14.7,0.8504,38.47802787,0.8739,1.4,0.1621,20.6,0.8517,10.0619195,0.2468,5.292792793,0.9003,10,0.2204,32.53588517,0.9727,16.2,0.3911,4.8,0.3895,0.5859,0.7333,1.72707659,0.4695,35.92961095,0.3811,10.5,0.8613,28.3,0.8846,24.92307692,0.5485,0,0,0.333333333,0.6092,0.5363,0.7278,0.5856,0.7216
13,GA,Georgia,31519,1331519,0,3569,65,0.75,0,10.44,0.3179,0.534,0.4629,7.1,0.5989,0,40.7,0.8087,1,14.3,0.8406,1,9.2,0.7166,1,10.7,0.6183,0,18,0.755,1,4,0.6667,0.7602,17.9,0.9104,30.48848961,0.7517,5.2,0.6062,19.8,0.8366,16.40740741,0.6861,1.058201058,0.6677,15.4,0.5765,19.4885971,0.8587,16.6,0.4177,4.5,0.3446,0.6656,0.8994,0.97562092,0.2913,45.35975196,0.2881,5.1,0.5889,37.6,0.9471,29.70439798,0.6711,0,0,0.666666667,0.797,0.5119,0.6765,0.6998,0.8783
13,GA,Georgia,31520,1331520,0,22336,87,1,0,10.4,0.31,0.655,0.6871,7.3,0.644,0,41.6,0.8556,1,16.3,0.932,1,9,0.6883,1,11.6,0.8587,1,19.2,0.8604,1,5,0.8333,0.8437,24.1,0.9634,43.88466413,0.9203,7.6,0.8037,18.5,0.8109,17.92065663,0.7654,1.408384139,0.7169,17.3,0.6821,11.69367324,0.5346,16.7,0.4241,7.4,0.8023,0.7424,0.9828,23.05084013,0.8228,13.598064,0.6367,16.3,0.9391,6,0.4622,56.72546858,0.9369,0,0,0,0,0.5425,0.7404,0.8135,0.9687
13,GA,Georgia,31522,1331522,0,14447,83,1,0,11.1,0.3607,0.6804,0.7223,6.4,0.4347,0,28.7,0.1137,0,10.1,0.3412,0,5.6,0.1678,0,8.5,0.0397,0,11.2,0.0195,0,0,0,0,4.9,0.3565,6.970687984,0.0902,1.9,0.1986,2.8,0.0987,17.18325953,0.7303,0.381749892,0.5166,12.8,0.4077,4.945054945,0.1459,34.5,0.9375,3,0.1809,0.3663,0.2005,2.648827377,0.565,14.5674186,0.6224,2.8,0.3601,1.3,0.2597,24.5473629,0.5378,0,0,0,0,0.335,0.224,0.2867,0.1585
13,GA,Georgia,31523,1331523,0,13229,63,0.75,0,-999,-999,0.75,0.8165,5.9,0.3285,0,34.5,0.3403,0,11,0.4747,0,7,0.3587,0,9.9,0.3207,0,16,0.4798,0,0,0,0,16.5,0.8885,18.25601059,0.4187,3.6,0.3956,12.6,0.6278,11.86519791,0.3706,1.306586734,0.7047,13.3,0.4404,12.91216403,0.6081,14.6,0.2928,4.7,0.3746,0.5122,0.5483,1.980145662,0.5043,54.15668216,0.2028,2.1,0.2854,19.4,0.7755,17.01773836,0.3037,0,0,0,0,0.296,0.1455,0.3776,0.3173
13,GA,Georgia,31525,1331525,0,28247,74,0.75,0,11.33333333,0.3793,0.5646,0.5297,5.7,0.2882,0,36.2,0.4616,0,11.6,0.564,0,7.1,0.3747,0,10.6,0.5818,0,17.6,0.7082,1,1,0.1667,0.3497,10.9,0.7304,28.40575846,0.7053,5.4,0.6279,13,0.6444,15.11585477,0.6052,1.33143973,0.7076,15.5,0.5824,7.640498262,0.284,14.8,0.3039,6.9,0.7425,0.5934,0.7512,4.788571131,0.6514,54.337014,0.201,5.9,0.6549,18.7,0.7646,40.84617394,0.8391,0,0,0,0,0.4444,0.5093,0.535,0.6325
13,GA,Georgia,31527,1331527,0,805,20,0.25,0,9.427272727,0.2544,0.2522,0.0554,11.7,0.9916,1,29.8,0.1451,0,16,0.9229,1,10.1,0.8222,1,8.7,0.06,0,11.2,0.0195,0,3,0.5,0.6536,9.1,0.6471,15.51528879,0.3282,0,0,0,0,15.85503964,0.6531,0,0,40.4,0.9837,0,0,54.9,0.9869,0,0,0.3599,0.1888,1.721538659,0.4688,9.894496889,0.6975,0,0,0,0,31.98294243,0.7183,0,0,0,0,0.2692,0.1049,0.2507,0.11
13,GA,Georgia,31532,1331532,0,727,91,1,0,11.2,0.3654,0.6827,0.726,7.9,0.7645,1,40.3,0.7839,1,13.9,0.8114,1,10.2,0.8312,1,10.8,0.6526,0,18.3,0.786,1,5,0.8333,0.8437,15.9,0.8777,30.55062167,0.7528,13.8,0.9482,35.4,0.9709,14.76091476,0.5814,0,0,42.3,0.9857,27.2,0.9495,35.9,0.9454,5.7,0.5455,0.7557,0.9888,1.026080374,0.3075,38.86203707,0.353,1.3,0.2054,31.3,0.9093,17.24137931,0.3102,0,0,0.333333333,0.6092,0.3849,0.3452,0.7259,0.9042
13,GA,Georgia,31533,1331533,0,17494,93,1,0,9.72,0.2696,0.6348,0.6616,6.7,0.5042,0,42,0.8746,1,14.8,0.8702,1,8.9,0.6728,1,11.4,0.8207,1,19.2,0.8604,1,5,0.8333,0.8437,17,0.8971,39.97562462,0.8885,4.2,0.4801,24.8,0.9106,17.27498077,0.7352,2.636916836,0.8134,23,0.8744,7.962494419,0.3024,14.1,0.2635,7.7,0.832,0.6997,0.9486,5.86641744,0.6759,39.14439801,0.3504,11.9,0.89,23.8,0.8363,48.46922333,0.8987,0,0,0.666666667,0.797,0.6355,0.8826,0.8341,0.9782
13,GA,Georgia,31535,1331535,0,11264,78,1,0,9.6,0.2597,0.6298,0.6527,6.3,0.4138,0,41.9,0.8694,1,13.4,0.7728,1,8.9,0.6728,1,11.1,0.7481,1,19.9,0.9037,1,5,0.8333,0.8437,22.3,0.9525,36.88955672,0.8558,2.9,0.2997,22.3,0.8796,13.04347826,0.457,4.242121061,0.8753,15.7,0.5947,9.944064636,0.4246,12.8,0.1983,8.2,0.8713,0.6409,0.8525,2.821518555,0.5774,41.71146512,0.325,5.1,0.5889,45.4,0.9743,27.46835443,0.6181,0,0,0.666666667,0.797,0.5544,0.7638,0.7782,0.9468
13,GA,Georgia,31537,1331537,0,10097,89,1,0,7.3,0.1449,0.5724,0.5464,7.5,0.6855,1,44.2,0.945,1,15.8,0.9155,1,10.2,0.8312,1,11.2,0.7745,1,19.9,0.9037,1,6,1,0.9102,20.9,0.9417,41.5119776,0.9023,11.6,0.9227,25.5,0.9179,9.636777912,0.2219,6.140695618,0.915,19.5,0.7794,12.90715373,0.6079,14.4,0.281,6.3,0.6495,0.7139,0.9624,1.018353091,0.3047,64.00961486,0.1117,10.8,0.8688,36.5,0.9412,31.42476698,0.7069,0,0,0,0,0.419,0.4402,0.7148,0.8934
13,GA,Georgia,31539,1331539,0,14468,58,0.75,0,11.9,0.4288,0.5894,0.5834,7.8,0.7465,1,43.2,0.9185,1,15.1,0.8865,1,10.7,0.8728,1,11.3,0.7987,1,20,0.9088,1,6,1,0.9102,18.4,0.9167,45.3702441,0.9297,6.8,0.753,19.9,0.8386,11.59269424,0.3509,1.480239172,0.7246,17.7,0.7013,10.41825095,0.454,14,0.2586,6.9,0.7425,0.667,0.902,1.952021249,0.5008,48.97792824,0.2521,10.2,0.8535,31,0.907,35.70869225,0.7792,0,0,0.333333333,0.6092,0.5574,0.7697,0.7913,0.9565
13,GA,Georgia,31542,1331542,0,2811,95,1,0,10,0.2829,0.6414,0.6699,8,0.7815,1,40.6,0.8027,1,13.5,0.7813,1,10.5,0.8565,1,10.8,0.6526,0,19.1,0.8527,1,5,0.8333,0.8437,5.7,0.4236,39.96434938,0.8884,3.8,0.423,15.9,0.7444,9.187466808,0.1969,0,0,12.6,0.3938,24.52642074,0.9302,16.1,0.3851,14,0.9837,0.5369,0.6124,1.018495286,0.3049,57.67052349,0.17,2.2,0.2958,41.3,0.9625,13.13131313,0.196,0,0,0,0,0.2756,0.1135,0.5599,0.6787
13,GA,Georgia,31543,1331543,0,4796,84,1,0,11.5,0.3926,0.6963,0.7425,7.3,0.644,0,41.1,0.8303,1,13.1,0.7454,1,10.2,0.8312,1,11.1,0.7481,1,19.9,0.9037,1,5,0.8333,0.8437,16.3,0.8847,35.76765486,0.8409,2.4,0.243,16.2,0.7536,15.54907677,0.6334,0,0,17.8,0.7059,23.30640149,0.9175,16.4,0.4039,2.8,0.1675,0.555,0.6581,0.90456631,0.268,61.16790219,0.1381,2.3,0.3059,61.2,0.9933,24.84700122,0.5465,0,0,0,0,0.3217,0.1945,0.6097,0.761
13,GA,Georgia,31544,1331544,0,994,85,1,0,11.7,0.411,0.7055,0.7541,8.8,0.8878,1,41.4,0.8459,1,17.4,0.9588,1,11.4,0.9149,1,11.2,0.7745,1,19,0.8449,1,6,1,0.9102,6.6,0.4941,30.12987013,0.7438,8.8,0.856,18.5,0.8109,15.35947712,0.6204,0,0,7.9,0.1069,20.41522491,0.8772,28.2,0.8805,0,0,0.539,0.6176,0.397383388,0.0866,63.38979845,0.1172,0,0,41.2,0.9621,15.21126761,0.2511,0,0,0.333333333,0.6092,0.2895,0.1348,0.6042,0.7524
13,GA,Georgia,31545,1331545,0,16133,77,1,0,11.65,0.4084,0.7042,0.7533,7.2,0.622,0,39.3,0.7178,1,13.8,0.8042,1,9.5,0.7561,1,11.3,0.7987,1,19.4,0.8742,1,5,0.8333,0.8437,14,0.8324,35.80842173,0.8415,7.1,0.7734,16.5,0.7614,13.9256235,0.5237,0.650142219,0.5886,14.6,0.5262,14.01305057,0.6675,16.2,0.3911,8.4,0.8831,0.6789,0.9207,4.201248292,0.6338,45.74160727,0.2848,8,0.7779,29.5,0.8942,42.84473776,0.8585,0,0,0.333333333,0.6092,0.5798,0.8073,0.8312,0.9767
13,GA,Georgia,31546,1331546,0,8095,49,0.5,0,11.8,0.4164,0.4582,0.3074,6.3,0.4138,0,40.7,0.8087,1,13,0.736,1,7.7,0.4743,0,9.9,0.3207,0,17.3,0.6711,1,3,0.5,0.6536,16.9,0.8957,28.9280909,0.7169,3.9,0.4372,15.9,0.7444,13.82352941,0.5169,1.65608268,0.7432,18,0.7151,8.714011516,0.3475,13.5,0.2328,4.6,0.3594,0.5709,0.698,1.26518159,0.3751,63.65493547,0.1149,8,0.7779,18.9,0.7674,32.82847406,0.7344,0,0,0.333333333,0.6092,0.4827,0.6093,0.5671,0.6922
13,GA,Georgia,31547,1331547,0,1293,98,1,0,8.2,0.188,0.594,0.5917,1.2,0.0073,0,26.3,0.0643,0,2.4,0.0065,0,2.4,0.0065,0,8.5,0.0397,0,21.4,0.9579,1,1,0.1667,0.3497,0,0,15.17241379,0.3183,5.8,0.6688,10.2,0.5196,0,0,0,0,0,0,0,0,0,0,5.3,0.474,0.1981,0.0177,19.38716719,0.8037,39.6200838,0.3454,0,0,0,0,100,0.9944,0,0,0,0,0.3062,0.1637,0.2807,0.1498
13,GA,Georgia,31548,1331548,0,20020,87,1,0,7.5,0.153,0.5765,0.555,4.6,0.112,0,36.2,0.4616,0,9.9,0.3123,0,6.2,0.2402,0,10.3,0.4679,0,17.9,0.7441,1,1,0.1667,0.3497,14.3,0.8402,27.53341659,0.6848,5.7,0.659,9,0.455,9.457257458,0.2119,0.267923592,0.4775,10.9,0.2787,12.95293628,0.6102,10,0.0986,7,0.755,0.5071,0.5344,5.935259422,0.6773,57.18679601,0.1746,4.6,0.5448,11.4,0.6163,39.03283735,0.8225,0,0,0,0,0.4051,0.4012,0.4601,0.485
13,GA,Georgia,31549,1331549,0,2239,91,1,0,11.4,0.3817,0.6908,0.735,9.3,0.9289,1,42.6,0.8983,1,18.5,0.9749,1,11.7,0.9274,1,11.4,0.8207,1,18.7,0.8217,1,6,1,0.9102,8.3,0.6049,41.64660568,0.9032,3,0.3122,31.5,0.9569,19.0797546,0.8153,0,0,13.4,0.4479,2.927580894,0.0839,29.9,0.9003,3.7,0.2453,0.527,0.5869,0.707799555,0.199,55.69207265,0.1876,18,0.9496,34,0.9278,26.34408602,0.5876,0,0,0.333333333,0.6092,0.4944,0.6367,0.7172,0.8957
13,GA,Georgia,31550,1331550,0,780,20,0.25,0,9.2,0.237,0.2435,0.0426,9.7,0.951,1,43.7,0.9331,1,16.8,0.9459,1,13.3,0.972,1,11.4,0.8207,1,20.4,0.9273,1,6,1,0.9102,3.6,0.2431,42.96482412,0.9143,0,0,19.9,0.8386,11.09215017,0.314,0,0,37.9,0.9801,16.875,0.7872,8.2,0.0601,0,0,0.4137,0.3017,1.325076667,0.3911,56.93021109,0.1763,0,0,42.3,0.9654,15.63517915,0.2638,0,0,0.333333333,0.6092,0.3437,0.2423,0.3742,0.3114
13,GA,Georgia,31551,1331551,0,1020,20,0.25,1,11.4,0.3817,0.3158,0.1131,6.6,0.4802,0,36.5,0.4862,0,12.3,0.6561,0,8.4,0.5936,0,10.3,0.4679,0,18.1,0.7656,1,1,0.1667,0.3497,28.2,0.9781,41.03773585,0.8983,1.7,0.1834,19.1,0.8227,6.730769231,0.0946,4.886769964,0.8916,22.9,0.8728,5.507246377,0.1698,20.6,0.6609,1.1,0.0947,0.5667,0.6884,1.174854868,0.3514,40.78388883,0.3341,0,0,40.1,0.9581,30.69306931,0.6922,0,0,0.333333333,0.6092,0.4207,0.4451,0.3991,0.3594
13,GA,Georgia,31552,1331552,0,932,20,0.25,0,9.6,0.2597,0.2548,0.0575,8,0.7815,1,40,0.7662,1,13.9,0.8114,1,10.7,0.8728,1,10.7,0.6183,0,18.5,0.8042,1,5,0.8333,0.8437,29.1,0.9798,31.57453936,0.7725,3.8,0.423,32.8,0.9619,13.0044843,0.4541,0,0,10.9,0.2787,21.78649237,0.8976,11.9,0.1608,5.9,0.5819,0.551,0.6482,0.843339546,0.2471,57.59674098,0.1708,3.4,0.4265,46.2,0.976,6.578947368,0.0711,0,0,0.666666667,0.797,0.3841,0.3433,0.4732,0.51
13,GA,Georgia,31553,1331553,0,5237,90,1,0,10,0.2829,0.6414,0.6699,7.5,0.6855,1,41.1,0.8303,1,13.3,0.7643,1,10.4,0.8481,1,11.1,0.7481,1,19.7,0.8931,1,6,1,0.9102,9.1,0.6471,39.69150554,0.8857,6.2,0.7067,26.8,0.9296,16.4043745,0.6859,0.022241993,0.3943,22.2,0.8588,17.43475847,0.8053,16.7,0.4241,3.5,0.225,0.6562,0.883,1.068084037,0.3205,64.93818303,0.1031,3.4,0.4265,49.5,0.9821,23.48111658,0.5062,0,0,0,0,0.3341,0.222,0.6713,0.8463
13,GA,Georgia,31554,1331554,0,7076,67,0.75,0,10.08,0.2915,0.5208,0.4325,6.2,0.3919,0,43,0.9122,1,13.2,0.7548,1,8.8,0.6576,0,10.4,0.5077,0,19.6,0.8875,1,3,0.5,0.6536,17.9,0.9104,35.2268395,0.8328,8.1,0.8276,24.7,0.9094,10.06889242,0.2472,0.795755968,0.6207,19.4,0.7753,17.14019562,0.7965,11.2,0.1351,4.5,0.3446,0.64,0.851,1.143331322,0.3428,48.96226041,0.2523,6.6,0.7035,46,0.9757,26.76211454,0.5986,0,0,0.666666667,0.797,0.5243,0.7036,0.6602,0.832
13,GA,Georgia,31555,1331555,0,2868,75,1,0,11.88,0.4282,0.7141,0.7659,6.3,0.4138,0,34.6,0.346,0,10.9,0.4592,0,7.5,0.4403,0,10,0.3568,0,16.7,0.5852,0,0,0,0,13.5,0.8182,18.31905345,0.4209,3.1,0.3254,21,0.8599,9.359104781,0.206,0.213219616,0.4576,13.6,0.4604,24.42442442,0.929,18.6,0.5455,4.3,0.3166,0.534,0.6048,0.991164157,0.2961,50.77461771,0.2344,1.4,0.2144,39,0.9536,15.38461538,0.256,0,0,0.333333333,0.6092,0.3662,0.2978,0.4171,0.3959
13,GA,Georgia,31556,1331556,0,67,20,0.25,1,10.6,0.3242,0.2871,0.0855,5.8,0.3082,0,34.7,0.352,0,10.5,0.4004,0,7.7,0.4743,0,10.1,0.3953,0,18.7,0.8217,1,1,0.1667,0.3497,18.1,0.9129,74.19354839,0.9923,6.9,0.7596,32.7,0.9616,10.34482759,0.2652,0,0,8.5,0.1367,22.22222222,0.9038,16,0.3791,1.1,0.0947,0.5406,0.6214,7.377753643,0.7005,33.42907058,0.4063,0,0,12.8,0.648,28.125,0.6337,0,0,0,0,0.3412,0.2374,0.3235,0.2184
13,GA,Georgia,31557,1331557,0,3043,88,1,0,10.9,0.3471,0.6736,0.7128,7.4,0.665,0,37,0.5277,0,13.3,0.7643,1,9,0.6883,1,10.3,0.4679,0,17.7,0.7205,1,3,0.5,0.6536,18.1,0.9129,24.80219111,0.6152,7.5,0.7975,20,0.8407,12.35201263,0.4057,0.299202128,0.4884,13.5,0.4541,32.06521739,0.9715,16.3,0.3968,8.7,0.8999,0.6783,0.9196,1.092599667,0.3274,54.1435038,0.2029,2.7,0.3494,35.8,0.9373,26.81782643,0.6002,0,0,0,0,0.3453,0.2461,0.633,0.7957
13,GA,Georgia,31558,1331558,0,20373,77,1,0,7.933333333,0.1759,0.588,0.5776,4.8,0.1385,0,34.9,0.3647,0,9.7,0.2864,0,6.1,0.228,0,10,0.3568,0,17.5,0.6969,1,1,0.1667,0.3497,10.8,0.7267,25.08777837,0.6228,8.8,0.856,6.8,0.3214,10.43483757,0.2711,0.225778937,0.4626,13.1,0.4271,11.78085611,0.5402,14.1,0.2635,7.7,0.832,0.5323,0.6006,2.821447412,0.5774,28.99888934,0.4486,3.6,0.4467,4.8,0.4184,43.66995074,0.8657,0,0,0,0,0.3938,0.3696,0.4744,0.5124
13,GA,Georgia,31560,1331560,0,2842,58,0.75,0,11.6,0.3976,0.5738,0.549,7.2,0.622,0,37.7,0.5876,0,13.2,0.7548,1,9,0.6883,1,10.7,0.6183,0,18.2,0.7754,1,3,0.5,0.6536,16.2,0.8831,25.49019608,0.6333,6.7,0.7454,17.7,0.7916,11.4507772,0.3398,0,0,14,0.4877,28.53236098,0.9576,18.6,0.5455,5.4,0.4912,0.5875,0.7372,1.072855239,0.3217,50.6267821,0.2358,3.9,0.4784,34.3,0.9297,26.14107884,0.582,0,0,0.333333333,0.6092,0.451,0.5272,0.6168,0.7719
13,GA,Georgia,31561,1331561,0,298,-999,-999,-999,11.11520833,0.3627,0.3627,0.1584,9.8,0.9553,1,24.8,0.041,0,12.8,0.7144,1,6.8,0.3281,0,7.6,0.0042,0,8,0.0005,0,2,0.3333,0.5404,0,0,0,0,-999,-999,27.7,0.9362,27.65957447,0.9522,0,0,27.7,0.9388,-999,-999,100,0.9978,0,0,0.4781,0.4595,2.767002241,0.5741,3.627690016,0.8218,0,0,0,0,0,0,0,0,0,0,0.1994,0.0378,0.299,0.1777
13,GA,Georgia,31562,1331562,0,2177,58,0.75,0,7,0.1321,0.441,0.2789,7.2,0.622,0,38.5,0.6554,0,12.7,0.7037,1,9.3,0.7305,1,10.4,0.5077,0,18.2,0.7754,1,3,0.5,0.6536,14.5,0.8455,33.05084746,0.7982,12.8,0.9372,25.5,0.9179,5.330700888,0.0571,0,0,22.8,0.8707,26.72322375,0.9463,15.2,0.328,5.2,0.4561,0.6157,0.8004,0.858039626,0.2519,58.70320496,0.1605,0,0,62.9,0.9943,14.36100132,0.2276,0,0,0,0,0.2335,0.0652,0.4495,0.4626
13,GA,Georgia,31563,1331563,0,1324,20,0.25,0,12.33333333,0.464,0.357,0.1525,7.9,0.7645,1,37.3,0.5528,0,14.8,0.8702,1,9.6,0.7675,1,10.8,0.6526,0,17.7,0.7205,1,4,0.6667,0.7602,11.4,0.7499,26.22352082,0.6527,6.9,0.7596,22.4,0.8815,12.63362488,0.4279,0,0,10.2,0.2339,14.53488372,0.6928,23.4,0.7761,4.3,0.3166,0.5491,0.6434,1.228720949,0.3667,49.74668841,0.2442,6.6,0.7035,29,0.8905,18.68978805,0.3582,0,0,0.333333333,0.6092,0.4532,0.5336,0.5224,0.6077
13,GA,Georgia,31565,1331565,0,1841,94,1,0,8.2,0.188,0.594,0.5917,6.4,0.4347,0,37,0.5277,0,12.7,0.7037,1,7.9,0.5077,0,10.2,0.4313,0,16,0.4798,0,1,0.1667,0.3497,7.9,0.5811,22.00099552,0.534,8,0.8228,14.7,0.7062,11.81055156,0.3664,0,0,25.9,0.9209,17.51012146,0.8079,25.4,0.8296,4.6,0.3594,0.5928,0.7496,0.558603344,0.1436,43.07378334,0.3121,13.1,0.9091,31.8,0.9132,15.14476615,0.2486,0,0,0,0,0.3609,0.2846,0.4939,0.5525
13,GA,Georgia,31566,1331566,0,3471,47,0.5,0,-999,-999,0.5,0.3819,7.1,0.5989,0,42.2,0.8831,1,13.3,0.7643,1,9.9,0.8025,1,11.1,0.7481,1,20,0.9088,1,5,0.8333,0.8437,14,0.8324,40.02506789,0.8891,11.9,0.9269,19.9,0.8386,14.20239137,0.543,0.389194139,0.5187,24.1,0.8956,13.74373658,0.6536,12,0.165,8.8,0.9048,0.7168,0.9648,1.307714109,0.3863,63.99110882,0.1119,4.9,0.5723,55.9,0.9893,9.441233141,0.1155,0,0,0,0,0.3108,0.1716,0.5905,0.7307
13,GA,Georgia,31567,1331567,0,782,85,1,0,10.2,0.2966,0.6483,0.6791,7.2,0.622,0,36.6,0.495,0,12.1,0.6309,0,8.7,0.6428,0,10.1,0.3953,0,17,0.6282,0,0,0,0,18.9,0.9224,4.947916667,0.0526,0,0,46.4,0.9893,7.544378698,0.1231,0,0,49.7,0.9919,16.06217617,0.7586,27.6,0.8724,5.2,0.4561,0.5166,0.5596,0.922414306,0.2737,38.11321932,0.3603,0,0,12.4,0.6395,54.02684564,0.9266,0,0,0.666666667,0.797,0.4282,0.4647,0.4258,0.4138
13,GA,Georgia,31568,1331568,0,1273,89,1,0,8.2,0.188,0.594,0.5917,6.3,0.4138,0,36.9,0.5192,0,12.9,0.7251,1,7.6,0.4575,0,10.3,0.4679,0,16.3,0.5238,0,1,0.1667,0.3497,16.1,0.8811,11.16584565,0.1985,13.5,0.9453,16.8,0.77,12.62798635,0.4275,0,0,24.1,0.8956,17.08185053,0.7948,25.9,0.8404,0,0,0.5753,0.7084,0.38818109,0.0838,62.71355199,0.1243,6.9,0.7225,46.1,0.9759,16.0130719,0.2744,0,0,0,0,0.3116,0.1737,0.4559,0.4757
13,GA,Georgia,31569,1331569,0,5580,90,1,0,7.6,0.1561,0.578,0.5571,5.4,0.2301,0,36.1,0.4532,0,11.2,0.5047,0,6.6,0.2966,0,10,0.3568,0,16.1,0.4949,0,0,0,0,11.5,0.7537,17.58651287,0.3962,4.7,0.5454,10.3,0.5244,9.391504018,0.208,0.796443786,0.6208,14.1,0.4943,12.81947262,0.6032,15.3,0.3345,6.7,0.7131,0.5194,0.5666,1.213531582,0.3627,63.79220838,0.1138,3.2,0.4037,22,0.813,19.48618517,0.3835,0,0,0,0,0.2967,0.1466,0.3176,0.2076
13,GA,Georgia,31601,1331601,0,32730,89,1,0,5.466666667,0.0819,0.541,0.4778,6.6,0.4802,0,44.5,0.9513,1,16.6,0.9405,1,9.1,0.7023,1,12.9,0.9697,1,22.8,0.9789,1,5,0.8333,0.8437,21.3,0.9448,55.19200027,0.9696,8.5,0.8444,21.2,0.8634,20.06805808,0.8472,0.801804929,0.6224,13.1,0.4271,10.31405526,0.4472,12.5,0.1844,5.8,0.5645,0.6715,0.9087,5.343203913,0.665,51.76680888,0.2255,15.7,0.9342,12.6,0.6436,55.98680212,0.9344,0,0,0.333333333,0.6092,0.5731,0.7962,0.7566,0.9312
13,GA,Georgia,31602,1331602,0,34702,73,0.75,0,5.545454545,0.0839,0.417,0.2381,5.3,0.2126,0,37.1,0.5357,0,11.4,0.5354,0,6.5,0.2817,0,11,0.719,1,19.2,0.8604,1,2,0.3333,0.5404,14.7,0.8504,36.16488984,0.8469,6.8,0.753,10.8,0.55,15.83293398,0.6514,0.601415094,0.5772,9.8,0.2082,5.668684645,0.1772,11.7,0.1525,7.4,0.8023,0.5569,0.6635,9.59297516,0.7279,54.99795896,0.1947,8.4,0.7952,4.4,0.4022,57.72544941,0.9399,0,0,0.333333333,0.6092,0.5242,0.7033,0.5363,0.6352
13,GA,Georgia,31605,1331605,0,20188,63,0.75,0,5.6,0.0846,0.4173,0.2388,4.1,0.0651,0,34.8,0.3584,0,9.1,0.2089,0,5,0.1064,0,10.3,0.4679,0,17.4,0.6837,1,1,0.1667,0.3497,11.9,0.7676,19.48346753,0.4564,4.7,0.5454,8.3,0.4149,10.19423122,0.2556,0.20254357,0.4534,9.1,0.1685,7.998761482,0.3049,8.7,0.0689,9.4,0.927,0.4363,0.3561,6.023799276,0.679,47.63496028,0.2653,1.9,0.2635,9.7,0.5752,37.40411543,0.802,0,0,0.333333333,0.6092,0.4563,0.5413,0.3715,0.3067
13,GA,Georgia,31606,1331606,0,3861,91,1,0,5.1,0.0719,0.536,0.4659,6.3,0.4138,0,37.3,0.5528,0,12.2,0.643,0,7.8,0.4911,0,10.5,0.545,0,17.6,0.7082,1,1,0.1667,0.3497,22.7,0.9547,35.29254609,0.8338,10.3,0.8972,19.8,0.8366,9.407665505,0.2089,0,0,15.3,0.5703,17.13333333,0.7961,14.3,0.2748,6.8,0.7284,0.6101,0.7882,1.778588507,0.4772,57.15772582,0.1747,7.5,0.7543,45,0.9735,23.02158273,0.4921,0,0,0.333333333,0.6092,0.4973,0.6444,0.562,0.6827
13,GA,Georgia,31620,1331620,0,10690,94,1,0,6.333333333,0.1075,0.5538,0.5038,7.3,0.644,0,38.6,0.6637,0,14.3,0.8406,1,9.3,0.7305,1,11.2,0.7745,1,18.6,0.8132,1,4,0.6667,0.7602,18.2,0.9145,30.43601896,0.751,5,0.5821,18.7,0.8147,14.06743276,0.5337,1.047844998,0.6661,19,0.7595,14.17255406,0.6753,15.5,0.3462,6.6,0.6979,0.6741,0.9127,2.591789894,0.5607,37.00015806,0.3716,8.3,0.791,25.1,0.8507,34.38948995,0.7605,0,0,0.333333333,0.6092,0.5634,0.7803,0.7392,0.9163
13,GA,Georgia,31622,1331622,0,2178,95,1,0,7.3,0.1449,0.5724,0.5464,7.8,0.7465,1,39.4,0.7247,1,15,0.8812,1,9.9,0.8025,1,11,0.719,1,18.4,0.7949,1,6,1,0.9102,25.6,0.9697,44.96788009,0.9271,4.6,0.5327,16.9,0.7728,18.78031878,0.8035,0,0,14.8,0.5382,16.62049861,0.7787,22.1,0.7301,7.8,0.8407,0.6894,0.9355,0.756667068,0.2157,44.05587931,0.3025,5,0.5802,36,0.9381,28.10539523,0.6331,0,0,0.333333333,0.6092,0.4684,0.5742,0.7416,0.9181
13,GA,Georgia,31623,1331623,0,120,99,1,1,7.8,0.1671,0.5836,0.5707,8.6,0.8659,1,43.8,0.9354,1,19,0.9797,1,11.5,0.9186,1,12.7,0.9618,1,20.8,0.9408,1,6,1,0.9102,7.4,0.549,40.65934066,0.8955,14.8,0.9562,25.7,0.9201,5.405405405,0.0586,0,0,16,0.6124,0,0,35.1,0.9411,10.6,0.9546,0.5888,0.7403,3.741468084,0.6195,48.45817045,0.2571,0,0,27.1,0.8724,14.28571429,0.2257,0,0,0.333333333,0.6092,0.3691,0.3045,0.6314,0.7936
13,GA,Georgia,31624,1331624,0,1273,20,0.25,1,9.2,0.237,0.2435,0.0426,7.7,0.7262,1,38.7,0.6727,1,14.5,0.8542,1,10.6,0.8648,1,11.2,0.7745,1,20.5,0.9307,1,6,1,0.9102,20.9,0.9417,49.6996997,0.9515,1.7,0.1834,25.8,0.921,13.69112815,0.5068,8.797417272,0.9433,14.8,0.5382,19.38997821,0.8564,13.4,0.2272,7,0.755,0.6824,0.9256,1.034117804,0.3102,57.49678774,0.1714,4.2,0.5078,43.8,0.9702,13.44537815,0.2044,0,0,0.333333333,0.6092,0.3962,0.3758,0.5636,0.6851
13,GA,Georgia,31625,1331625,0,1171,80,1,0,9.880952381,0.2793,0.6397,0.6659,7.8,0.7465,1,36.6,0.495,0,15.4,0.8993,1,9,0.6883,1,10.4,0.5077,0,16.3,0.5238,0,3,0.5,0.6536,5.1,0.3748,36.11111111,0.8462,3.9,0.4372,11.7,0.5909,10.39671683,0.2687,0,0,7.1,0.0783,3.571428571,0.1008,24.9,0.8173,6.3,0.6495,0.4164,0.3082,0.786481561,0.2269,40.54220952,0.3365,2.3,0.3059,19.2,0.7728,39.94974874,0.8315,0,0,0.333333333,0.6092,0.4404,0.4991,0.5317,0.6259
13,GA,Georgia,31626,1331626,0,3463,52,0.75,0,5.12,0.0725,0.4112,0.2283,7.4,0.665,0,40.5,0.7968,1,15.7,0.9114,1,8.5,0.6098,0,10.9,0.6871,1,16.5,0.5552,0,3,0.5,0.6536,17.5,0.9048,29.81476036,0.7369,4.1,0.4656,18.4,0.8088,18.13226744,0.7752,2.574441687,0.8098,17.3,0.6821,17.09350804,0.7951,19.8,0.6181,5.6,0.5283,0.7125,0.9611,0.630213852,0.1704,46.34048155,0.279,7.8,0.7678,36.5,0.9412,27.76673294,0.625,0,0,0.333333333,0.6092,0.4847,0.6136,0.6142,0.7678
13,GA,Georgia,31627,1331627,0,239,99,1,0,5.8,0.0913,0.5456,0.487,6.7,0.5042,0,39.7,0.7463,1,15.6,0.9069,1,8.6,0.6266,0,11.3,0.7987,1,18,0.755,1,4,0.6667,0.7602,14,0.8324,45.52529183,0.9311,0,0,12.6,0.6278,17.30769231,0.7368,0,0,24.1,0.8956,6.41025641,0.2157,23,0.763,5.4,0.4912,0.5494,0.644,5.575317823,0.67,43.62028302,0.307,9.6,0.8377,40.1,0.9581,35.0877193,0.7709,0,0,0.333333333,0.6092,0.5933,0.8271,0.6796,0.8566
13,GA,Georgia,31629,1331629,0,902,81,1,0,5.3,0.0768,0.5384,0.4718,7.7,0.7262,1,39.6,0.7391,1,17.5,0.9603,1,8.9,0.6728,1,11,0.719,1,16.5,0.5552,0,5,0.8333,0.8437,25.2,0.9683,27.09205021,0.6735,8.6,0.8482,11.9,0.5994,5.072463768,0.0521,0,0,18.9,0.7552,1.069518717,0.0505,14.6,0.2928,9.6,0.9325,0.5172,0.5612,0.838800011,0.2454,40.02580863,0.3412,2,0.2749,22,0.813,23.80952381,0.5153,0,0,0.333333333,0.6092,0.3999,0.3872,0.566,0.6899
13,GA,Georgia,31630,1331630,0,419,20,0.25,0,6.266666667,0.1059,0.178,0.0194,8.8,0.8878,1,41.7,0.8602,1,17,0.9504,1,12.2,0.9463,1,11.7,0.8748,1,20.6,0.9339,1,6,1,0.9102,4,0.2776,70.08928571,0.9898,11.6,0.9227,27.4,0.9344,7.662835249,0.1275,2.475247525,0.8043,8.3,0.1259,20.1754386,0.8732,9.4,0.083,9.8,0.9382,0.6077,0.7837,0.523592475,0.1308,74.34574956,0.0382,13.4,0.9126,47.5,0.9789,23.56687898,0.5087,0,0,0.333333333,0.6092,0.4541,0.5359,0.5623,0.6832
13,GA,Georgia,31631,1331631,0,559,20,0.25,0,5.5,0.0824,0.1662,0.0161,10.6,0.9789,1,43.1,0.9157,1,20.1,0.9875,1,15.3,0.9921,1,12.4,0.9461,1,22,0.9686,1,6,1,0.9102,23,0.9566,42.10526316,0.9069,0,0,41.8,0.984,11.38211382,0.3344,0.227272727,0.4633,18,0.7151,30.95238095,0.9678,22.1,0.7301,3.5,0.225,0.6283,0.8273,0.51246049,0.1264,68.44347749,0.077,11.5,0.8826,33.1,0.9224,9.89010989,0.1241,0,0,0.333333333,0.6092,0.3917,0.3638,0.5294,0.6215
13,GA,Georgia,31632,1331632,0,10295,77,1,0,5.8,0.0913,0.5456,0.487,4.9,0.1522,0,34.8,0.3584,0,9.7,0.2864,0,6,0.2144,0,10,0.3568,0,16.5,0.5552,0,0,0,0,8.5,0.6164,18.56759976,0.4288,1.8,0.1906,8.7,0.4381,10.12567692,0.251,0.016015375,0.3937,13.8,0.4748,10.60555923,0.466,13.4,0.2272,7.4,0.8023,0.4289,0.338,1.656215936,0.4587,49.16217918,0.25,0.7,0.1614,16.8,0.732,22.94054054,0.4901,0,0,0.333333333,0.6092,0.3859,0.3479,0.2932,0.1692
13,GA,Georgia,31634,1331634,0,5844,71,0.75,0,7.2,0.1396,0.4448,0.2852,8.7,0.877,1,42.7,0.9017,1,17.9,0.9667,1,12.6,0.9571,1,12.5,0.952,1,21.7,0.9637,1,6,1,0.9102,20.2,0.936,53.96487493,0.9668,5.9,0.6796,31.3,0.9558,15.72591231,0.6452,0.374672162,0.5139,17.4,0.6872,14.92613347,0.7106,15.6,0.3529,6.8,0.7284,0.7176,0.9658,1.262595941,0.3745,66.45027934,0.0917,9.6,0.8377,35.1,0.9336,26.80952381,0.6,0,0,0.333333333,0.6092,0.4924,0.6318,0.6982,0.8763
13,GA,Georgia,31635,1331635,0,6560,81,1,0,7.866666667,0.1735,0.5868,0.5757,6.6,0.4802,0,39.6,0.7391,1,13.3,0.7643,1,8.4,0.5936,0,10.9,0.6871,1,19,0.8449,1,4,0.6667,0.7602,17.1,0.8987,41.93298169,0.9054,6.1,0.6979,20.9,0.8577,14.71321696,0.5782,0.175159236,0.4421,18.5,0.7383,13.24533455,0.6261,11.7,0.1525,7.3,0.7914,0.6688,0.9045,1.328368834,0.3919,52.69247033,0.2163,10.6,0.8634,26.8,0.8696,45,0.8758,0,0,0.333333333,0.6092,0.5466,0.7487,0.7473,0.923
13,GA,Georgia,31636,1331636,0,9539,78,1,0,4.72,0.0639,0.532,0.4587,6.7,0.5042,0,38,0.6132,0,12.8,0.7144,1,8.5,0.6098,0,10.6,0.5818,0,18.2,0.7754,1,2,0.3333,0.5404,16.4,0.8866,29.34120854,0.7255,6.8,0.753,16.1,0.7505,12.03448689,0.3833,1.358591657,0.7108,14.5,0.5195,14.45321308,0.6886,17.5,0.4747,5,0.4216,0.6314,0.8337,1.340440343,0.395,60.07628485,0.148,6.4,0.6903,23.4,0.831,35.3962818,0.7752,0,0,0.333333333,0.6092,0.4927,0.6328,0.6164,0.7715
13,GA,Georgia,31637,1331637,0,2848,81,1,0,7.533333333,0.1547,0.5774,0.5563,8,0.7815,1,38.8,0.6813,1,14.8,0.8702,1,10.5,0.8565,1,11.1,0.7481,1,19.1,0.8527,1,6,1,0.9102,22.1,0.9507,36.48275862,0.8508,4,0.4518,24.8,0.9106,9.509335649,0.2146,1.729106628,0.7501,20.4,0.8097,16.0311284,0.7573,15.3,0.3345,4.3,0.3166,0.6347,0.8403,1.306173339,0.3859,36.25013717,0.3782,7,0.7285,35.7,0.9367,26.25341841,0.5851,0,0,0.333333333,0.6092,0.5177,0.689,0.749,0.9248
13,GA,Georgia,31638,1331638,0,1045,79,1,0,5.2,0.0734,0.5367,0.4672,6.1,0.3702,0,38.9,0.6881,1,14.6,0.8596,1,7.6,0.4575,0,11.1,0.7481,1,17.4,0.6837,1,4,0.6667,0.7602,13.9,0.8293,45.17669532,0.9284,7.3,0.7861,36.4,0.9737,10.28368794,0.2613,1.342975207,0.7086,24.1,0.8956,25.16339869,0.935,31.2,0.9136,7.5,0.8126,0.8044,0.998,1.092613935,0.3274,32.12368505,0.4189,2.4,0.3173,49.2,0.9818,20.47413793,0.4127,0,0,0.333333333,0.6092,0.4382,0.4936,0.6798,0.8568
13,GA,Georgia,31639,1331639,0,10537,75,1,0,6.84,0.128,0.564,0.5288,7.6,0.7055,1,37.9,0.605,0,14.1,0.8264,1,10,0.8125,1,11,0.719,1,18.5,0.8042,1,5,0.8333,0.8437,18.7,0.9201,31.59357628,0.7729,7,0.7668,21.3,0.8644,14.87037768,0.5888,1.080445015,0.6711,22.2,0.8588,14.17155035,0.6752,20.5,0.6557,6,0.5991,0.7373,0.9799,1.215348281,0.3632,50.5515423,0.2365,11.6,0.8847,19.3,0.774,35.07630723,0.7707,0,0,0.333333333,0.6092,0.5198,0.6933,0.7614,0.9347
13,GA,Georgia,31641,1331641,0,1831,82,1,0,5.4,0.0783,0.5392,0.473,6.6,0.4802,0,40.3,0.7839,1,14.2,0.8332,1,8.3,0.5766,0,11,0.719,1,18,0.755,1,4,0.6667,0.7602,10.4,0.7092,15.82733813,0.3388,3.3,0.3533,14.1,0.6855,12.92217327,0.4487,0.879604178,0.6377,10.2,0.2339,8.510638298,0.335,15.1,0.322,2.8,0.1675,0.4232,0.3245,0.819803181,0.238,64.07578066,0.1112,2.7,0.3494,22.6,0.8206,13.89290883,0.2156,0,0,0.333333333,0.6092,0.3349,0.2238,0.4454,0.4544
13,GA,Georgia,31642,1331642,0,4898,47,0.5,0,8.9,0.2232,0.3616,0.157,7.1,0.5989,0,39.7,0.7463,1,14.9,0.8763,1,9.7,0.7788,1,11.3,0.7987,1,20.2,0.9186,1,5,0.8333,0.8437,23.3,0.959,42.6023085,0.9112,9.5,0.8783,32.1,0.9593,10.7629823,0.2928,8.705457826,0.9425,15.8,0.6011,17.74936061,0.8153,11.9,0.1608,7.7,0.832,0.7352,0.9788,1.198834065,0.3583,50.06965464,0.2412,7.5,0.7543,42,0.9646,28.48101266,0.6418,0,0,0.333333333,0.6092,0.5099,0.6725,0.663,0.8357
13,GA,Georgia,31643,1331643,0,8709,82,1,0,5.15,0.073,0.5365,0.467,7.8,0.7465,1,40.7,0.8087,1,17.3,0.9568,1,9.6,0.7675,1,11.5,0.8408,1,18.4,0.7949,1,6,1,0.9102,16.2,0.8831,41.01000244,0.8979,11.6,0.9227,15.4,0.729,18.60208268,0.7953,1.446149943,0.7207,14.1,0.4943,12.15434084,0.5637,19,0.5712,5.5,0.51,0.7088,0.9581,0.814088543,0.236,49.25914846,0.2492,7,0.7285,22,0.813,30.59701493,0.6903,0,0,0.333333333,0.6092,0.4752,0.5909,0.7316,0.9096
13,GA,Georgia,31645,1331645,0,5147,67,0.75,0,6.133333333,0.1018,0.4259,0.2526,5.7,0.2882,0,37.8,0.5965,0,11.4,0.5354,0,7.9,0.5077,0,10.9,0.6871,1,19.5,0.8812,1,2,0.3333,0.5404,14.3,0.8402,31.76213206,0.7759,4.1,0.4656,17.3,0.7822,16.3833937,0.6842,0.262123198,0.4755,12.6,0.3938,11.81968114,0.5428,11.7,0.1525,9.3,0.9237,0.6036,0.7743,1.174874004,0.3515,42.33042973,0.3188,5.4,0.614,37.7,0.9477,41.29301356,0.8434,0,0,0.333333333,0.6092,0.5264,0.7079,0.5688,0.6953
13,GA,Georgia,31647,1331647,0,3535,95,1,0,6.6,0.1161,0.558,0.5157,7.1,0.5989,0,38.7,0.6727,1,14,0.8189,1,9.4,0.7429,1,11.4,0.8207,1,19.2,0.8604,1,5,0.8333,0.8437,17.6,0.9063,48.55168748,0.9464,6.5,0.7306,28.6,0.942,11.62702907,0.3531,2.251995439,0.7911,16.7,0.6507,15.71722718,0.7455,15.4,0.3402,7.2,0.7801,0.7186,0.9666,1.894778522,0.4935,33.92240871,0.4008,4.9,0.5723,54.3,0.9876,39.71255673,0.8295,0,0,0.333333333,0.6092,0.5561,0.7667,0.7732,0.9433
13,GA,Georgia,31648,1331648,0,1040,98,1,0,4.4,0.0577,0.5288,0.4504,5.2,0.1959,0,35.7,0.4217,0,10.7,0.4297,0,6.4,0.2664,0,10,0.3568,0,17.2,0.6568,0,0,0,0,13,0.8029,17.51207729,0.3937,1.4,0.1621,10.5,0.5339,22.83950617,0.9055,3.731343284,0.8615,13.5,0.4541,18.33333333,0.831,16.7,0.4241,2.9,0.1734,0.5542,0.6559,3.341294832,0.6029,47.19118976,0.2698,0,0,51.5,0.9845,37.53351206,0.8036,0,0,0.333333333,0.6092,0.4671,0.5707,0.4192,0.4006
13,GA,Georgia,31649,1331649,0,1056,91,1,0,6.4,0.1087,0.5544,0.5049,6.8,0.5269,0,39.3,0.7178,1,13.3,0.7643,1,9.3,0.7305,1,10.8,0.6526,0,19.3,0.8671,1,4,0.6667,0.7602,18,0.9118,29.60586618,0.7318,0,0,21,0.8599,16.22596154,0.6754,0,0,12.5,0.3875,10.48034934,0.4575,20,0.6293,1.6,0.1093,0.4762,0.4545,0.941607779,0.2796,62.85437279,0.1228,4.2,0.5078,22.2,0.8158,14.75770925,0.2378,0,0,0.333333333,0.6092,0.3676,0.3009,0.5051,0.5747
13,GA,Georgia,31650,1331650,0,3311,63,0.75,0,9.4,0.249,0.4995,0.3809,7.2,0.622,0,40.7,0.8087,1,15.3,0.8948,1,9.9,0.8025,1,11.4,0.8207,1,19.9,0.9037,1,5,0.8333,0.8437,21.6,0.9469,27.82521346,0.6917,3.5,0.3811,34.1,0.9674,10.14211886,0.2521,6.492829205,0.92,15,0.5514,19.32949188,0.8548,16.3,0.3968,3.7,0.2453,0.6208,0.8107,1.351318931,0.3977,45.14735147,0.2903,5.4,0.614,35.3,0.9346,25.09170946,0.554,0,0,0.666666667,0.797,0.5125,0.6783,0.6784,0.8547
13,GA,Georgia,31698,1331698,0,2223,20,0.25,1,5.6,0.0846,0.1673,0.0165,0.7,0.002,0,27.1,0.0778,0,1.9,0.0043,0,2,0.0038,0,13.1,0.9763,1,27.3,0.9963,1,2,0.3333,0.5404,14.8,0.8528,-999,-999,43.5,0.9972,0,0,-999,-999,0,0,1.2,0.0142,0,0,0,0,0,0,0.233,0.0311,43.85155344,0.9172,17.6446281,0.5802,-999,-999,-999,-999,-999,-999,0,0,0.333333333,0.6092,0.5267,0.7087,0.3242,0.2196
13,GA,Georgia,31699,1331699,0,621,20,0.25,1,5.8,0.0913,0.1706,0.0172,0.7,0.002,0,23.5,0.0258,0,1.6,0.0033,0,1.6,0.0018,0,9.2,0.1293,0,21.3,0.9551,1,1,0.1667,0.3497,-999,-999,-999,-999,0,0,2.4,0.0835,-999,-999,0,0,-999,-999,54.83870968,0.9954,0,0,0,0,0.1798,0.0131,54.82155446,0.9523,5.937459703,0.771,-999,-999,-999,-999,-999,-999,0,0,0.333333333,0.6092,0.5831,0.8127,0.2982,0.1765
13,GA,Georgia,31701,1331701,0,20552,96,1,0,6.615384615,0.1194,0.5597,0.517,7.8,0.7465,1,43.9,0.9381,1,19.9,0.9864,1,9.9,0.8025,1,12.8,0.9659,1,20.3,0.9227,1,6,1,0.9102,17.7,0.9075,47.5607721,0.9417,16.1,0.9641,22.1,0.8767,20.71514786,0.865,0.453145878,0.5371,19.7,0.787,10.4932598,0.4585,16.7,0.4241,7.9,0.8489,0.7611,0.9905,16.05399274,0.7828,32.03854749,0.4201,21.3,0.9625,0.8,0.2276,64.41692747,0.9597,0,0,1,0.8463,0.5999,0.8375,0.8138,0.9689
13,GA,Georgia,31705,1331705,0,35565,91,1,0,6.36,0.1083,0.5542,0.5046,6.5,0.4567,0,42.5,0.8948,1,16.3,0.932,1,9.1,0.7023,1,13,0.9731,1,22.3,0.973,1,5,0.8333,0.8437,23.4,0.9596,51.43667361,0.9581,16.3,0.9649,23.5,0.8956,15.96773433,0.6599,0.978918178,0.6545,17.2,0.6769,11.04311043,0.4932,12.6,0.189,6.3,0.6495,0.7101,0.9592,5.768972504,0.6743,32.02174433,0.4204,15.2,0.9302,17.2,0.7387,54.94981122,0.9307,0,0,1,0.8463,0.6487,0.8967,0.801,0.9619
13,GA,Georgia,31707,1331707,0,25299,94,1,0,6.65,0.1198,0.5599,0.5174,6.3,0.4138,0,37.8,0.5965,0,14.1,0.8264,1,7.7,0.4743,0,11.6,0.8587,1,18.6,0.8132,1,3,0.5,0.6536,13.4,0.8153,36.9503461,0.8564,12.7,0.9362,11.5,0.5823,21.75542302,0.8876,1.100348373,0.6736,14.8,0.5382,7.752573563,0.2901,15.5,0.3462,7.3,0.7914,0.6717,0.9091,23.85957281,0.8274,30.6573247,0.4329,8.8,0.8108,0.8,0.2276,57.41539641,0.9391,0,0,1,0.8463,0.5834,0.8132,0.7233,0.9018
13,GA,Georgia,31709,1331709,0,16019,46,0.5,0,5.628571429,0.0879,0.294,0.0931,6.2,0.3919,0,38.2,0.63,0,13.6,0.7898,1,7.9,0.5077,0,11.6,0.8587,1,19.4,0.8742,1,3,0.5,0.6536,12.7,0.7939,38.02018526,0.8695,9.9,0.8883,16.9,0.7728,17.62782672,0.7519,2.135523614,0.7835,12.6,0.3938,9.693877551,0.4096,16,0.3791,7.5,0.8126,0.6855,0.9306,2.51913253,0.5558,40.89918724,0.333,8.6,0.8029,9.6,0.5723,51.9101492,0.9166,0,0,0.333333333,0.6092,0.5414,0.7383,0.6039,0.7519
13,GA,Georgia,31711,1331711,0,867,20,0.25,0,5.7,0.0893,0.1696,0.017,7.8,0.7465,1,38.1,0.6214,0,15.3,0.8948,1,10,0.8125,1,11,0.719,1,18,0.755,1,5,0.8333,0.8437,18.5,0.9179,30.99579243,0.7608,6.5,0.7306,22.5,0.883,12.34347048,0.4049,5.99078341,0.9124,9.8,0.2082,29.45454545,0.962,11.6,0.1487,9,0.9126,0.6841,0.9286,0.934645959,0.2776,50.01338707,0.2417,10.4,0.8589,41.8,0.9639,35.84229391,0.7813,0,0,0.333333333,0.6092,0.5332,0.7221,0.6278,0.788
13,GA,Georgia,31712,1331712,0,1263,20,0.25,0,6.266666667,0.1059,0.178,0.0194,7,0.5757,0,38.4,0.6471,0,13.3,0.7643,1,8.9,0.6728,1,10.7,0.6183,0,17.7,0.7205,1,3,0.5,0.6536,15.7,0.8733,38.97338403,0.8787,8.1,0.8276,25.6,0.9191,16.99196326,0.7197,0,0,24.1,0.8956,14.84918794,0.7067,24.1,0.7967,2.6,0.1546,0.6772,0.9176,1.307321646,0.3862,30.19925174,0.4372,3.3,0.4149,29.3,0.8925,32.45033113,0.7276,0,0,0.333333333,0.6092,0.4954,0.6396,0.5576,0.6745
13,GA,Georgia,31714,1331714,0,6474,85,1,0,6.733333333,0.1221,0.561,0.5204,8.3,0.8276,1,41,0.8256,1,17.9,0.9667,1,10.5,0.8565,1,11.9,0.9011,1,19.4,0.8742,1,6,1,0.9102,8.2,0.5998,41.19940587,0.8993,7.8,0.8135,17.8,0.7941,14.408867,0.5582,0.811437403,0.6243,18.2,0.7246,10.01403837,0.4298,20.7,0.6664,6.5,0.6827,0.6793,0.9214,1.344146045,0.3961,35.00180803,0.39,16.4,0.9402,16.2,0.7201,30.40212108,0.6857,0,0,1,0.8463,0.5683,0.7881,0.785,0.9521
13,GA,Georgia,31716,1331716,0,2896,69,0.75,0,6.333333333,0.1075,0.4288,0.2589,7.3,0.644,0,41.2,0.8358,1,15.8,0.9155,1,9.8,0.7902,1,11.5,0.8408,1,18.8,0.8293,1,5,0.8333,0.8437,16.4,0.8866,33.67976616,0.809,2.9,0.2997,21.2,0.8634,10.7091861,0.2895,1.608391608,0.7382,18.4,0.7337,12.57285595,0.5897,17.1,0.4502,7.1,0.7677,0.6428,0.8566,0.908088646,0.2692,30.10946727,0.4378,2.1,0.2854,42.1,0.965,16.86859273,0.2993,0,0,0.666666667,0.797,0.4362,0.4875,0.6117,0.7644
13,GA,Georgia,31719,1331719,0,10977,60,0.75,0,5.65,0.0882,0.4191,0.2427,6.5,0.4567,0,43,0.9122,1,16.3,0.932,1,8.5,0.6098,0,11.9,0.9011,1,19.2,0.8604,1,4,0.6667,0.7602,10.8,0.7267,41.51280524,0.9023,7.9,0.8182,20.9,0.8577,21.54915591,0.8833,0.94098513,0.6476,14.1,0.4943,5.465765501,0.1685,14.9,0.3097,4.7,0.3746,0.6183,0.806,1.891278062,0.4929,45.80539124,0.2844,12,0.8918,19.3,0.774,41.83161004,0.8483,0,0,0.333333333,0.6092,0.5572,0.7692,0.6445,0.8118
13,GA,Georgia,31720,1331720,0,455,20,0.25,0,5.9,0.0949,0.1724,0.0177,7.2,0.622,0,40.3,0.7839,1,15.3,0.8948,1,8.4,0.5936,0,11.2,0.7745,1,17.5,0.6969,1,4,0.6667,0.7602,16.9,0.8957,32.91139241,0.796,6.3,0.7148,24.2,0.904,32.62032086,0.9716,0,0,18.1,0.7201,10.16949153,0.4386,13.9,0.2532,5.5,0.51,0.6204,0.8096,1.867768047,0.4899,29.65599301,0.4427,7.1,0.734,31.7,0.9123,28.34645669,0.6384,0,0,0.333333333,0.6092,0.5466,0.7487,0.584,0.7195
13,GA,Georgia,31721,1331721,0,20095,57,0.75,0,6.688888889,0.1207,0.4354,0.2703,5.6,0.2682,0,34.4,0.3344,0,12.2,0.643,0,6,0.2144,0,10.1,0.3953,0,14.6,0.2809,0,0,0,0,7.8,0.5742,14.60822078,0.3009,5.4,0.6279,6.7,0.3155,11.21731974,0.3226,0.57177864,0.5693,12,0.3518,7.071869442,0.2499,18.3,0.5259,4.9,0.4067,0.4245,0.3275,1.524587335,0.4357,43.17954947,0.3114,3,0.381,3.9,0.3821,28.01581229,0.6312,0,0,0.666666667,0.797,0.4198,0.4424,0.26,0.1218
13,GA,Georgia,31722,1331722,0,494,20,0.25,0,6.4,0.1087,0.1794,0.0196,7.4,0.665,0,38.8,0.6813,1,13.6,0.7898,1,9.1,0.7023,1,10.4,0.5077,0,17.6,0.7082,1,4,0.6667,0.7602,18.4,0.9167,26.00422833,0.6473,5.7,0.659,20.6,0.8517,6.837606838,0.098,1.612903226,0.7388,17.8,0.7059,19.5,0.8589,16.5,0.4107,8.2,0.8713,0.6758,0.9152,8.683653669,0.7174,14.65328467,0.621,0,0,44.6,0.9723,28.65853659,0.6465,0,0,0.333333333,0.6092,0.5095,0.6714,0.5916,0.7325
13,GA,Georgia,31730,1331730,0,9682,90,1,0,6.15,0.1023,0.5512,0.4997,7.3,0.644,0,42.2,0.8831,1,16.9,0.9482,1,9.4,0.7429,1,11.8,0.8893,1,18.8,0.8293,1,5,0.8333,0.8437,15.6,0.8711,38.36461815,0.8729,15.6,0.9615,19.9,0.8386,17.62386422,0.7518,1.538461538,0.7313,17.9,0.7109,12.76196434,0.6002,19.3,0.5897,4.8,0.3895,0.7318,0.977,1.379703612,0.4049,25.23172311,0.488,11.6,0.8847,16.1,0.7178,38.90063425,0.821,0,0,0.666666667,0.797,0.5876,0.8192,0.7849,0.9521
13,GA,Georgia,31733,1331733,0,1580,74,0.75,0,7.533333333,0.1547,0.4524,0.2972,7.3,0.644,0,35.4,0.4003,0,12.8,0.7144,1,8.4,0.5936,0,9.8,0.2874,0,15.1,0.3488,0,1,0.1667,0.3497,19.5,0.9289,15.26898734,0.3216,0,0,12,0.6036,13.01652893,0.4553,1.798855274,0.7565,13.5,0.4541,10.01589825,0.4298,19.3,0.5897,4.8,0.3895,0.4929,0.4983,1.206413304,0.3607,37.85018534,0.3624,1.7,0.2412,29.4,0.8934,17.91907514,0.333,0,0,0.666666667,0.797,0.4268,0.4612,0.4016,0.3643
13,GA,Georgia,31735,1331735,0,817,20,0.25,0,5.6,0.0846,0.1673,0.0165,9,0.907,1,35.7,0.4217,0,15.6,0.9069,1,10.2,0.8312,1,10.1,0.3953,0,15.2,0.3627,0,3,0.5,0.6536,15,0.8581,39.06705539,0.8798,7.2,0.7807,12.5,0.6241,23.25581395,0.9118,0,0,30.5,0.957,17.6056338,0.8108,31.6,0.9168,3.2,0.1975,0.6937,0.9415,0.694963925,0.1945,21.49788745,0.5316,6.8,0.7159,36.4,0.9406,23.24324324,0.4989,0,0,0.333333333,0.6092,0.4987,0.6478,0.5648,0.6875
13,GA,Georgia,31738,1331738,0,2102,81,1,0,5.9,0.0949,0.5474,0.4894,7.7,0.7262,1,40.8,0.8143,1,15.4,0.8993,1,9.9,0.8025,1,11.2,0.7745,1,18.5,0.8042,1,6,1,0.9102,14.2,0.8373,34.33922997,0.8198,5.8,0.6688,16.5,0.7614,15.85365854,0.653,0.938189845,0.6472,20.4,0.8097,17.08428246,0.7948,18.9,0.5649,5.7,0.5455,0.7102,0.9593,1.121980131,0.3359,41.38873244,0.3277,4.7,0.5539,35.4,0.935,30.02392344,0.6777,0,0,0.333333333,0.6092,0.4913,0.6294,0.7471,0.9228
13,GA,Georgia,31743,1331743,0,630,20,0.25,0,5.6,0.0846,0.1673,0.0165,6.9,0.5508,0,41.2,0.8358,1,17.8,0.9653,1,7.5,0.4403,0,10.9,0.6871,1,15.5,0.4065,0,3,0.5,0.6536,0.3,0.0578,32.65306122,0.7913,13.2,0.9422,32.5,0.9609,6.542056075,0.0885,0,0,23.3,0.8807,0.8,0.048,9.6,0.0881,7.3,0.7914,0.4649,0.4248,0.423142331,0.095,38.19171513,0.3596,21.8,0.9639,39.5,0.9559,70.2970297,0.9717,0,0,0.666666667,0.797,0.5919,0.8252,0.48,0.5238
13,GA,Georgia,31744,1331744,0,3202,20,0.25,0,6.266666667,0.1059,0.178,0.0194,7.4,0.665,0,38.9,0.6881,1,14,0.8189,1,9.4,0.7429,1,10.7,0.6183,0,18.1,0.7656,1,4,0.6667,0.7602,15.8,0.8756,29.1965812,0.7225,1.5,0.1686,19,0.8206,11.80096874,0.3659,0,0,16.9,0.6623,9.992598075,0.4275,21.5,0.7042,5.2,0.4561,0.5203,0.5688,1.006674258,0.3006,31.83341917,0.4225,4.2,0.5078,27.9,0.8806,37.8600823,0.8075,0,0,0.666666667,0.797,0.5309,0.7175,0.5165,0.5961
13,GA,Georgia,31747,1331747,0,281,20,0.25,0,6.4,0.1087,0.1794,0.0196,7.1,0.5989,0,38.9,0.6881,1,13.3,0.7643,1,9.2,0.7166,1,10.6,0.5818,0,17.9,0.7441,1,4,0.6667,0.7602,20.9,0.9417,29.08163265,0.7201,10.8,0.9077,39,0.9794,16.23376623,0.6759,5.208333333,0.8986,11.7,0.3311,13.63636364,0.6473,17.9,0.5,2,0.1242,0.6726,0.9107,5.780075087,0.6745,23.73873085,0.5047,9,0.8177,51.8,0.9848,26.92307692,0.6029,0,0,0.333333333,0.6092,0.5991,0.8366,0.6318,0.7941
13,GA,Georgia,31749,1331749,0,2783,55,0.75,0,7.7,0.163,0.4565,0.3053,6.9,0.5508,0,38.1,0.6214,0,13.1,0.7454,1,9.6,0.7675,1,10.9,0.6871,1,19.5,0.8812,1,4,0.6667,0.7602,29.9,0.9819,45.13274336,0.9282,2.1,0.2157,18.7,0.8147,10.98958333,0.307,1.718213058,0.7488,8.5,0.1367,27.50455373,0.9517,14.3,0.2748,7.3,0.7914,0.6151,0.7991,0.866474186,0.2548,34.73622659,0.3924,5.7,0.6391,52.8,0.9859,38.32823649,0.8134,0,0,0.666666667,0.797,0.5547,0.7644,0.6572,0.8285
13,GA,Georgia,31750,1331750,0,18687,80,1,0,8.833333333,0.2217,0.6108,0.6217,7.6,0.7055,1,42.9,0.9088,1,15.5,0.9033,1,9.6,0.7675,1,11.2,0.7745,1,18.6,0.8132,1,6,1,0.9102,17.5,0.9048,37.44245524,0.8622,5.6,0.6484,16.7,0.7665,16.67800711,0.7025,1.204461849,0.6899,14.7,0.5325,11.90977444,0.5489,17.4,0.4687,6.4,0.6659,0.679,0.9209,1.593753455,0.4483,43.51959973,0.3081,12.5,0.9009,21.2,0.8022,40.1027146,0.8328,0,0,0.666666667,0.797,0.5842,0.8143,0.8168,0.9702
13,GA,Georgia,31756,1331756,0,966,20,0.25,0,6.4,0.1087,0.1794,0.0196,7.8,0.7465,1,39.2,0.7106,1,13.4,0.7728,1,10.1,0.8222,1,10.6,0.5818,0,18.6,0.8132,1,5,0.8333,0.8437,12.8,0.7968,11.7,0.2144,8.5,0.8444,4.3,0.173,15.72739187,0.6453,0,0,12.5,0.3875,9.87654321,0.421,25.1,0.8226,9.2,0.9204,0.5225,0.5752,0.908612627,0.2694,32.11281846,0.4191,9.6,0.8377,21.1,0.8005,2.816901408,0.0405,0,0,0.333333333,0.6092,0.4252,0.4565,0.4738,0.5114
13,GA,Georgia,31757,1331757,0,10451,61,0.75,0,5.24,0.076,0.413,0.234,6,0.3488,0,36.8,0.5112,0,11.7,0.5779,0,7,0.3587,0,10.3,0.4679,0,15.9,0.4655,0,0,0,0,9.8,0.6824,17.02867889,0.3773,7.5,0.7975,10.9,0.5554,10.64503865,0.2854,0.695383427,0.5991,15.9,0.6067,13.06726094,0.6168,17.6,0.4816,5.1,0.4383,0.544,0.6304,2.296511781,0.5367,46.84176981,0.2733,2.4,0.3173,22.4,0.8182,26.92682927,0.6033,0,0,0.333333333,0.6092,0.4511,0.5275,0.348,0.2638
13,GA,Georgia,31763,1331763,0,23304,71,0.75,0,6.333333333,0.1075,0.4288,0.2589,4.8,0.1385,0,36.1,0.4532,0,10,0.3272,0,6.2,0.2402,0,10,0.3568,0,17.1,0.6422,0,0,0,0,10.5,0.7133,19.38731791,0.4535,7.1,0.7734,9.6,0.4874,10.53195925,0.2783,0.096271661,0.4133,12,0.3518,13.09589545,0.6183,11.5,0.1454,6.2,0.633,0.4868,0.4815,1.769757251,0.4759,33.15323566,0.4086,2,0.2749,13.3,0.6588,29.81078186,0.6732,0,0,1,0.8463,0.4768,0.5953,0.3339,0.2383
13,GA,Georgia,31764,1331764,0,1296,20,0.25,0,5.666666667,0.0885,0.1693,0.017,7.2,0.622,0,38.6,0.6637,0,15.6,0.9069,1,8.3,0.5766,0,10.7,0.6183,0,16.1,0.4949,0,1,0.1667,0.3497,10.5,0.7133,25.96153846,0.646,2.4,0.243,19.5,0.8309,6.643356643,0.0917,1.129146083,0.6779,15.2,0.5641,15.85760518,0.7507,15.3,0.3345,2.7,0.1606,0.5013,0.5202,0.712235033,0.2007,32.63144596,0.4138,6.1,0.6702,35.3,0.9346,12.57861635,0.1818,0,0,0.666666667,0.797,0.4569,0.5428,0.3574,0.2807
13,GA,Georgia,31765,1331765,0,2647,56,0.75,0,5.8,0.0913,0.4207,0.2469,8.5,0.8538,1,42.9,0.9088,1,17.3,0.9568,1,11.5,0.9186,1,12,0.9124,1,19.8,0.8984,1,6,1,0.9102,23,0.9566,41.0626186,0.8984,13.1,0.9411,22.1,0.8767,14.22613531,0.545,2.481291847,0.8047,25.7,0.9183,20.97836312,0.8863,18.7,0.5522,4.8,0.3895,0.7769,0.9941,1.200833147,0.3591,41.18699808,0.3297,9,0.8177,40.3,0.9588,33.99458972,0.7543,0,0,0.333333333,0.6092,0.547,0.7495,0.7252,0.9035
13,GA,Georgia,31768,1331768,0,23617,67,0.75,0,6.4,0.1087,0.4294,0.2595,7.7,0.7262,1,42.3,0.887,1,15.5,0.9033,1,9.9,0.8025,1,11.4,0.8207,1,19.3,0.8671,1,6,1,0.9102,19.9,0.9329,40.2247191,0.8912,8.6,0.8482,26.4,0.926,13.98571516,0.5279,5.861077622,0.9103,14.8,0.5382,16.01161233,0.7565,14.7,0.2985,6.3,0.6495,0.7279,0.9742,2.789572618,0.5754,34.90893059,0.3908,9.6,0.8377,17.2,0.7387,43.92451868,0.8678,0,0,0.333333333,0.6092,0.5742,0.7981,0.7355,0.9133
13,GA,Georgia,31771,1331771,0,5666,66,0.75,0,6.666666667,0.1201,0.435,0.2674,7,0.5757,0,41.1,0.8303,1,13.7,0.7973,1,9.6,0.7675,1,11,0.719,1,20,0.9088,1,5,0.8333,0.8437,27.3,0.9757,46.39626495,0.936,4.9,0.5698,28.4,0.9405,5.420219245,0.0588,15.71828358,0.9775,11.7,0.3311,33.42911877,0.9748,11.4,0.142,6.8,0.7284,0.6635,0.8958,1.214845982,0.3631,39.19455948,0.3498,7,0.7285,60,0.9924,39.30521092,0.8252,0,0,0.666666667,0.797,0.5794,0.8064,0.7033,0.8824
13,GA,Georgia,31772,1331772,0,482,20,0.25,0,6,0.0974,0.1737,0.018,8.1,0.7976,1,38.7,0.6727,1,15.7,0.9114,1,10,0.8125,1,10.7,0.6183,0,18.2,0.7754,1,5,0.8333,0.8437,25.1,0.9681,9.652509653,0.1559,4.9,0.5698,23.6,0.8966,4.05982906,0.0373,0,0,17.8,0.7059,43.36734694,0.9889,17,0.4434,1.7,0.1131,0.4879,0.4846,0.643698704,0.1752,43.2122714,0.3111,0,0,31.2,0.9086,11.17318436,0.1501,0,0,1,0.8463,0.3416,0.2379,0.396,0.3533
13,GA,Georgia,31773,1331773,0,3729,75,1,0,5.4,0.0783,0.5392,0.473,7.3,0.644,0,38.1,0.6214,0,13,0.736,1,9.3,0.7305,1,10.6,0.5818,0,17.7,0.7205,1,3,0.5,0.6536,17.8,0.909,28.41707185,0.7057,10.4,0.8995,21.4,0.8659,15.01564129,0.599,0.515316347,0.5554,26,0.9221,14.67556095,0.6994,21.6,0.7093,5.6,0.5283,0.7394,0.9811,1.059161147,0.318,48.01404213,0.2614,1,0.1816,37.9,0.9489,24.47314752,0.5356,0,0,0.333333333,0.6092,0.4078,0.4085,0.629,0.7902
13,GA,Georgia,31774,1331774,0,6714,81,1,0,7.8,0.1671,0.5836,0.5707,7.4,0.665,0,40.3,0.7839,1,15.1,0.8865,1,9.4,0.7429,1,11,0.719,1,18.6,0.8132,1,5,0.8333,0.8437,17.2,0.9004,44.05082212,0.9214,12.4,0.9326,19.6,0.8327,17.30103806,0.7365,1.073318216,0.6695,19,0.7595,14.42687747,0.6874,17.3,0.4628,3.2,0.1975,0.71,0.959,1.071476009,0.3214,36.55556659,0.3756,8.2,0.7864,25.7,0.8575,30.5,0.6882,0,0,0.666666667,0.797,0.5466,0.7487,0.7805,0.9486
13,GA,Georgia,31775,1331775,0,2979,52,0.75,0,7.5,0.153,0.4515,0.2962,7.1,0.5989,0,40.8,0.8143,1,14.3,0.8406,1,9.5,0.7561,1,10.8,0.6526,0,20,0.9088,1,4,0.6667,0.7602,26.9,0.9745,41.44657863,0.9015,1.9,0.1986,38.2,0.9777,7.396928052,0.1171,12.88167939,0.9672,17.2,0.6769,35.83977512,0.9796,14.6,0.2928,5.6,0.5283,0.6614,0.8924,1.571121516,0.4445,29.11881298,0.4473,3.9,0.4784,59.4,0.9918,14.2732049,0.2256,0,0,0.666666667,0.797,0.4835,0.6109,0.6399,0.8051
13,GA,Georgia,31778,1331778,0,2562,20,0.25,0,5.9,0.0949,0.1724,0.0177,7.7,0.7262,1,37.6,0.5798,0,14.1,0.8264,1,9.2,0.7166,1,10.6,0.5818,0,17.4,0.6837,1,4,0.6667,0.7602,19.2,0.926,26.54945055,0.6605,15.8,0.9626,14.1,0.6855,16.79515419,0.7084,1.825650388,0.7591,20.7,0.8182,15.97573306,0.7551,20.1,0.6342,3.8,0.2556,0.7165,0.9646,0.840203087,0.246,35.79077778,0.3821,4.6,0.5448,28.1,0.8826,16.96522655,0.3026,0,0,0.333333333,0.6092,0.4239,0.4533,0.549,0.6585
13,GA,Georgia,31779,1331779,0,9927,77,1,0,6.1,0.1007,0.5504,0.4971,6.9,0.5508,0,41.3,0.841,1,15,0.8812,1,8.8,0.6576,0,10.9,0.6871,1,18.1,0.7656,1,4,0.6667,0.7602,16.9,0.8957,39.67139094,0.8854,11.1,0.9139,25.5,0.9179,14.21149656,0.5437,1.129582268,0.678,14.2,0.5002,10.13590034,0.4366,12.9,0.2028,7,0.755,0.6729,0.9111,1.535412704,0.4377,27.50597752,0.4638,16.7,0.9417,24.4,0.8435,42.25796279,0.8528,0,0,0.333333333,0.6092,0.5927,0.8264,0.7487,0.9245
13,GA,Georgia,31780,1331780,0,2285,62,0.75,0,5.733333333,0.0902,0.4201,0.2465,8.5,0.8538,1,37.8,0.5965,0,16.3,0.932,1,9.3,0.7305,1,10.5,0.545,0,16,0.4798,0,3,0.5,0.6536,13.9,0.8293,38.7787895,0.8769,3.3,0.3533,20.4,0.8486,17.51487112,0.7468,3.092243187,0.8367,12.7,0.4007,15.69115816,0.7442,24,0.7934,5.8,0.5645,0.6994,0.9483,0.504698266,0.1233,52.37997076,0.2194,4.4,0.5277,21.4,0.8049,26.82619647,0.6004,0,0,0.333333333,0.6092,0.4121,0.4202,0.5672,0.6924
13,GA,Georgia,31781,1331781,0,1752,90,1,0,6.466666667,0.1131,0.5566,0.5109,7.5,0.6855,1,38.8,0.6813,1,14.3,0.8406,1,10,0.8125,1,11.1,0.7481,1,19.8,0.8984,1,6,1,0.9102,15.6,0.8711,45.51480336,0.931,9.9,0.8883,22.3,0.8796,13.08658295,0.4603,0,0,22.3,0.8609,18.75,0.8411,12.2,0.1727,9.5,0.9298,0.6835,0.9276,1.70823549,0.4669,30.50486335,0.4343,9.7,0.8407,47.8,0.9797,39.73684211,0.8297,0,0,1,0.8463,0.6282,0.8735,0.8056,0.9644
13,GA,Georgia,31783,1331783,0,1107,82,1,0,8,0.1772,0.5886,0.5817,8.4,0.8412,1,36.5,0.4862,0,14.4,0.8473,1,10.4,0.8481,1,10.5,0.545,0,17.6,0.7082,1,4,0.6667,0.7602,14.8,0.8528,28.86266094,0.7153,5.6,0.6484,15,0.7168,22.06703911,0.8932,1.795735129,0.7562,27.5,0.9371,12.89198606,0.6072,26,0.8428,4.4,0.3298,0.73,0.9759,0.718053722,0.203,40.55032116,0.3364,14,0.9196,28.9,0.8898,13.04347826,0.1935,0,0,0.666666667,0.797,0.477,0.5957,0.7284,0.9066
13,GA,Georgia,31784,1331784,0,781,20,0.25,0,6.4,0.1087,0.1794,0.0196,9,0.907,1,39.6,0.7391,1,16.4,0.9353,1,11.7,0.9274,1,11.1,0.7481,1,19.5,0.8812,1,6,1,0.9102,30.1,0.9824,33.67231638,0.8088,0.6,0.125,15.2,0.7226,8.882082695,0.1822,0.840336134,0.6301,12.7,0.4007,16.82539683,0.7855,13.6,0.2378,5.9,0.5819,0.5457,0.6346,1.028264261,0.308,27.21405326,0.4664,6.8,0.7159,30.7,0.905,26.96245734,0.6041,0,0,0.333333333,0.6092,0.5155,0.6843,0.5622,0.683
13,GA,Georgia,31787,1331787,0,1488,72,0.75,0,5.65,0.0882,0.4191,0.2427,6.2,0.3919,0,40.9,0.8202,1,15,0.8812,1,7.7,0.4743,0,11,0.719,1,17.2,0.6568,0,3,0.5,0.6536,12.9,0.8,32.54612546,0.7896,7.9,0.8182,12.4,0.6206,20.32967033,0.8548,0,0,13.5,0.4541,15.88235294,0.7516,25.1,0.8226,4,0.2781,0.619,0.807,0.815460635,0.2365,37.43257189,0.367,14.5,0.9247,37.9,0.9489,32.46329527,0.7279,0,0,0.333333333,0.6092,0.5449,0.7451,0.6121,0.765
13,GA,Georgia,31788,1331788,0,10602,53,0.75,0,6.4,0.1087,0.4294,0.2595,6.5,0.4567,0,40.6,0.8027,1,12.9,0.7251,1,8.7,0.6428,0,10.6,0.5818,0,19.1,0.8527,1,3,0.5,0.6536,17.9,0.9104,43.79570131,0.9198,11.1,0.9139,20,0.8407,13.13249488,0.4645,3.884741017,0.8662,16.2,0.6242,21.79158111,0.8978,17.4,0.4687,9.1,0.9167,0.7823,0.9951,2.632256234,0.5636,36.24255284,0.3783,8.2,0.7864,40.5,0.9594,30.71914768,0.6927,0,0,0.333333333,0.6092,0.5699,0.791,0.6748,0.8505
13,GA,Georgia,31789,1331789,0,1236,81,1,0,7.2,0.1396,0.5698,0.5433,8.3,0.8276,1,38.6,0.6637,0,15.2,0.8907,1,10.9,0.8862,1,11,0.719,1,19.4,0.8742,1,5,0.8333,0.8437,20.5,0.9384,37.3812038,0.8617,9.3,0.8717,30.8,0.9533,23.29472329,0.9125,0,0,13.9,0.481,29.56989247,0.9625,28.3,0.8821,2.9,0.1734,0.7037,0.953,1.109605402,0.3319,25.80685647,0.4827,0.9,0.174,25,0.8495,27.40899358,0.6165,0,0,0.666666667,0.797,0.4645,0.5632,0.7258,0.904
13,GA,Georgia,31790,1331790,0,2078,61,0.75,0,7,0.1321,0.441,0.2789,7.4,0.665,0,36.7,0.5029,0,13.9,0.8114,1,9.1,0.7023,1,10.3,0.4679,0,17.8,0.7322,1,3,0.5,0.6536,22.4,0.9531,39.90659056,0.8879,3.6,0.3956,20.9,0.8577,10.15567087,0.2528,1.733809281,0.7505,15.6,0.5888,10.37204059,0.4508,14.7,0.2985,6.8,0.7284,0.6164,0.8021,1.738335077,0.4713,24.60970325,0.495,11,0.8731,23,0.8258,32.66932271,0.7319,0,0,0.666666667,0.797,0.5992,0.8368,0.6428,0.8093
13,GA,Georgia,31791,1331791,0,12354,86,1,0,6.4,0.1087,0.5544,0.5049,6.9,0.5508,0,38.3,0.6394,0,14.1,0.8264,1,8.7,0.6428,0,11,0.719,1,18.3,0.786,1,3,0.5,0.6536,17.2,0.9004,28.58614473,0.7097,6.8,0.753,15,0.7168,10.24163157,0.2585,0,0,15.8,0.6011,8.873213291,0.3564,17.3,0.4628,6.1,0.6163,0.5375,0.6135,1.587581393,0.4474,36.65875025,0.3745,9.6,0.8377,22.9,0.8243,38.6089578,0.8169,0,0,1,0.8463,0.5924,0.8261,0.6495,0.8189
13,GA,Georgia,31792,1331792,0,23835,84,1,0,5.04,0.0712,0.5356,0.4656,7.2,0.622,0,40.9,0.8202,1,15.5,0.9033,1,8.4,0.5936,0,11.2,0.7745,1,17.1,0.6422,0,3,0.5,0.6536,15.7,0.8733,38.91343904,0.8782,5.6,0.6484,15.4,0.729,15.71624871,0.6445,0.826672756,0.6275,15.4,0.5765,6.974410437,0.2445,17.3,0.4628,7.1,0.7677,0.6452,0.8608,2.245388455,0.5325,59.96254615,0.1488,9.1,0.8208,6.3,0.4712,47.89060844,0.8953,0,0,0.333333333,0.6092,0.4968,0.6431,0.6558,0.8269
13,GA,Georgia,31793,1331793,0,9043,43,0.5,0,7.76,0.1663,0.3332,0.1305,5.8,0.3082,0,36.1,0.4532,0,10.9,0.4592,0,7.5,0.4403,0,10.6,0.5818,0,19.1,0.8527,1,1,0.1667,0.3497,13.7,0.824,21.53085134,0.5195,1.3,0.1561,10,0.5094,11.45204561,0.34,0.647653676,0.588,12,0.3518,14.89270386,0.7089,15.6,0.3529,4.4,0.3298,0.468,0.4328,2.727525102,0.5714,31.76657927,0.4233,8.1,0.7826,19.9,0.7829,23.62637363,0.51,0,0,0.666666667,0.797,0.5525,0.7603,0.4183,0.3987
13,GA,Georgia,31794,1331794,0,27153,74,0.75,0,7.76,0.1663,0.4582,0.3074,6.6,0.4802,0,40.6,0.8027,1,14.4,0.8473,1,8.4,0.5936,0,11.1,0.7481,1,18.3,0.786,1,4,0.6667,0.7602,21.5,0.9462,37.41762619,0.862,3,0.3122,20.3,0.8468,13.39028509,0.4837,1.408722501,0.7171,14.3,0.5064,10.52631579,0.4604,14.2,0.2691,7.9,0.8489,0.6253,0.8206,5.68877545,0.6727,32.04355216,0.42,10.6,0.8634,23.3,0.8297,47.13387926,0.8909,0,0,0.666666667,0.797,0.6391,0.8867,0.6937,0.8718
13,GA,Georgia,31795,1331795,0,2010,20,0.25,0,7.4,0.1475,0.1987,0.0256,6.5,0.4567,0,38.4,0.6471,0,13.2,0.7548,1,8.3,0.5766,0,10.6,0.5818,0,17.8,0.7322,1,2,0.3333,0.5404,25.4,0.9692,37.78268064,0.8665,5.4,0.6279,16.2,0.7536,13.31521739,0.4784,0,0,18.6,0.7429,20.86247086,0.8846,12.4,0.1804,3.2,0.1975,0.5701,0.6955,1.248820943,0.3714,29.31863032,0.4455,3.8,0.4672,43,0.9678,20.95890411,0.4279,0,0,0.666666667,0.797,0.4967,0.643,0.4761,0.5162
13,GA,Georgia,31796,1331796,0,1112,91,1,0,6,0.0974,0.5487,0.4917,7.9,0.7645,1,38.9,0.6881,1,15.6,0.9069,1,10.1,0.8222,1,11,0.719,1,18.6,0.8132,1,6,1,0.9102,15.5,0.8695,37.06099815,0.8579,19.4,0.9768,13.6,0.667,15.90389016,0.6563,0,0,16.8,0.6566,13.42857143,0.6365,30.7,0.9088,6.6,0.6979,0.6927,0.94,0.922375754,0.2737,38.47566918,0.357,7.3,0.7445,25.6,0.8565,31.23689727,0.7035,0,0,1,0.8463,0.5402,0.7361,0.7695,0.9402
13,GA,Georgia,31798,1331798,0,983,20,0.25,0,10.46666667,0.3186,0.2843,0.0835,7.2,0.622,0,39.1,0.7026,1,14,0.8189,1,9.3,0.7305,1,10.7,0.6183,0,18.4,0.7949,1,4,0.6667,0.7602,36.5,0.9909,36.97788698,0.8569,2.2,0.2244,23.9,0.9002,18.57835218,0.7942,4.804804805,0.8902,14.7,0.5325,24.75,0.9316,16.5,0.4107,20.1,0.9955,0.7527,0.9876,0.656690051,0.18,40.13195926,0.3403,18.6,0.9521,58.3,0.9912,26.64233577,0.5953,0,0,0.666666667,0.797,0.5508,0.7574,0.6472,0.8156
13,GA,Georgia,31801,1331801,0,3008,53,0.75,0,4.7,0.0634,0.4067,0.2228,7.4,0.665,0,37.5,0.5708,0,14.8,0.8702,1,9.5,0.7561,1,10.8,0.6526,0,17.9,0.7441,1,3,0.5,0.6536,17,0.8971,33.67315416,0.8089,9,0.8618,17.7,0.7916,8.147321429,0.1471,1.075268817,0.6699,14.7,0.5325,6.736526946,0.2318,24.1,0.7967,5.2,0.4561,0.6194,0.808,1.123618882,0.3365,53.15015211,0.2122,0.4,0.1471,38.9,0.9532,10.89696071,0.1443,0,0,0,0,0.2562,0.0889,0.4433,0.4499
13,GA,Georgia,31803,1331803,0,5662,88,1,0,5.55,0.0839,0.542,0.4797,7.2,0.622,0,38.6,0.6637,0,16.1,0.9258,1,8.7,0.6428,0,11.3,0.7987,1,17.8,0.7322,1,3,0.5,0.6536,8.5,0.6164,30.65567485,0.7551,3.3,0.3533,22,0.8751,17.60178749,0.7507,1.607142857,0.738,12,0.3518,21.67243939,0.8962,20.8,0.671,5.2,0.4561,0.6464,0.8631,0.511932147,0.1262,55.42149606,0.1904,8.5,0.7989,32.5,0.9183,26.57276995,0.5934,0,0,0,0,0.3753,0.3203,0.5792,0.7124
13,GA,Georgia,31804,1331804,0,5934,69,0.75,0,3.6,0.0404,0.3952,0.2004,5,0.1665,0,33.5,0.2873,0,10,0.3272,0,5.5,0.1573,0,9.2,0.1293,0,14.1,0.2152,0,0,0,0,4.9,0.3565,8.151029007,0.118,3.8,0.423,6.1,0.2782,5.54192229,0.0614,0,0,13.3,0.4404,8.694306931,0.3459,17.6,0.4816,2.6,0.1546,0.266,0.056,1.51224805,0.4333,68.34548393,0.0779,2.9,0.3705,7.3,0.5047,6.56279509,0.0708,0,0,0,0,0.2082,0.0435,0.075,0.004
13,GA,Georgia,31805,1331805,0,3191,72,0.75,0,6.7,0.1209,0.4354,0.2703,8.1,0.7976,1,41.2,0.8358,1,17.8,0.9653,1,10.6,0.8648,1,11.5,0.8408,1,19.1,0.8527,1,6,1,0.9102,9.5,0.6674,42.14936248,0.9076,15.1,0.9585,16.8,0.77,17.45098039,0.7437,0,0,16.1,0.6182,14.46124764,0.689,13.7,0.2427,6.5,0.6827,0.628,0.8264,0.954606603,0.2839,69.39611698,0.0702,10.4,0.8589,46.6,0.9769,40.36036036,0.8345,0,0,0,0,0.4321,0.4767,0.6209,0.7784
13,GA,Georgia,31806,1331806,0,4962,46,0.5,0,5.6,0.0846,0.2923,0.0898,6.5,0.4567,0,38.8,0.6813,1,13.6,0.7898,1,8.3,0.5766,0,10.7,0.6183,0,17.7,0.7205,1,3,0.5,0.6536,14.2,0.8373,28.01466332,0.6962,9.3,0.8717,12.6,0.6278,10.1905972,0.2552,0.371593724,0.5129,17,0.6673,13.04932735,0.6162,15.7,0.3588,6.5,0.6827,0.6126,0.7937,0.853318974,0.2501,58.18317217,0.1659,6.3,0.6834,32.9,0.921,28.68719611,0.6472,0,0,0,0,0.3811,0.3361,0.4683,0.5005
13,GA,Georgia,31807,1331807,0,2483,20,0.25,0,3.6,0.0404,0.1452,0.0111,4.7,0.1251,0,34.2,0.3228,0,9.6,0.2721,0,5.5,0.1573,0,9.5,0.1987,0,14.9,0.322,0,0,0,0,5.8,0.4316,5.367856015,0.0589,12.5,0.9337,3.8,0.1449,5.866032501,0.0693,1.037277147,0.6642,20.1,0.8005,12.14841412,0.5634,13.8,0.2479,2.6,0.1546,0.4069,0.2854,2.313240933,0.5382,61.50446691,0.1347,1.3,0.2054,0,0,13.21462043,0.1985,0,0,0,0,0.1538,0.016,0.0781,0.0042
13,GA,Georgia,31808,1331808,0,6679,43,0.5,0,4.4,0.0577,0.2788,0.0773,4.8,0.1385,0,32.5,0.2428,0,9.5,0.2575,0,5.2,0.1262,0,9.1,0.1116,0,13.9,0.1921,0,0,0,0,3.2,0.2099,7.100207684,0.093,5.7,0.659,3.7,0.1395,5.953827461,0.0715,0.205142232,0.4543,16.2,0.6242,5.855245324,0.1867,14.7,0.2985,5.2,0.4561,0.3193,0.1212,2.778760521,0.5748,66.98908022,0.0876,1.7,0.2412,5,0.4265,5.26513727,0.0574,0,0,0,0,0.1982,0.0368,0.0588,0.0022
13,GA,Georgia,31810,1331810,0,225,20,0.25,0,4.4,0.0577,0.1538,0.0131,8.9,0.8975,1,45.6,0.9688,1,22.3,0.995,1,10.4,0.8481,1,11.6,0.8587,1,16.9,0.6143,0,5,0.8333,0.8437,9,0.6419,48.58490566,0.9467,0,0,22.4,0.8815,13.02083333,0.4556,0,0,25.9,0.9209,2.666666667,0.0778,23.6,0.7815,0.9,0.09,0.4796,0.4635,1.399181894,0.4092,59.22873044,0.1555,20.2,0.9588,42.4,0.9658,25.96153846,0.577,0,0,0,0,0.438,0.493,0.4533,0.4703
13,GA,Georgia,31811,1331811,0,5103,68,0.75,0,3.6,0.0404,0.3952,0.2004,5.4,0.2301,0,34.4,0.3344,0,10.9,0.4592,0,6,0.2144,0,9.5,0.1987,0,14.5,0.2671,0,0,0,0,11.1,0.7383,14.11376752,0.2859,6.9,0.7596,11.5,0.5823,6.736526946,0.0947,0,0,18.6,0.7429,7.962359754,0.3024,15.6,0.3529,4.3,0.3166,0.4176,0.3108,0.758727131,0.2167,69.29302641,0.0708,2.4,0.3173,9.4,0.5668,12.7178521,0.1853,0,0,0,0,0.1938,0.0341,0.1363,0.0206
13,GA,Georgia,31812,1331812,0,565,20,0.25,0,4.466666667,0.0599,0.155,0.0133,9.2,0.922,1,44.3,0.9474,1,19.9,0.9864,1,10.6,0.8648,1,11.2,0.7745,1,17.1,0.6422,0,5,0.8333,0.8437,15,0.8581,38.24091778,0.8717,9.6,0.8803,15.7,0.7385,10.8559499,0.2983,0,0,21.6,0.8442,13.70558376,0.6515,30.7,0.9088,5.5,0.51,0.6561,0.8826,0.803865984,0.2329,61.28631106,0.1367,5.7,0.6391,29.5,0.8942,15.20912548,0.251,0,0,0,0,0.3077,0.166,0.4764,0.5168
13,GA,Georgia,31814,1331814,0,272,20,0.25,1,8,0.1772,0.2136,0.0303,9.7,0.951,1,49.3,0.993,1,23.6,0.9973,1,13,0.9661,1,13.2,0.9792,1,21,0.9466,1,6,1,0.9102,14.8,0.8528,20.3125,0.4824,11.7,0.9242,0,0,27.64705882,0.9522,0,0,39.6,0.9827,0,0,29.7,0.8983,11.5,0.9671,0.606,0.7803,0.500783065,0.1219,72.47974935,0.0492,0,0,46.4,0.9765,29.05982906,0.656,0,0,0,0,0.2577,0.0907,0.4529,0.4697
13,GA,Georgia,31815,1331815,0,3675,88,1,0,7.1,0.1371,0.5686,0.539,6.8,0.5269,0,45.4,0.9663,1,16.2,0.9284,1,8.7,0.6428,0,10.3,0.4679,0,19.6,0.8875,1,3,0.5,0.6536,20.6,0.9392,55.17808219,0.9695,7.5,0.7975,39.3,0.9801,20,0.8442,23.35345054,0.9912,25.2,0.9119,8.757961783,0.3503,7.9,0.0556,2,0.1242,0.6964,0.9452,0.356603573,0.0732,66.20227579,0.0937,20.5,0.9596,28.5,0.8863,26.0756193,0.5802,0,0,0,0,0.3704,0.3079,0.6114,0.7638
13,GA,Georgia,31816,1331816,0,6091,79,1,0,3.8,0.0447,0.5224,0.4363,8.2,0.8138,1,43.4,0.9248,1,17.1,0.9524,1,10.7,0.8728,1,11.8,0.8893,1,19.5,0.8812,1,6,1,0.9102,6,0.4474,42.55359514,0.9106,4.5,0.5199,17,0.7749,14.98486377,0.5971,0.162436548,0.4374,24.9,0.908,11.11111111,0.4961,19,0.5712,6.6,0.6979,0.636,0.8431,2.651411423,0.5651,52.79488025,0.2154,9.9,0.8461,15.4,0.7037,36.95338779,0.7967,0,0,0,0,0.4467,0.5152,0.6762,0.8519
13,GA,Georgia,31820,1331820,0,8473,42,0.5,0,4.2,0.0542,0.2771,0.0759,4.6,0.112,0,34.8,0.3584,0,10.4,0.3856,0,5,0.1064,0,9.2,0.1293,0,14.1,0.2152,0,0,0,0,2.6,0.1643,5.914893617,0.0689,2.4,0.243,2.4,0.0835,8.07585053,0.144,0.441242683,0.5336,13.4,0.4479,5.54973822,0.1715,12.2,0.1727,5.5,0.51,0.2539,0.0465,4.986507629,0.6562,64.29976724,0.109,0.3,0.1442,2.2,0.3064,13.5955329,0.2081,0,0,0,0,0.2034,0.0402,0.0406,0.0013
13,GA,Georgia,31821,1331821,0,250,20,0.25,1,8,0.1772,0.2136,0.0303,10.2,0.9693,1,47.4,0.9843,1,22,0.9946,1,13.5,0.9754,1,12.6,0.9573,1,20.8,0.9408,1,6,1,0.9102,0,0,91.76029963,0.9967,0,0,0,0,11.49425287,0.3432,0,0,6.4,0.0588,0,0,7.1,0.0454,15.7,0.9896,0.2434,0.0374,0.269510047,0.0455,69.0812943,0.0722,12.7,0.9039,55,0.9882,0,0,0,0,0,0,0.2871,0.1308,0.2772,0.145
13,GA,Georgia,31822,1331822,0,5429,85,1,0,3.5,0.0393,0.5196,0.4295,6.6,0.4802,0,37.7,0.5876,0,13.2,0.7548,1,7.4,0.4245,0,10.1,0.3953,0,15.3,0.3772,0,1,0.1667,0.3497,8.6,0.6218,19.342723,0.4521,4.7,0.5454,11.1,0.5647,13.64042934,0.5036,0,0,18.1,0.7201,9.41722973,0.3908,24,0.7934,6.1,0.6163,0.5208,0.5702,1.193247621,0.3568,58.03665037,0.1668,3.3,0.4149,8.5,0.5412,25.28630325,0.5587,0,0,0,0,0.2912,0.1377,0.3718,0.307
13,GA,Georgia,31823,1331823,0,754,20,0.25,0,3.8,0.0447,0.1474,0.0114,8.1,0.7976,1,35.8,0.4297,0,14,0.8189,1,9.6,0.7675,1,10.1,0.3953,0,16.4,0.5396,0,3,0.5,0.6536,16.3,0.8847,35.93932322,0.8435,23.1,0.9846,5.3,0.2297,15.35150646,0.62,0,0,33.6,0.9698,13.13131313,0.6198,24.5,0.8076,12.8,0.9777,0.6937,0.9415,1.576679035,0.4455,59.29764263,0.155,4.4,0.5277,14.8,0.6921,5.247813411,0.0569,0,0,0,0,0.2682,0.1032,0.4274,0.4174
13,GA,Georgia,31824,1331824,0,1838,96,1,0,6.1,0.1007,0.5504,0.4971,7.1,0.5989,0,42,0.8746,1,15.5,0.9033,1,8.5,0.6098,0,11,0.719,1,17.3,0.6711,1,4,0.6667,0.7602,8,0.5872,30.26231606,0.7467,5.5,0.6383,19.2,0.8247,16.63822526,0.6994,1.706036745,0.7476,12,0.3518,11.53284672,0.5247,17,0.4434,2.7,0.1606,0.5724,0.7009,0.46148004,0.1083,54.45576187,0.1997,7.9,0.7727,55.6,0.9888,18.11377246,0.3394,0,0,0,0,0.3441,0.2432,0.5504,0.6614
13,GA,Georgia,31825,1331825,0,2312,77,1,0,6.133333333,0.1018,0.5509,0.4979,8.3,0.8276,1,43.8,0.9354,1,18.3,0.9725,1,9.6,0.7675,1,11.4,0.8207,1,17.5,0.6969,1,6,1,0.9102,13.1,0.806,34.48593822,0.8225,2.4,0.243,20,0.8407,19.09140076,0.8158,0.26560425,0.4767,17.8,0.7059,11.38790036,0.5153,26.2,0.8473,1.4,0.1031,0.6176,0.8046,0.499251261,0.1213,55.26165459,0.1922,12.1,0.8934,26.3,0.8635,24.14800389,0.526,0,0,0,0,0.3709,0.3089,0.6304,0.7923
13,GA,Georgia,31826,1331826,0,2350,20,0.25,0,3.9,0.048,0.149,0.0121,7,0.5757,0,40.9,0.8202,1,15.9,0.9198,1,8.6,0.6266,0,11.1,0.7481,1,16.9,0.6143,0,3,0.5,0.6536,9,0.6419,32.95940171,0.7969,2.7,0.2762,17.3,0.7822,22.19196732,0.8951,0,0,18.4,0.7337,16.7539267,0.7832,21.7,0.7135,2.6,0.1546,0.5777,0.7133,0.798319184,0.2309,64.26357714,0.1094,6.5,0.6972,36.3,0.94,31.52941176,0.7091,0,0,0,0,0.3838,0.3428,0.4304,0.4238
13,GA,Georgia,31827,1331827,0,2134,91,1,0,4.3,0.0563,0.5282,0.4492,8.3,0.8276,1,46,0.9731,1,20.7,0.9902,1,10.1,0.8222,1,12.1,0.9228,1,18.3,0.786,1,6,1,0.9102,21.4,0.9457,43.86289949,0.9202,10.2,0.8954,16.2,0.7536,16.35372502,0.6827,0,0,13.7,0.4673,19.76608187,0.8647,17.9,0.5,7.3,0.7914,0.6821,0.9253,0.473788083,0.1125,69.43481604,0.0699,15.6,0.9335,33.8,0.9266,28.29763247,0.6375,0,0,0,0,0.3829,0.3401,0.6562,0.8272
13,GA,Georgia,31829,1331829,0,1370,20,0.25,0,-999,-999,0.25,0.0472,5,0.1665,0,35.7,0.4217,0,11.6,0.564,0,5,0.1064,0,9.2,0.1293,0,13.3,0.1304,0,0,0,0,2.8,0.1787,4.749340369,0.0499,3.3,0.3533,5.9,0.2671,7.754442649,0.1317,0,0,13.3,0.4404,7.28929385,0.2627,19.1,0.5771,2.4,0.1423,0.2403,0.0354,1.978218123,0.5041,66.21475895,0.0935,0,0,0,0,4.458598726,0.0503,0,0,0,0,0.0926,0.0039,0.0216,0.0003
13,GA,Georgia,31830,1331830,0,2191,89,1,0,3.5,0.0393,0.5196,0.4295,8.5,0.8538,1,40.1,0.7725,1,15.9,0.9198,1,10.2,0.8312,1,11,0.719,1,18.2,0.7754,1,6,1,0.9102,18.7,0.9201,45.49163607,0.9308,6,0.6889,13.3,0.6562,8.338296605,0.1565,0.462184874,0.5399,23.2,0.8784,19.63001028,0.8615,14.1,0.2635,7,0.755,0.6651,0.8987,1.086111412,0.3257,62.85996148,0.1227,2.8,0.3601,14.3,0.6811,38.58974359,0.8167,0,0,0,0,0.3295,0.2108,0.6123,0.7653
13,GA,Georgia,31831,1331831,0,3095,78,1,0,4,0.0497,0.5248,0.4455,6.5,0.4567,0,35.6,0.415,0,12.9,0.7251,1,6.9,0.3431,0,9.7,0.256,0,14.3,0.2409,0,1,0.1667,0.3497,5,0.3652,21.28399747,0.5125,8.1,0.8276,15.8,0.7418,15.84875302,0.6527,0.097055969,0.4135,25.4,0.9148,11.92307692,0.5495,25.2,0.8251,5.5,0.51,0.6313,0.8337,0.88918807,0.2625,66.70536898,0.0902,7.8,0.7678,13.5,0.6637,10.73131955,0.141,0,0,0,0,0.275,0.1127,0.4354,0.4338
13,GA,Georgia,31832,1331832,0,217,20,0.25,1,6.2,0.1028,0.1764,0.0188,10.3,0.9718,1,39.6,0.7391,1,18.5,0.9749,1,10.8,0.8794,1,10.3,0.4679,0,15.1,0.3488,0,4,0.6667,0.7602,21.5,0.9462,36.91275168,0.8561,0,0,36.7,0.9745,25.22123894,0.9344,0,0,35.6,0.9751,19.60784314,0.861,32.9,0.9277,0,0,0.6475,0.8655,0.549503652,0.1401,33.73988391,0.4026,14.4,0.9238,23.4,0.831,12.94964029,0.191,0,0,0,0,0.3555,0.2722,0.4792,0.5224
13,GA,Georgia,31833,1331833,0,6900,71,0.75,0,3.333333333,0.0373,0.3936,0.1994,7.3,0.644,0,44.2,0.945,1,16,0.9229,1,8.7,0.6428,0,11.1,0.7481,1,17.8,0.7322,1,4,0.6667,0.7602,8.2,0.5998,34.60339943,0.8243,7.9,0.8182,15.4,0.729,17.24648409,0.7338,0,0,15.3,0.5703,8.465791292,0.3326,19.2,0.5838,6.2,0.633,0.5825,0.7253,1.660811828,0.4594,62.1005799,0.1289,16,0.9365,11.3,0.614,31.90562613,0.717,0,0,0,0,0.408,0.409,0.5235,0.6104
13,GA,Georgia,31836,1331836,0,1154,20,0.25,0,4,0.0497,0.1499,0.0122,7.9,0.7645,1,41.6,0.8556,1,17.2,0.955,1,9.5,0.7561,1,11.2,0.7745,1,17,0.6282,0,5,0.8333,0.8437,11.5,0.7537,30.53515215,0.7525,1.5,0.1686,9.5,0.4827,14.53900709,0.5666,0,0,23.6,0.8864,13.35403727,0.6323,35.3,0.9423,1.3,0.1003,0.5285,0.591,0.338445184,0.0671,67.09983532,0.0868,11.4,0.881,19.5,0.7771,14.76793249,0.2382,0,0,0,0,0.2929,0.14,0.3967,0.3547
13,GA,Georgia,31901,1331901,0,8638,96,1,0,5.825,0.0941,0.547,0.4885,7.3,0.644,0,46.2,0.9753,1,18.5,0.9749,1,10.3,0.8401,1,12.4,0.9461,1,22.9,0.9798,1,5,0.8333,0.8437,19.8,0.9321,53.21720583,0.9644,14.2,0.952,26.9,0.9303,36.93067085,0.9805,0.391689373,0.5194,20.9,0.8243,9.650516283,0.4064,11,0.1291,5,0.4216,0.706,0.9553,59.53939676,0.9645,13.01437583,0.6467,28.1,0.9771,0,0,77.5210084,0.981,0,0,0,0,0.5099,0.6725,0.74,0.9171
13,GA,Georgia,31903,1331903,0,20128,77,1,0,5.755555556,0.0909,0.5454,0.4869,7.5,0.6855,1,49,0.992,1,21,0.9915,1,10,0.8125,1,12.8,0.9659,1,22.3,0.973,1,6,1,0.9102,22,0.9499,57.29143243,0.9744,15.9,0.963,25.5,0.9179,21.93338103,0.8911,2.668470241,0.8154,22.8,0.8707,10.66804764,0.4698,12.1,0.1689,9.3,0.9237,0.7945,0.997,26.16755296,0.839,34.18012422,0.3981,28.6,0.978,3,0.3431,66.81549762,0.965,0,0,0,0,0.5033,0.6579,0.763,0.9357
13,GA,Georgia,31904,1331904,0,32871,81,1,0,5.181818182,0.0733,0.5366,0.4671,6,0.3488,0,36.9,0.5192,0,12.5,0.6807,1,7.2,0.3895,0,10.2,0.4313,0,17.6,0.7082,1,2,0.3333,0.5404,13.4,0.8153,26.53401203,0.6601,9.9,0.8883,14.7,0.7062,17.54572175,0.7485,1.447551061,0.721,19.3,0.7716,8.660351827,0.3439,14.8,0.3039,7.5,0.8126,0.6771,0.9174,18.45576544,0.798,52.15161438,0.2216,10.2,0.8535,0,0,51.95386064,0.9168,0,0,0,0,0.3986,0.3831,0.577,0.7086
13,GA,Georgia,31905,1331905,1,16044,20,0.25,1,6.1,0.1007,0.1754,0.0185,1.2,0.0073,0,28.7,0.1137,0,3,0.0081,0,2.1,0.0044,0,8.7,0.06,0,18.9,0.8376,1,1,0.1667,0.3497,2.2,0.135,24.35549525,0.6036,7.8,0.8135,1.7,0.0617,5.607342607,0.0633,0.621511923,0.5818,6.2,0.0541,9.318996416,0.3847,0.2,0.0186,11.1,0.9625,0.3679,0.2036,14.25346897,0.7692,52.51534933,0.2182,1.2,0.1975,0.4,0.1847,99.83041266,0.9943,0,0,0,0,0.3377,0.2296,0.2004,0.0586
13,GA,Georgia,31906,1331906,0,21757,69,0.75,0,5.666666667,0.0885,0.4192,0.2429,7.2,0.622,0,45.2,0.9637,1,19.1,0.9807,1,8.5,0.6098,0,11.8,0.8893,1,19.2,0.8604,1,4,0.6667,0.7602,14,0.8324,40.24990161,0.8916,14.1,0.951,12.8,0.6365,22.86550452,0.9061,0.25887574,0.4744,19.9,0.7939,7.01663872,0.2472,15.6,0.3529,7,0.755,0.6841,0.9286,42.37566584,0.9121,31.08145826,0.4293,17.2,0.9452,3.6,0.3699,57.13274336,0.9379,0,0,0,0,0.5135,0.68,0.6529,0.8234
13,GA,Georgia,31907,1331907,0,55332,65,0.75,0,5.2,0.0734,0.4117,0.2294,5.7,0.2882,0,42.3,0.887,1,15.3,0.8948,1,6.7,0.3111,0,11,0.719,1,18.2,0.7754,1,4,0.6667,0.7602,11,0.7345,32.43889528,0.7877,9.1,0.8657,11.6,0.587,15.81097414,0.6502,0.58111824,0.5717,18.9,0.7552,9.097862576,0.3712,14,0.2586,5.9,0.5819,0.6164,0.8021,31.2878465,0.8647,39.79796459,0.3437,6.5,0.6972,1.5,0.2712,44.84080189,0.8748,0,0,0,0,0.4359,0.487,0.5697,0.6968
13,GA,Georgia,31909,1331909,0,35177,61,0.75,0,4.8,0.0645,0.4072,0.2232,4.6,0.112,0,34.3,0.3284,0,9.7,0.2864,0,5.2,0.1262,0,9.5,0.1987,0,16.2,0.5096,0,0,0,0,7.5,0.5553,19.87654321,0.4689,5.4,0.6279,5.8,0.2616,16.5695254,0.6957,0.696467716,0.5994,16.7,0.6507,6.819909926,0.2363,12.3,0.1766,7.9,0.8489,0.5121,0.5479,33.45362389,0.8746,36.54174302,0.3757,4.5,0.5366,0.5,0.1976,51.38161818,0.9137,0,0,0,0,0.414,0.4257,0.2992,0.178
13,GA,Georgia,39813,1339813,0,2110,80,1,0,6.7,0.1209,0.5604,0.5193,8.4,0.8412,1,46.1,0.9742,1,19.6,0.9845,1,10.5,0.8565,1,12.3,0.9394,1,19.5,0.8812,1,6,1,0.9102,16.6,0.8904,40.15189873,0.8904,18.2,0.9731,19.9,0.8386,13.27014218,0.4752,1.044932079,0.6656,13.2,0.4337,16.60280971,0.7784,12.3,0.1766,3.1,0.1889,0.6311,0.8332,0.683378428,0.1899,35.53869189,0.3847,8.1,0.7826,27.6,0.8775,41.16899619,0.8423,0,0,0.333333333,0.6092,0.5266,0.7083,0.7428,0.919
13,GA,Georgia,39815,1339815,0,1686,93,1,0,5.9,0.0949,0.5474,0.4894,7.6,0.7055,1,41.2,0.8358,1,18.4,0.9739,1,9.4,0.7429,1,12,0.9124,1,18.2,0.7754,1,6,1,0.9102,20,0.9341,33.22510823,0.8011,4.9,0.5698,25.8,0.921,12.13662791,0.3908,1.611974669,0.7387,12,0.3518,17.46442432,0.8062,12.6,0.189,6,0.5991,0.6302,0.8315,1.244664728,0.3703,53.47240228,0.2095,4.2,0.5078,31.3,0.9093,34.03614458,0.7548,0,0,0.333333333,0.6092,0.4801,0.6035,0.7086,0.887
13,GA,Georgia,39817,1339817,0,10894,89,1,0,6.133333333,0.1018,0.5509,0.4979,6.6,0.4802,0,39.9,0.7592,1,15.2,0.8907,1,9,0.6883,1,11.5,0.8408,1,19.7,0.8931,1,5,0.8333,0.8437,15.6,0.8711,40.21540118,0.8911,6.9,0.7596,18.2,0.8035,14.55612619,0.5678,0.09556169,0.413,18,0.7151,14.47765287,0.6898,14,0.2586,7.7,0.832,0.6802,0.9229,2.855826967,0.5794,25.17592306,0.4886,7.9,0.7727,20.7,0.7946,46.31606353,0.885,0,0,0.333333333,0.6092,0.5899,0.8224,0.7717,0.9419
13,GA,Georgia,39819,1339819,0,11282,92,1,0,6.24,0.1055,0.5528,0.5028,7.2,0.622,0,36.2,0.4616,0,14.3,0.8406,1,8.5,0.6098,0,10.8,0.6526,0,17.1,0.6422,0,1,0.1667,0.3497,22.8,0.9553,30.17648761,0.7449,3.9,0.4372,15.5,0.7323,13.12476154,0.4636,0.642800633,0.5866,13.2,0.4337,9.332393042,0.3856,18.5,0.5393,5.1,0.4383,0.5717,0.6995,1.530505418,0.4369,49.44959735,0.2472,8.1,0.7826,13.7,0.668,46.89980159,0.889,0,0,0.333333333,0.6092,0.519,0.6917,0.5609,0.6805
13,GA,Georgia,39823,1339823,0,8550,93,1,0,6.9,0.1293,0.5646,0.5297,8.3,0.8276,1,43,0.9122,1,17.9,0.9667,1,10.2,0.8312,1,11.8,0.8893,1,18.9,0.8376,1,6,1,0.9102,15.2,0.863,44.38010003,0.9236,9.8,0.8861,20.2,0.8449,15.92356688,0.6576,0.041533989,0.3971,15.8,0.6011,19.08759124,0.8496,18.4,0.5328,6.8,0.7284,0.7284,0.9746,0.900710665,0.2665,41.38871383,0.3278,10,0.8487,21,0.7991,36.98953763,0.7971,0,0,0.333333333,0.6092,0.5212,0.6966,0.7778,0.9464
13,GA,Georgia,39824,1339824,0,544,86,1,1,7.7,0.163,0.5815,0.5663,10,0.9629,1,43,0.9122,1,19.3,0.9824,1,12.6,0.9571,1,11.6,0.8587,1,19.7,0.8931,1,6,1,0.9102,20.2,0.936,42.53632761,0.9104,2.9,0.2997,9.3,0.4715,11.15044248,0.318,0,0,13.2,0.4337,21.08108108,0.8881,17.8,0.494,8.1,0.8641,0.5616,0.6757,0.564620429,0.1462,31.00760097,0.4301,2.4,0.3173,17.7,0.7475,28.16326531,0.6347,0,0,0.333333333,0.6092,0.4121,0.4202,0.6431,0.8098
13,GA,Georgia,39825,1339825,0,1461,20,0.25,0,6.7,0.1209,0.1854,0.0215,7.4,0.665,0,35.4,0.4003,0,13.8,0.8042,1,9.2,0.7166,1,10.6,0.5818,0,17.8,0.7322,1,3,0.5,0.6536,12.6,0.7909,25.94631796,0.6458,8.4,0.8408,12,0.6036,11.77552898,0.3641,0,0,23.5,0.8845,5.124223602,0.153,12.4,0.1804,6.7,0.7131,0.5176,0.5621,0.966954697,0.288,20.33108567,0.5459,11.9,0.89,19.6,0.7786,34.52830189,0.7627,0,0,0.333333333,0.6092,0.5535,0.7625,0.4999,0.5646
13,GA,Georgia,39826,1339826,0,418,20,0.25,0,6,0.0974,0.1737,0.018,8.1,0.7976,1,41.2,0.8358,1,18.1,0.9697,1,9.5,0.7561,1,11.4,0.8207,1,17.2,0.6568,0,5,0.8333,0.8437,13.7,0.824,28.3062645,0.7032,1.1,0.1459,33.4,0.9647,21.15942029,0.8752,0,0,25.6,0.9171,7.065217391,0.2496,29.7,0.8983,2.1,0.1281,0.5706,0.6971,0.992286711,0.2965,28.40761579,0.4546,15.8,0.935,19.9,0.7829,38.42364532,0.8145,0,0,0,0,0.4691,0.5758,0.5336,0.6291
13,GA,Georgia,39827,1339827,0,3842,73,0.75,0,5.6,0.0846,0.4173,0.2388,7.3,0.644,0,40.8,0.8143,1,13.6,0.7898,1,10.2,0.8312,1,11,0.719,1,19.8,0.8984,1,5,0.8333,0.8437,17.5,0.9048,30.50974513,0.7522,5.5,0.6383,16,0.7475,9.51907131,0.2149,1.569148936,0.7344,12.5,0.3875,15.57165028,0.7395,15.2,0.328,6,0.5991,0.6046,0.7768,1.302833072,0.3851,32.6829126,0.4134,4.4,0.5277,40.5,0.9594,27.40094023,0.6162,0,0,0.333333333,0.6092,0.5016,0.6541,0.6284,0.7892
13,GA,Georgia,39828,1339828,0,15150,87,1,0,5.533333333,0.0833,0.5416,0.4793,7,0.5757,0,42,0.8746,1,15,0.8812,1,8.8,0.6576,0,11,0.719,1,18.3,0.786,1,4,0.6667,0.7602,18.5,0.9179,38.21562892,0.8715,3.9,0.4372,21.9,0.8737,13.96971088,0.5267,5.498907502,0.904,22.8,0.8707,16.24507227,0.7657,18,0.5067,5.2,0.4561,0.713,0.9615,1.837276861,0.4855,54.1195214,0.2031,8.1,0.7826,20.6,0.7932,43.67100547,0.8657,0,0,0.333333333,0.6092,0.5342,0.7238,0.7312,0.9091
13,GA,Georgia,39834,1339834,0,2138,91,1,0,5.9,0.0949,0.5474,0.4894,7.7,0.7262,1,36.1,0.4532,0,14.8,0.8702,1,9.5,0.7561,1,10.8,0.6526,0,17.4,0.6837,1,4,0.6667,0.7602,13.5,0.8182,36.68639053,0.8532,2.7,0.2762,16.6,0.7642,18.68811881,0.7991,0,0,18.1,0.7201,18.58902576,0.8377,17.9,0.5,10.2,0.9477,0.6516,0.8729,1.011454149,0.3023,44.38828731,0.2988,10.4,0.8589,36.2,0.9393,20.52752294,0.4148,0,0,0.333333333,0.6092,0.489,0.6242,0.6867,0.864
13,GA,Georgia,39836,1339836,0,461,96,1,0,8.6,0.2074,0.6037,0.6081,11.8,0.9923,1,47.3,0.9837,1,23.8,0.9977,1,14.6,0.9879,1,12.2,0.9313,1,18.8,0.8293,1,6,1,0.9102,24.9,0.9669,55.78947368,0.9711,17.4,0.9704,21.3,0.8644,0,0,0,0,5.6,0.0433,0,0,19.3,0.5897,4.6,0.3594,0.4765,0.4552,0.374350613,0.0788,53.54794293,0.2088,0,0,16.7,0.7299,46.59090909,0.8871,0,0,0,0,0.2721,0.1089,0.5206,0.6038
13,GA,Georgia,39837,1339837,0,6166,82,1,0,6.4,0.1087,0.5544,0.5049,7.9,0.7645,1,38.6,0.6637,0,15.3,0.8948,1,9.4,0.7429,1,10.9,0.6871,1,17.4,0.6837,1,5,0.8333,0.8437,13.8,0.8269,32.89667595,0.7958,7.9,0.8182,20.7,0.8539,16.96696697,0.7183,0,0,13.4,0.4479,11.59936659,0.5286,22.4,0.7414,5.7,0.5455,0.6276,0.8257,1.219471417,0.3644,22.10917963,0.5233,11,0.8731,25.5,0.855,33.38479352,0.7444,0,0,0.333333333,0.6092,0.5671,0.7861,0.7401,0.9172
13,GA,Georgia,39840,1339840,0,5726,83,1,0,8.5,0.2048,0.6024,0.607,9.7,0.951,1,48.1,0.9883,1,21.8,0.994,1,12.3,0.9495,1,12.7,0.9618,1,20.1,0.9141,1,6,1,0.9102,12.1,0.7749,51.57465008,0.9585,3.9,0.4372,27,0.9309,14.43793287,0.5601,0,0,16.8,0.6566,9.48044992,0.3954,21.1,0.6859,6.8,0.7284,0.6128,0.794,0.557794895,0.1432,49.16851734,0.2499,12.5,0.9009,21.9,0.8115,46.14181439,0.8841,0,0,0,0,0.4271,0.4619,0.6933,0.8712
13,GA,Georgia,39841,1339841,0,878,87,1,0,6.2,0.1028,0.5514,0.5,8.1,0.7976,1,43.9,0.9381,1,19,0.9797,1,9.5,0.7561,1,11.3,0.7987,1,17.4,0.6837,1,6,1,0.9102,11.7,0.7608,32.87671233,0.7952,0.7,0.1284,16.4,0.7584,34.87084871,0.9765,0,0,24.6,0.9037,21.69117647,0.8964,32.7,0.926,3.9,0.2673,0.6413,0.8534,0.825868196,0.2401,28.19492143,0.4567,22.1,0.965,44,0.9707,12.68436578,0.1844,0,0,0.333333333,0.6092,0.4894,0.6251,0.7222,0.9007
13,GA,Georgia,39842,1339842,0,8357,94,1,0,6.36,0.1083,0.5542,0.5046,8.1,0.7976,1,44,0.9405,1,18.9,0.979,1,10.5,0.8565,1,12.4,0.9461,1,19.7,0.8931,1,6,1,0.9102,17.2,0.9004,45.2688172,0.9292,8.4,0.8408,22.4,0.8815,13.69272237,0.5071,0.165654335,0.4384,13.5,0.4541,13.13893654,0.6204,17.2,0.4564,6.8,0.7284,0.6757,0.9151,0.882291049,0.2595,41.61599075,0.3259,11.6,0.8847,14.2,0.6792,47.50931887,0.8931,0,0,0.333333333,0.6092,0.5217,0.6978,0.7569,0.9314
13,GA,Georgia,39845,1339845,0,7871,90,1,0,7.24,0.1438,0.5719,0.5459,8.2,0.8138,1,37.4,0.5626,0,15.9,0.9198,1,9.7,0.7788,1,10.8,0.6526,0,17.3,0.6711,1,4,0.6667,0.7602,16.5,0.8885,31.53189218,0.7717,5.9,0.6796,13.4,0.6602,15.89639411,0.6559,0.318603685,0.4953,17.9,0.7109,10.58259587,0.4642,22.3,0.7375,5.1,0.4383,0.6502,0.8708,1.187707798,0.3553,18.23390286,0.572,11.2,0.8776,29.6,0.8953,35.77586207,0.7804,0,0,0.333333333,0.6092,0.5843,0.8144,0.7478,0.9235
13,GA,Georgia,39846,1339846,0,2440,80,1,0,7.466666667,0.1525,0.5762,0.5547,9.3,0.9289,1,46.3,0.9764,1,20.1,0.9875,1,11.6,0.9237,1,12.6,0.9573,1,20.2,0.9186,1,6,1,0.9102,16.8,0.894,56.83491062,0.9733,12.5,0.9337,26.5,0.927,15.17290049,0.6086,2.06185567,0.7786,19.9,0.7939,15.20119225,0.7227,24.3,0.8024,6.8,0.7284,0.8163,0.9985,0.654277789,0.1791,36.597459,0.375,7.1,0.734,32.7,0.9198,30.63291139,0.6909,0,0,0.333333333,0.6092,0.5011,0.6526,0.779,0.9476
13,GA,Georgia,39851,1339851,0,2388,89,1,0,8.4,0.1987,0.5994,0.6018,10.7,0.9807,1,46.2,0.9753,1,23.4,0.9971,1,13.2,0.9702,1,12.6,0.9573,1,19.3,0.8671,1,6,1,0.9102,13.5,0.8182,55.64202335,0.9707,18.6,0.9741,21,0.8599,27.36044108,0.9504,0,0,20.5,0.8125,4.402515723,0.1258,28,0.8783,3.5,0.225,0.6615,0.8927,0.50389995,0.1229,50.64649519,0.2355,13.8,0.9174,38.7,0.9521,33.44827586,0.7454,0,0,0,0,0.4248,0.4556,0.7151,0.8937
13,GA,Georgia,39854,1339854,0,2592,85,1,0,9.4,0.249,0.6245,0.6465,10,0.9629,1,41.3,0.841,1,19.2,0.9816,1,12.2,0.9463,1,11.7,0.8748,1,17.9,0.7441,1,6,1,0.9102,24,0.9627,31.61397671,0.7733,5.8,0.6688,33.4,0.9647,12.71585557,0.4334,1.294065149,0.703,18.7,0.7473,9.197860963,0.3771,23,0.763,6.8,0.7284,0.7122,0.9609,0.527472846,0.132,60.56389484,0.1432,10,0.8487,56.5,0.9899,25.54660529,0.5661,0,0,0,0,0.3828,0.3398,0.7144,0.8929
13,GA,Georgia,39859,1339859,0,1281,20,0.25,0,7.066666667,0.1366,0.1933,0.0242,8.2,0.8138,1,36.1,0.4532,0,15.3,0.8948,1,9.5,0.7561,1,10.6,0.5818,0,16.7,0.5852,0,3,0.5,0.6536,15.4,0.8669,44.15584416,0.9221,8.3,0.8369,14.7,0.7062,16.8797954,0.7139,0.213675214,0.4578,16.5,0.6398,5.509641873,0.1699,22.6,0.7491,6.5,0.6827,0.6745,0.9132,1.19174255,0.3565,13.95451903,0.6309,1.2,0.1975,35.3,0.9346,23.67149758,0.5112,0,0,0.333333333,0.6092,0.4628,0.5586,0.5374,0.6371
13,GA,Georgia,39861,1339861,0,1003,91,1,0,7.5,0.153,0.5765,0.555,9.4,0.9344,1,41.8,0.8647,1,18.4,0.9739,1,11.6,0.9237,1,11.3,0.7987,1,19,0.8449,1,6,1,0.9102,25,0.9674,49.16356877,0.9496,14,0.9498,21.9,0.8737,16.97038724,0.7185,0,0,17.9,0.7109,22.22222222,0.9038,22.6,0.7491,4.8,0.3895,0.7212,0.9686,1.182408474,0.3537,21.58229937,0.5302,17.5,0.9471,39,0.9536,42.80155642,0.8582,0,0,0,0,0.5204,0.6949,0.7822,0.9499
13,GA,Georgia,39862,1339862,0,1326,20,0.25,0,6.6,0.1161,0.183,0.0207,8.1,0.7976,1,42.6,0.8983,1,18.2,0.9714,1,9.8,0.7902,1,11.4,0.8207,1,17.2,0.6568,0,5,0.8333,0.8437,11.5,0.7537,26.27484875,0.6542,4.5,0.5199,15.4,0.729,18.92189219,0.8098,0.265017668,0.4765,21.5,0.8414,20.23809524,0.8744,37.1,0.9515,4.1,0.2904,0.6901,0.9367,0.560415812,0.1443,41.01411772,0.3315,8.7,0.8067,26.6,0.8666,34.27419355,0.7589,0,0,0.333333333,0.6092,0.5025,0.6561,0.6143,0.7681
13,GA,Georgia,39866,1339866,0,2122,86,1,0,6.8,0.1234,0.5617,0.5212,5.3,0.2126,0,46,0.9731,1,13,0.736,1,6.7,0.3111,0,9.4,0.173,0,17.9,0.7441,1,3,0.5,0.6536,27.2,0.9753,61.32930514,0.9814,0.7,0.1284,34.8,0.9692,14.80144404,0.5845,2.261190586,0.7916,19.3,0.7716,22.22222222,0.9038,5.5,0.0325,0.8,0.0876,0.6226,0.8143,0.664973281,0.1835,38.50827088,0.3565,10.9,0.8709,27.1,0.8724,23.91304348,0.5187,0,0,0.333333333,0.6092,0.4873,0.6198,0.6522,0.8223
13,GA,Georgia,39867,1339867,0,321,92,1,0,8.95,0.2261,0.613,0.6263,11.5,0.99,1,44.9,0.9587,1,23.7,0.9975,1,13.9,0.9812,1,11.9,0.9011,1,17.9,0.7441,1,6,1,0.9102,23,0.9566,50.51334702,0.9551,12.7,0.9362,23.8,0.8989,15.82914573,0.6511,0,0,21.1,0.8304,9.090909091,0.37,27.1,0.8644,4.3,0.3166,0.6779,0.9187,0.26409696,0.044,63.19131204,0.1191,2.7,0.3494,42.2,0.9652,15.93406593,0.2721,0,0,0,0,0.25,0.0817,0.6342,0.7977
13,GA,Georgia,39870,1339870,0,2238,92,1,0,6.5,0.1139,0.557,0.5118,7.7,0.7262,1,42.6,0.8983,1,17.4,0.9588,1,9.5,0.7561,1,11.5,0.8408,1,18.5,0.8042,1,6,1,0.9102,14.6,0.8481,41.88345473,0.905,4.3,0.494,18,0.7994,22.78067885,0.9047,1.082251082,0.6714,20.7,0.8182,16.35581062,0.7702,19.1,0.5771,3.9,0.2673,0.7055,0.9549,0.762497581,0.218,31.43107844,0.4264,8.6,0.8029,31.8,0.9132,35.22595597,0.7731,0,0,0.333333333,0.6092,0.5347,0.725,0.7755,0.9449
13,GA,Georgia,39877,1339877,0,500,20,0.25,0,6.1,0.1007,0.1754,0.0185,8.8,0.8878,1,39.3,0.7178,1,16.9,0.9482,1,10.1,0.8222,1,11,0.719,1,16.8,0.5996,0,5,0.8333,0.8437,6.5,0.4862,29.3768546,0.7264,1.4,0.1621,19.8,0.8366,30.52959502,0.9651,0,0,22.8,0.8707,15.32846715,0.7288,45.1,0.9752,3.3,0.2065,0.5958,0.7566,0.556463379,0.1425,44.7126797,0.2952,1,0.1816,30.9,0.9062,19.17098446,0.3739,0,0,0,0,0.2713,0.108,0.4317,0.4264
13,GA,Georgia,39885,1339885,0,76,99,1,0,6.6,0.1161,0.558,0.5157,7.7,0.7262,1,36,0.4464,0,13.5,0.7813,1,8.8,0.6576,0,10.4,0.5077,0,16.9,0.6143,0,2,0.3333,0.5404,6,0.4474,23.80952381,0.5882,0,0,28.8,0.9432,25.92592593,0.9409,0,0,20.2,0.8039,23.07692308,0.9145,32.1,0.9211,3.6,0.2353,0.5794,0.7174,4.650855179,0.6474,17.19834711,0.5858,0,0,7,0.4959,23.52941176,0.5074,0,0,0,0,0.3195,0.19,0.4909,0.5454
13,GA,Georgia,39886,1339886,0,1616,85,1,0,7,0.1321,0.566,0.5335,8.5,0.8538,1,45.5,0.9677,1,18.4,0.9739,1,10.6,0.8648,1,11.9,0.9011,1,18.7,0.8217,1,6,1,0.9102,16.6,0.8904,36.6751269,0.853,14.6,0.9548,19.8,0.8366,21.08786611,0.8739,0,0,17.7,0.7013,12.20735786,0.5667,19.5,0.602,1.8,0.1165,0.6395,0.8498,0.442627259,0.1018,36.40948892,0.3769,16.5,0.9407,22.6,0.8206,37.15220949,0.7991,0,0,0.333333333,0.6092,0.5212,0.6966,0.7475,0.9232
13,GA,Georgia,39897,1339897,0,3430,50,0.75,0,5.7,0.0893,0.4197,0.2461,7.8,0.7465,1,39,0.6954,1,14.7,0.8647,1,9.1,0.7023,1,10.5,0.545,0,16.8,0.5996,0,4,0.6667,0.7602,23.5,0.9601,28.06081622,0.6971,8.8,0.856,17,0.7749,12.91499453,0.4482,0,0,25.4,0.9148,17.35800893,0.8033,17.2,0.4564,5.5,0.51,0.6421,0.8552,0.918401641,0.2724,39.49163046,0.3467,3.4,0.4265,37.9,0.9489,20.81481481,0.4237,0,0,0.333333333,0.6092,0.4325,0.4779,0.5848,0.7204
